{
  "obstacles": {
    "cubes": [
      {
        "position": [
            1.5,
            0.0,
            0.5
        ],
        "scale": [
            0.5,
            2.0,
            0.03
        ],
        "s_pos": [
            0.0,
            0.0,
            0.1
        ],
        "s_scale": [
            0.0,
            0.0,
            0.0
        ]
      }
    ],
    "cylinders": [
      {
        "repeat": 4,
        "position": [
            1.1,
            0.0,
            0.5
        ],
        "s_pos": [
            0.1,
            0.25,
            0.0
        ],
        "radius": 0.05,
        "heigth": 0.3,
        "s_scale":[0.03, 0.2]
      }
    ]
  },
  "target":[
    [
        0.024980008602142334,
        0.0,
        0.0,
        1.1534894704818726
    ],
    [
        0.0,
        -0.024980008602142334,
        -2.1838217900693735e-09,
        -0.001123561873100698
    ],
    [
        0.0,
        2.1838217900693735e-09,
        -0.024980008602142334,
        0.6583824157714844
    ],
    [
        0.0,
        0.0,
        0.0,
        1.0
    ]
  ],
  "robot_base":
  {
    "position": [
        0.0,
        0.0,
        0.0
    ],
    "orientation": [
        0.0,
        0.0,
        0.0
    ],
    "s_position": [
        0.0,
        0.5,
        0.0
    ],
    "s_orientation": [
        0.0,
        0.0,
        0.0
    ]
  }
}



