{
    "cubes": [
        {
            "position": [
                1.5,
                0.0,
                0.5760970473897654
            ],
            "scale": [
                0.5,
                2.0,
                0.03
            ]
        }
    ],
    "cylinders": [
        {
            "position": [
                1.1068603502303367,
                0.22305238418311701,
                0.5
            ],
            "radius": 0.07872882248634078,
            "heigth": 0.3946826274334142
        },
        {
            "position": [
                1.0022351232200408,
                0.10952091969087435,
                0.5
            ],
            "radius": 0.03670030205117121,
            "heigth": 0.15314392929278514
        },
        {
            "position": [
                1.0734057921773952,
                0.23354960063606883,
                0.5
            ],
            "radius": 0.06958048578586006,
            "heigth": 0.2176369751344734
        },
        {
            "position": [
                1.0236426589713983,
                -0.20750647722771548,
                0.5
            ],
            "radius": 0.037574063755751036,
            "heigth": 0.3166996772545997
        }
    ],
    "target": [
        [
            1.0,
            0.0,
            0.0,
            1.1534894704818726
        ],
        [
            0.0,
            -0.9999999999999961,
            -8.742277974564334e-08,
            -0.001123561873100698
        ],
        [
            0.0,
            8.742277974564332e-08,
            -0.9999999999999961,
            0.6583824157714844
        ],
        [
            0.0,
            0.0,
            0.0,
            1.0
        ]
    ],
    "robot_base": [
        [
            1.0,
            0.0,
            0.0,
            0.0
        ],
        [
            0.0,
            1.0,
            0.0,
            -0.08842468660453384
        ],
        [
            0.0,
            0.0,
            1.0,
            0.0
        ],
        [
            0.0,
            0.0,
            0.0,
            1.0
        ]
    ]
}