{
    "cubes": [
        {
            "position": [
                1.5,
                0.0,
                0.5191828841705556
            ],
            "scale": [
                0.5,
                2.0,
                0.03
            ]
        }
    ],
    "cylinders": [
        {
            "position": [
                1.1088411441625285,
                0.2190461566845618,
                0.5
            ],
            "radius": 0.05324218099369574,
            "heigth": 0.20857155522803097
        },
        {
            "position": [
                1.1252400442761177,
                0.20575256158067173,
                0.5
            ],
            "radius": 0.07873344595409963,
            "heigth": 0.13385445852706862
        },
        {
            "position": [
                1.116998714731752,
                -0.11556310330070352,
                0.5
            ],
            "radius": 0.044314239508448705,
            "heigth": 0.10022269919125734
        },
        {
            "position": [
                1.0309236066480143,
                -0.10801634009576394,
                0.5
            ],
            "radius": 0.07172598428204448,
            "heigth": 0.32582548749758844
        }
    ],
    "target": [
        [
            1.0,
            0.0,
            0.0,
            1.1534894704818726
        ],
        [
            0.0,
            -0.9999999999999961,
            -8.742277974564334e-08,
            -0.001123561873100698
        ],
        [
            0.0,
            8.742277974564332e-08,
            -0.9999999999999961,
            0.6583824157714844
        ],
        [
            0.0,
            0.0,
            0.0,
            1.0
        ]
    ],
    "robot_base": [
        [
            1.0,
            0.0,
            0.0,
            0.0
        ],
        [
            0.0,
            1.0,
            0.0,
            0.4118093754561837
        ],
        [
            0.0,
            0.0,
            1.0,
            0.0
        ],
        [
            0.0,
            0.0,
            0.0,
            1.0
        ]
    ]
}