{
    "cubes": [
        {
            "position": [
                1.5,
                0.0,
                0.556448489973775
            ],
            "scale": [
                0.5,
                2.0,
                0.03
            ]
        }
    ],
    "cylinders": [
        {
            "position": [
                1.1903279620774674,
                -0.2307731857474402,
                0.5
            ],
            "radius": 0.049170553410202184,
            "heigth": 0.22104641264895092
        },
        {
            "position": [
                1.002930992129539,
                0.10454660631258905,
                0.5
            ],
            "radius": 0.07543206861209964,
            "heigth": 0.10122440347213588
        },
        {
            "position": [
                1.1673619196654115,
                0.09208639637996685,
                0.5
            ],
            "radius": 0.058677587498219275,
            "heigth": 0.15808010787567162
        },
        {
            "position": [
                1.1935252414698219,
                0.24628087722236974,
                0.5
            ],
            "radius": 0.05370619668876925,
            "heigth": 0.3446818544836535
        }
    ],
    "target": [
        [
            1.0,
            0.0,
            0.0,
            1.1534894704818726
        ],
        [
            0.0,
            -0.9999999999999961,
            -8.742277974564334e-08,
            -0.001123561873100698
        ],
        [
            0.0,
            8.742277974564332e-08,
            -0.9999999999999961,
            0.6583824157714844
        ],
        [
            0.0,
            0.0,
            0.0,
            1.0
        ]
    ],
    "robot_base": [
        [
            1.0,
            0.0,
            0.0,
            0.0
        ],
        [
            0.0,
            1.0,
            0.0,
            -0.35687689303909054
        ],
        [
            0.0,
            0.0,
            1.0,
            0.0
        ],
        [
            0.0,
            0.0,
            0.0,
            1.0
        ]
    ]
}