{
    "cubes": [
        {
            "position": [
                1.5,
                0.0,
                0.5460718726148415
            ],
            "scale": [
                0.5,
                2.0,
                0.03
            ]
        }
    ],
    "cylinders": [
        {
            "position": [
                1.1470259116911683,
                -0.019299810465727152,
                0.5
            ],
            "radius": 0.05623993831693828,
            "heigth": 0.13201536385686444
        },
        {
            "position": [
                1.032079228042959,
                -0.06129123477136328,
                0.5
            ],
            "radius": 0.04878476630436043,
            "heigth": 0.36714675142742476
        },
        {
            "position": [
                1.1899402973563153,
                0.21960000300742932,
                0.5
            ],
            "radius": 0.06493132280172059,
            "heigth": 0.35051208887866986
        },
        {
            "position": [
                1.1545039352885575,
                -0.18939756960229848,
                0.5
            ],
            "radius": 0.06043552685215893,
            "heigth": 0.14894177813150333
        }
    ],
    "target": [
        [
            1.0,
            0.0,
            0.0,
            1.1534894704818726
        ],
        [
            0.0,
            -0.9999999999999961,
            -8.742277974564334e-08,
            -0.001123561873100698
        ],
        [
            0.0,
            8.742277974564332e-08,
            -0.9999999999999961,
            0.6583824157714844
        ],
        [
            0.0,
            0.0,
            0.0,
            1.0
        ]
    ],
    "robot_base": [
        [
            1.0,
            0.0,
            0.0,
            0.0
        ],
        [
            0.0,
            1.0,
            0.0,
            0.15335561914801776
        ],
        [
            0.0,
            0.0,
            1.0,
            0.0
        ],
        [
            0.0,
            0.0,
            0.0,
            1.0
        ]
    ]
}