{
    "cubes": [
        {
            "position": [
                1.5,
                0.0,
                0.5831314021280961
            ],
            "scale": [
                0.5,
                2.0,
                0.03
            ]
        }
    ],
    "cylinders": [
        {
            "position": [
                1.159858814551567,
                -0.05222438768906973,
                0.5
            ],
            "radius": 0.07302599038876276,
            "heigth": 0.1145092837572647
        },
        {
            "position": [
                1.185559977867871,
                0.17733748558130502,
                0.5
            ],
            "radius": 0.028255148323617633,
            "heigth": 0.16719068094819234
        },
        {
            "position": [
                1.0779675201103305,
                -0.15810039260196518,
                0.5
            ],
            "radius": 0.045768924095632865,
            "heigth": 0.45233815426588486
        },
        {
            "position": [
                1.0428899441969097,
                0.13294601092489344,
                0.5
            ],
            "radius": 0.05426216453087149,
            "heigth": 0.12847785113565877
        }
    ],
    "target": [
        [
            1.0,
            0.0,
            0.0,
            1.1534894704818726
        ],
        [
            0.0,
            -0.9999999999999961,
            -8.742277974564334e-08,
            -0.001123561873100698
        ],
        [
            0.0,
            8.742277974564332e-08,
            -0.9999999999999961,
            0.6583824157714844
        ],
        [
            0.0,
            0.0,
            0.0,
            1.0
        ]
    ],
    "robot_base": [
        [
            1.0,
            0.0,
            0.0,
            0.0
        ],
        [
            0.0,
            1.0,
            0.0,
            -0.2705578335337365
        ],
        [
            0.0,
            0.0,
            1.0,
            0.0
        ],
        [
            0.0,
            0.0,
            0.0,
            1.0
        ]
    ]
}