{
    "cubes": [
        {
            "position": [
                1.5,
                0.0,
                0.4898730261244539
            ],
            "scale": [
                0.5,
                2.0,
                0.03
            ]
        }
    ],
    "cylinders": [
        {
            "position": [
                1.0911817186803383,
                0.15019916496983865,
                0.5
            ],
            "radius": 0.02827542798968653,
            "heigth": 0.3550636592308058
        },
        {
            "position": [
                1.187879627364294,
                0.19780358745804666,
                0.5
            ],
            "radius": 0.04528669107267827,
            "heigth": 0.4081440461315944
        },
        {
            "position": [
                1.045992719131294,
                -0.061072534845046156,
                0.5
            ],
            "radius": 0.047399547187162286,
            "heigth": 0.24977216678227138
        },
        {
            "position": [
                1.0252046679628375,
                -0.14411019168730932,
                0.5
            ],
            "radius": 0.06147635852284247,
            "heigth": 0.11455312971533191
        }
    ],
    "target": [
        [
            1.0,
            0.0,
            0.0,
            1.1534894704818726
        ],
        [
            0.0,
            -0.9999999999999961,
            -8.742277974564334e-08,
            -0.001123561873100698
        ],
        [
            0.0,
            8.742277974564332e-08,
            -0.9999999999999961,
            0.6583824157714844
        ],
        [
            0.0,
            0.0,
            0.0,
            1.0
        ]
    ],
    "robot_base": [
        [
            1.0,
            0.0,
            0.0,
            0.0
        ],
        [
            0.0,
            1.0,
            0.0,
            -0.20402124502903274
        ],
        [
            0.0,
            0.0,
            1.0,
            0.0
        ],
        [
            0.0,
            0.0,
            0.0,
            1.0
        ]
    ]
}