{
    "cubes": [
        {
            "position": [
                1.5,
                0.0,
                0.4052963145340994
            ],
            "scale": [
                0.5,
                2.0,
                0.03
            ]
        }
    ],
    "cylinders": [
        {
            "position": [
                1.0106482857761276,
                0.0537222729119311,
                0.5
            ],
            "radius": 0.06323264417788206,
            "heigth": 0.2985884898917317
        },
        {
            "position": [
                1.0502028395659437,
                0.17869123201661036,
                0.5
            ],
            "radius": 0.02620300150641544,
            "heigth": 0.4596083272842105
        },
        {
            "position": [
                1.191741632780182,
                0.18034851708445698,
                0.5
            ],
            "radius": 0.03835192192479477,
            "heigth": 0.13334247553380288
        },
        {
            "position": [
                1.1165932732309705,
                -0.20716765380838853,
                0.5
            ],
            "radius": 0.05066066964819885,
            "heigth": 0.2620948439560888
        }
    ],
    "target": [
        [
            1.0,
            0.0,
            0.0,
            1.1534894704818726
        ],
        [
            0.0,
            -0.9999999999999961,
            -8.742277974564334e-08,
            -0.001123561873100698
        ],
        [
            0.0,
            8.742277974564332e-08,
            -0.9999999999999961,
            0.6583824157714844
        ],
        [
            0.0,
            0.0,
            0.0,
            1.0
        ]
    ],
    "robot_base": [
        [
            1.0,
            0.0,
            0.0,
            0.0
        ],
        [
            0.0,
            1.0,
            0.0,
            -0.2784784792604522
        ],
        [
            0.0,
            0.0,
            1.0,
            0.0
        ],
        [
            0.0,
            0.0,
            0.0,
            1.0
        ]
    ]
}