{
    "cubes": [
        {
            "position": [
                1.5,
                0.0,
                0.4036105282552597
            ],
            "scale": [
                0.5,
                2.0,
                0.03
            ]
        }
    ],
    "cylinders": [
        {
            "position": [
                1.1493689926808563,
                -0.1507062999121085,
                0.5
            ],
            "radius": 0.028651953413815066,
            "heigth": 0.42378731055133173
        },
        {
            "position": [
                1.0387443533546454,
                -0.23727495010971678,
                0.5
            ],
            "radius": 0.07114398984927847,
            "heigth": 0.3465531451167726
        },
        {
            "position": [
                1.0084753005228062,
                -0.1418696347456916,
                0.5
            ],
            "radius": 0.05400133598312279,
            "heigth": 0.35988311884729496
        },
        {
            "position": [
                1.0307046887740499,
                0.03424944644452915,
                0.5
            ],
            "radius": 0.05033336989639288,
            "heigth": 0.2693365557029317
        }
    ],
    "target": [
        [
            1.0,
            0.0,
            0.0,
            1.1534894704818726
        ],
        [
            0.0,
            -0.9999999999999961,
            -8.742277974564334e-08,
            -0.001123561873100698
        ],
        [
            0.0,
            8.742277974564332e-08,
            -0.9999999999999961,
            0.6583824157714844
        ],
        [
            0.0,
            0.0,
            0.0,
            1.0
        ]
    ],
    "robot_base": [
        [
            1.0,
            0.0,
            0.0,
            0.0
        ],
        [
            0.0,
            1.0,
            0.0,
            0.06486219110271019
        ],
        [
            0.0,
            0.0,
            1.0,
            0.0
        ],
        [
            0.0,
            0.0,
            0.0,
            1.0
        ]
    ]
}