{
    "cubes": [
        {
            "position": [
                1.5,
                0.0,
                0.5857519595778002
            ],
            "scale": [
                0.5,
                2.0,
                0.03
            ]
        }
    ],
    "cylinders": [
        {
            "position": [
                1.1806106912800596,
                -0.24755914643751814,
                0.5
            ],
            "radius": 0.04999997722235311,
            "heigth": 0.11496552032879956
        },
        {
            "position": [
                1.0641776912394614,
                0.07606081737611059,
                0.5
            ],
            "radius": 0.050881406616891445,
            "heigth": 0.2728869675455823
        },
        {
            "position": [
                1.058050994355729,
                -0.22114298737504545,
                0.5
            ],
            "radius": 0.033191448962585766,
            "heigth": 0.43337147844529844
        },
        {
            "position": [
                1.057351766214216,
                0.12103448273660505,
                0.5
            ],
            "radius": 0.030263605576999517,
            "heigth": 0.18169617561973997
        }
    ],
    "target": [
        [
            1.0,
            0.0,
            0.0,
            1.1534894704818726
        ],
        [
            0.0,
            -0.9999999999999961,
            -8.742277974564334e-08,
            -0.001123561873100698
        ],
        [
            0.0,
            8.742277974564332e-08,
            -0.9999999999999961,
            0.6583824157714844
        ],
        [
            0.0,
            0.0,
            0.0,
            1.0
        ]
    ],
    "robot_base": [
        [
            1.0,
            0.0,
            0.0,
            0.0
        ],
        [
            0.0,
            1.0,
            0.0,
            0.42686973072615697
        ],
        [
            0.0,
            0.0,
            1.0,
            0.0
        ],
        [
            0.0,
            0.0,
            0.0,
            1.0
        ]
    ]
}