{
    "cubes": [
        {
            "position": [
                1.5,
                0.0,
                0.5262830319677384
            ],
            "scale": [
                0.5,
                2.0,
                0.03
            ]
        }
    ],
    "cylinders": [
        {
            "position": [
                1.0828987211738765,
                0.0577744345386475,
                0.5
            ],
            "radius": 0.05367291986532393,
            "heigth": 0.1015382408546716
        },
        {
            "position": [
                1.0434050713569594,
                0.08156487014866165,
                0.5
            ],
            "radius": 0.041219289948098155,
            "heigth": 0.29816076476539355
        },
        {
            "position": [
                1.0044083846710656,
                -0.23609271041276197,
                0.5
            ],
            "radius": 0.04209037707086907,
            "heigth": 0.35931787456668224
        },
        {
            "position": [
                1.1763521157028771,
                0.22277481260025261,
                0.5
            ],
            "radius": 0.06469754057358149,
            "heigth": 0.3955959613569883
        }
    ],
    "target": [
        [
            1.0,
            0.0,
            0.0,
            1.1534894704818726
        ],
        [
            0.0,
            -0.9999999999999961,
            -8.742277974564334e-08,
            -0.001123561873100698
        ],
        [
            0.0,
            8.742277974564332e-08,
            -0.9999999999999961,
            0.6583824157714844
        ],
        [
            0.0,
            0.0,
            0.0,
            1.0
        ]
    ],
    "robot_base": [
        [
            1.0,
            0.0,
            0.0,
            0.0
        ],
        [
            0.0,
            1.0,
            0.0,
            -0.06669185956208545
        ],
        [
            0.0,
            0.0,
            1.0,
            0.0
        ],
        [
            0.0,
            0.0,
            0.0,
            1.0
        ]
    ]
}