{
    "cubes": [
        {
            "position": [
                1.5,
                0.0,
                0.587405494774732
            ],
            "scale": [
                0.5,
                2.0,
                0.03
            ]
        }
    ],
    "cylinders": [
        {
            "position": [
                1.1006328034646213,
                0.24298171219914644,
                0.5
            ],
            "radius": 0.053549350558698035,
            "heigth": 0.3281079714987779
        },
        {
            "position": [
                1.0031845975813636,
                -0.1156324501682846,
                0.5
            ],
            "radius": 0.034641568474149495,
            "heigth": 0.12475240925435901
        },
        {
            "position": [
                1.0876620837938964,
                0.23724408049878826,
                0.5
            ],
            "radius": 0.020571993197111556,
            "heigth": 0.1824467198912748
        },
        {
            "position": [
                1.0172097694596856,
                -0.024059933723404092,
                0.5
            ],
            "radius": 0.037000655893602685,
            "heigth": 0.12392809592604134
        }
    ],
    "target": [
        [
            1.0,
            0.0,
            0.0,
            1.1534894704818726
        ],
        [
            0.0,
            -0.9999999999999961,
            -8.742277974564334e-08,
            -0.001123561873100698
        ],
        [
            0.0,
            8.742277974564332e-08,
            -0.9999999999999961,
            0.6583824157714844
        ],
        [
            0.0,
            0.0,
            0.0,
            1.0
        ]
    ],
    "robot_base": [
        [
            1.0,
            0.0,
            0.0,
            0.0
        ],
        [
            0.0,
            1.0,
            0.0,
            -0.03430659560745586
        ],
        [
            0.0,
            0.0,
            1.0,
            0.0
        ],
        [
            0.0,
            0.0,
            0.0,
            1.0
        ]
    ]
}