{
    "cubes": [
        {
            "position": [
                1.5,
                0.0,
                0.4816227466330294
            ],
            "scale": [
                0.5,
                2.0,
                0.03
            ]
        }
    ],
    "cylinders": [
        {
            "position": [
                1.0220184203816207,
                0.1207567625046701,
                0.5
            ],
            "radius": 0.038420446954934934,
            "heigth": 0.12445342711765417
        },
        {
            "position": [
                1.0693213263202224,
                -0.2466336355791403,
                0.5
            ],
            "radius": 0.05548709709628086,
            "heigth": 0.19794258141037635
        },
        {
            "position": [
                1.0264809776705537,
                0.24912298126310267,
                0.5
            ],
            "radius": 0.025969057321582466,
            "heigth": 0.1109333737622716
        },
        {
            "position": [
                1.1987758745408492,
                0.12303630162901369,
                0.5
            ],
            "radius": 0.07583643387599537,
            "heigth": 0.1657473502789621
        }
    ],
    "target": [
        [
            1.0,
            0.0,
            0.0,
            1.1534894704818726
        ],
        [
            0.0,
            -0.9999999999999961,
            -8.742277974564334e-08,
            -0.001123561873100698
        ],
        [
            0.0,
            8.742277974564332e-08,
            -0.9999999999999961,
            0.6583824157714844
        ],
        [
            0.0,
            0.0,
            0.0,
            1.0
        ]
    ],
    "robot_base": [
        [
            1.0,
            0.0,
            0.0,
            0.0
        ],
        [
            0.0,
            1.0,
            0.0,
            -0.1458006233711514
        ],
        [
            0.0,
            0.0,
            1.0,
            0.0
        ],
        [
            0.0,
            0.0,
            0.0,
            1.0
        ]
    ]
}