{
    "cubes": [
        {
            "position": [
                1.5,
                0.0,
                0.43817109503832685
            ],
            "scale": [
                0.5,
                2.0,
                0.03
            ]
        }
    ],
    "cylinders": [
        {
            "position": [
                1.089416998840369,
                -0.20666189172220595,
                0.5
            ],
            "radius": 0.0791293565231222,
            "heigth": 0.26584418838715757
        },
        {
            "position": [
                1.1334493315079934,
                0.19018804341432122,
                0.5
            ],
            "radius": 0.031144969393802586,
            "heigth": 0.1593810359111137
        },
        {
            "position": [
                1.0669827519477448,
                -0.22534502355106206,
                0.5
            ],
            "radius": 0.039641779413344964,
            "heigth": 0.21624502709706933
        },
        {
            "position": [
                1.058702760499312,
                0.22174318733139292,
                0.5
            ],
            "radius": 0.02039734285380748,
            "heigth": 0.1517640856384435
        }
    ],
    "target": [
        [
            1.0,
            0.0,
            0.0,
            1.1534894704818726
        ],
        [
            0.0,
            -0.9999999999999961,
            -8.742277974564334e-08,
            -0.001123561873100698
        ],
        [
            0.0,
            8.742277974564332e-08,
            -0.9999999999999961,
            0.6583824157714844
        ],
        [
            0.0,
            0.0,
            0.0,
            1.0
        ]
    ],
    "robot_base": [
        [
            1.0,
            0.0,
            0.0,
            0.0
        ],
        [
            0.0,
            1.0,
            0.0,
            0.2083032795135189
        ],
        [
            0.0,
            0.0,
            1.0,
            0.0
        ],
        [
            0.0,
            0.0,
            0.0,
            1.0
        ]
    ]
}