{
    "cubes": [
        {
            "position": [
                1.5,
                0.0,
                0.5830578679914269
            ],
            "scale": [
                0.5,
                2.0,
                0.03
            ]
        }
    ],
    "cylinders": [
        {
            "position": [
                1.0754733542021415,
                0.21991160808571458,
                0.5
            ],
            "radius": 0.05632635569031731,
            "heigth": 0.2882089115935349
        },
        {
            "position": [
                1.0634690794848023,
                0.2036100548683457,
                0.5
            ],
            "radius": 0.0767868918733412,
            "heigth": 0.2193646965055821
        },
        {
            "position": [
                1.147028366722748,
                0.13808365964468217,
                0.5
            ],
            "radius": 0.024491660202544643,
            "heigth": 0.13408666887189494
        },
        {
            "position": [
                1.039075816864715,
                -0.2102770448601876,
                0.5
            ],
            "radius": 0.020841790740443122,
            "heigth": 0.4362959980090463
        }
    ],
    "target": [
        [
            1.0,
            0.0,
            0.0,
            1.1534894704818726
        ],
        [
            0.0,
            -0.9999999999999961,
            -8.742277974564334e-08,
            -0.001123561873100698
        ],
        [
            0.0,
            8.742277974564332e-08,
            -0.9999999999999961,
            0.6583824157714844
        ],
        [
            0.0,
            0.0,
            0.0,
            1.0
        ]
    ],
    "robot_base": [
        [
            1.0,
            0.0,
            0.0,
            0.0
        ],
        [
            0.0,
            1.0,
            0.0,
            -0.2817588683175497
        ],
        [
            0.0,
            0.0,
            1.0,
            0.0
        ],
        [
            0.0,
            0.0,
            0.0,
            1.0
        ]
    ]
}