{
    "cubes": [
        {
            "position": [
                1.5,
                0.0,
                0.563634805152765
            ],
            "scale": [
                0.5,
                2.0,
                0.03
            ]
        }
    ],
    "cylinders": [
        {
            "position": [
                1.0659087968788237,
                -0.21294030538951342,
                0.5
            ],
            "radius": 0.04984348877902604,
            "heigth": 0.21802041294738989
        },
        {
            "position": [
                1.1030667445332203,
                0.18771409564938613,
                0.5
            ],
            "radius": 0.055150782250041254,
            "heigth": 0.33427884989265233
        },
        {
            "position": [
                1.178295886255088,
                0.1879505917214222,
                0.5
            ],
            "radius": 0.025646105836906206,
            "heigth": 0.3481314005742186
        },
        {
            "position": [
                1.0418296363026043,
                -0.16795749980535135,
                0.5
            ],
            "radius": 0.05047890034323815,
            "heigth": 0.3742402083639453
        }
    ],
    "target": [
        [
            1.0,
            0.0,
            0.0,
            1.1534894704818726
        ],
        [
            0.0,
            -0.9999999999999961,
            -8.742277974564334e-08,
            -0.001123561873100698
        ],
        [
            0.0,
            8.742277974564332e-08,
            -0.9999999999999961,
            0.6583824157714844
        ],
        [
            0.0,
            0.0,
            0.0,
            1.0
        ]
    ],
    "robot_base": [
        [
            1.0,
            0.0,
            0.0,
            0.0
        ],
        [
            0.0,
            1.0,
            0.0,
            -0.20094258519497143
        ],
        [
            0.0,
            0.0,
            1.0,
            0.0
        ],
        [
            0.0,
            0.0,
            0.0,
            1.0
        ]
    ]
}