{
    "cubes": [
        {
            "position": [
                1.5,
                0.0,
                0.5273086510292866
            ],
            "scale": [
                0.5,
                2.0,
                0.03
            ]
        }
    ],
    "cylinders": [
        {
            "position": [
                1.0022842496688296,
                0.2253288351233375,
                0.5
            ],
            "radius": 0.049308528312812766,
            "heigth": 0.16391970192901056
        },
        {
            "position": [
                1.141383179738473,
                0.23731378099316108,
                0.5
            ],
            "radius": 0.05969378690481211,
            "heigth": 0.2853837445654307
        },
        {
            "position": [
                1.0752791261590362,
                0.20672569023623782,
                0.5
            ],
            "radius": 0.048525572216534224,
            "heigth": 0.20562107119241063
        },
        {
            "position": [
                1.1613033769975525,
                -0.1170059080745896,
                0.5
            ],
            "radius": 0.03568400281208582,
            "heigth": 0.13692145742196501
        }
    ],
    "target": [
        [
            1.0,
            0.0,
            0.0,
            1.1534894704818726
        ],
        [
            0.0,
            -0.9999999999999961,
            -8.742277974564334e-08,
            -0.001123561873100698
        ],
        [
            0.0,
            8.742277974564332e-08,
            -0.9999999999999961,
            0.6583824157714844
        ],
        [
            0.0,
            0.0,
            0.0,
            1.0
        ]
    ],
    "robot_base": [
        [
            1.0,
            0.0,
            0.0,
            0.0
        ],
        [
            0.0,
            1.0,
            0.0,
            -0.38387812606612004
        ],
        [
            0.0,
            0.0,
            1.0,
            0.0
        ],
        [
            0.0,
            0.0,
            0.0,
            1.0
        ]
    ]
}