{
    "cubes": [
        {
            "position": [
                1.5,
                0.0,
                0.5561783031951505
            ],
            "scale": [
                0.5,
                2.0,
                0.03
            ]
        }
    ],
    "cylinders": [
        {
            "position": [
                1.1426444814752659,
                0.24103046423988095,
                0.5
            ],
            "radius": 0.042744524513310955,
            "heigth": 0.2895074611691279
        },
        {
            "position": [
                1.0824627901150623,
                0.11843695007072325,
                0.5
            ],
            "radius": 0.026366738912754373,
            "heigth": 0.19301438915083005
        },
        {
            "position": [
                1.0361791927007125,
                -0.014410743740022214,
                0.5
            ],
            "radius": 0.02967143940770116,
            "heigth": 0.25141743357993973
        },
        {
            "position": [
                1.0188447010875528,
                -0.22079561910205636,
                0.5
            ],
            "radius": 0.04983529299706019,
            "heigth": 0.19349327930386506
        }
    ],
    "target": [
        [
            1.0,
            0.0,
            0.0,
            1.1534894704818726
        ],
        [
            0.0,
            -0.9999999999999961,
            -8.742277974564334e-08,
            -0.001123561873100698
        ],
        [
            0.0,
            8.742277974564332e-08,
            -0.9999999999999961,
            0.6583824157714844
        ],
        [
            0.0,
            0.0,
            0.0,
            1.0
        ]
    ],
    "robot_base": [
        [
            1.0,
            0.0,
            0.0,
            0.0
        ],
        [
            0.0,
            1.0,
            0.0,
            0.08850227489351337
        ],
        [
            0.0,
            0.0,
            1.0,
            0.0
        ],
        [
            0.0,
            0.0,
            0.0,
            1.0
        ]
    ]
}