{
    "cubes": [
        {
            "position": [
                1.5,
                0.0,
                0.5592540461198332
            ],
            "scale": [
                0.5,
                2.0,
                0.03
            ]
        }
    ],
    "cylinders": [
        {
            "position": [
                1.0890943979556829,
                -0.18530104458832503,
                0.5
            ],
            "radius": 0.04786354119854903,
            "heigth": 0.49987802505196155
        },
        {
            "position": [
                1.0017516447257717,
                -0.17008215060310805,
                0.5
            ],
            "radius": 0.06107173802013733,
            "heigth": 0.4343686064170164
        },
        {
            "position": [
                1.090163901527677,
                -0.16150342007523905,
                0.5
            ],
            "radius": 0.03078922991081081,
            "heigth": 0.32045516844491784
        },
        {
            "position": [
                1.0864571194835715,
                -0.1526316581873549,
                0.5
            ],
            "radius": 0.03874316329551357,
            "heigth": 0.3261378037391339
        }
    ],
    "target": [
        [
            1.0,
            0.0,
            0.0,
            1.1534894704818726
        ],
        [
            0.0,
            -0.9999999999999961,
            -8.742277974564334e-08,
            -0.001123561873100698
        ],
        [
            0.0,
            8.742277974564332e-08,
            -0.9999999999999961,
            0.6583824157714844
        ],
        [
            0.0,
            0.0,
            0.0,
            1.0
        ]
    ],
    "robot_base": [
        [
            1.0,
            0.0,
            0.0,
            0.0
        ],
        [
            0.0,
            1.0,
            0.0,
            -0.17056881046405548
        ],
        [
            0.0,
            0.0,
            1.0,
            0.0
        ],
        [
            0.0,
            0.0,
            0.0,
            1.0
        ]
    ]
}