{
    "cubes": [
        {
            "position": [
                1.5,
                0.0,
                0.5273835882610589
            ],
            "scale": [
                0.5,
                2.0,
                0.03
            ]
        }
    ],
    "cylinders": [
        {
            "position": [
                1.079500143639905,
                -0.16633779857254855,
                0.5
            ],
            "radius": 0.04092666501491188,
            "heigth": 0.3883511172627251
        },
        {
            "position": [
                1.074157335652782,
                0.22045878047321504,
                0.5
            ],
            "radius": 0.05353411382043155,
            "heigth": 0.3707217393613551
        },
        {
            "position": [
                1.0208527581477633,
                0.23412007146374697,
                0.5
            ],
            "radius": 0.06684065347966478,
            "heigth": 0.16439462137835342
        },
        {
            "position": [
                1.1786535750477876,
                -0.19028813582117116,
                0.5
            ],
            "radius": 0.03525628533585753,
            "heigth": 0.20405480542215226
        }
    ],
    "target": [
        [
            1.0,
            0.0,
            0.0,
            1.1534894704818726
        ],
        [
            0.0,
            -0.9999999999999961,
            -8.742277974564334e-08,
            -0.001123561873100698
        ],
        [
            0.0,
            8.742277974564332e-08,
            -0.9999999999999961,
            0.6583824157714844
        ],
        [
            0.0,
            0.0,
            0.0,
            1.0
        ]
    ],
    "robot_base": [
        [
            1.0,
            0.0,
            0.0,
            0.0
        ],
        [
            0.0,
            1.0,
            0.0,
            -0.1476195418459415
        ],
        [
            0.0,
            0.0,
            1.0,
            0.0
        ],
        [
            0.0,
            0.0,
            0.0,
            1.0
        ]
    ]
}