{
    "cubes": [
        {
            "position": [
                1.5,
                0.0,
                0.4537378590455268
            ],
            "scale": [
                0.5,
                2.0,
                0.03
            ]
        }
    ],
    "cylinders": [
        {
            "position": [
                1.1291277087060836,
                0.2107792393299816,
                0.5
            ],
            "radius": 0.0581138993562348,
            "heigth": 0.2945757954301347
        },
        {
            "position": [
                1.0802201790294939,
                -0.19939502170640533,
                0.5
            ],
            "radius": 0.042092419287584566,
            "heigth": 0.3944574444272192
        },
        {
            "position": [
                1.0280149958105516,
                -0.24431343196695104,
                0.5
            ],
            "radius": 0.038403272849978104,
            "heigth": 0.33555562783693893
        },
        {
            "position": [
                1.1371635391818269,
                0.18633926119658223,
                0.5
            ],
            "radius": 0.07085523746942637,
            "heigth": 0.15175300965207045
        }
    ],
    "target": [
        [
            1.0,
            0.0,
            0.0,
            1.1534894704818726
        ],
        [
            0.0,
            -0.9999999999999961,
            -8.742277974564334e-08,
            -0.001123561873100698
        ],
        [
            0.0,
            8.742277974564332e-08,
            -0.9999999999999961,
            0.6583824157714844
        ],
        [
            0.0,
            0.0,
            0.0,
            1.0
        ]
    ],
    "robot_base": [
        [
            1.0,
            0.0,
            0.0,
            0.0
        ],
        [
            0.0,
            1.0,
            0.0,
            -0.46085671793339344
        ],
        [
            0.0,
            0.0,
            1.0,
            0.0
        ],
        [
            0.0,
            0.0,
            0.0,
            1.0
        ]
    ]
}