{
    "cubes": [
        {
            "position": [
                1.5,
                0.0,
                0.40872349715156864
            ],
            "scale": [
                0.5,
                2.0,
                0.03
            ]
        }
    ],
    "cylinders": [
        {
            "position": [
                1.1435007392762238,
                0.17124091846200662,
                0.5
            ],
            "radius": 0.02412248004635542,
            "heigth": 0.24871087140260525
        },
        {
            "position": [
                1.0003476561715334,
                -0.23009098268136635,
                0.5
            ],
            "radius": 0.042142381703367794,
            "heigth": 0.17785845449784243
        },
        {
            "position": [
                1.0454066775431279,
                -0.15695763018543685,
                0.5
            ],
            "radius": 0.023851611980732094,
            "heigth": 0.10049118374534023
        },
        {
            "position": [
                1.013011874519332,
                -0.20748215811309162,
                0.5
            ],
            "radius": 0.02554193185012038,
            "heigth": 0.2725215234681377
        }
    ],
    "target": [
        [
            1.0,
            0.0,
            0.0,
            1.1534894704818726
        ],
        [
            0.0,
            -0.9999999999999961,
            -8.742277974564334e-08,
            -0.001123561873100698
        ],
        [
            0.0,
            8.742277974564332e-08,
            -0.9999999999999961,
            0.6583824157714844
        ],
        [
            0.0,
            0.0,
            0.0,
            1.0
        ]
    ],
    "robot_base": [
        [
            1.0,
            0.0,
            0.0,
            0.0
        ],
        [
            0.0,
            1.0,
            0.0,
            0.4258837000781802
        ],
        [
            0.0,
            0.0,
            1.0,
            0.0
        ],
        [
            0.0,
            0.0,
            0.0,
            1.0
        ]
    ]
}