{
    "cubes": [
        {
            "position": [
                1.5,
                0.0,
                0.5171789218919431
            ],
            "scale": [
                0.5,
                2.0,
                0.03
            ]
        }
    ],
    "cylinders": [
        {
            "position": [
                1.0575792060401403,
                0.21980719059053244,
                0.5
            ],
            "radius": 0.06940854511827588,
            "heigth": 0.4273045017124827
        },
        {
            "position": [
                1.1061312842293383,
                -0.2409115545263663,
                0.5
            ],
            "radius": 0.07467862445494519,
            "heigth": 0.12738171792358866
        },
        {
            "position": [
                1.1664386988385764,
                -0.19656792441469167,
                0.5
            ],
            "radius": 0.06833890777230997,
            "heigth": 0.2589029675674761
        },
        {
            "position": [
                1.1997345087235978,
                0.15045840584258263,
                0.5
            ],
            "radius": 0.026143303484899356,
            "heigth": 0.19497631201513177
        }
    ],
    "target": [
        [
            1.0,
            0.0,
            0.0,
            1.1534894704818726
        ],
        [
            0.0,
            -0.9999999999999961,
            -8.742277974564334e-08,
            -0.001123561873100698
        ],
        [
            0.0,
            8.742277974564332e-08,
            -0.9999999999999961,
            0.6583824157714844
        ],
        [
            0.0,
            0.0,
            0.0,
            1.0
        ]
    ],
    "robot_base": [
        [
            1.0,
            0.0,
            0.0,
            0.0
        ],
        [
            0.0,
            1.0,
            0.0,
            -0.2669292399713913
        ],
        [
            0.0,
            0.0,
            1.0,
            0.0
        ],
        [
            0.0,
            0.0,
            0.0,
            1.0
        ]
    ]
}