{
    "cubes": [
        {
            "position": [
                1.5,
                0.0,
                0.4453149833731071
            ],
            "scale": [
                0.5,
                2.0,
                0.03
            ]
        }
    ],
    "cylinders": [
        {
            "position": [
                1.0774204364002677,
                -0.16276229555056593,
                0.5
            ],
            "radius": 0.027967437066031005,
            "heigth": 0.364096575361995
        },
        {
            "position": [
                1.0327061703657898,
                0.07595058895319101,
                0.5
            ],
            "radius": 0.05788615100721938,
            "heigth": 0.10920176518647418
        },
        {
            "position": [
                1.1480324533410868,
                0.22981918090655062,
                0.5
            ],
            "radius": 0.03187797692412203,
            "heigth": 0.10927374239759599
        },
        {
            "position": [
                1.0527876359763657,
                0.2456338777658344,
                0.5
            ],
            "radius": 0.06985336333781653,
            "heigth": 0.317222306857433
        }
    ],
    "target": [
        [
            1.0,
            0.0,
            0.0,
            1.1534894704818726
        ],
        [
            0.0,
            -0.9999999999999961,
            -8.742277974564334e-08,
            -0.001123561873100698
        ],
        [
            0.0,
            8.742277974564332e-08,
            -0.9999999999999961,
            0.6583824157714844
        ],
        [
            0.0,
            0.0,
            0.0,
            1.0
        ]
    ],
    "robot_base": [
        [
            1.0,
            0.0,
            0.0,
            0.0
        ],
        [
            0.0,
            1.0,
            0.0,
            -0.020885359330103825
        ],
        [
            0.0,
            0.0,
            1.0,
            0.0
        ],
        [
            0.0,
            0.0,
            0.0,
            1.0
        ]
    ]
}