{
    "cubes": [
        {
            "position": [
                1.5,
                0.0,
                0.5137080450103153
            ],
            "scale": [
                0.5,
                2.0,
                0.03
            ]
        }
    ],
    "cylinders": [
        {
            "position": [
                1.035569714621177,
                -0.16711366984940246,
                0.5
            ],
            "radius": 0.06911039644698665,
            "heigth": 0.3545997783399951
        },
        {
            "position": [
                1.0426344822138676,
                0.18418026732915244,
                0.5
            ],
            "radius": 0.03877990259138958,
            "heigth": 0.3626692916781123
        },
        {
            "position": [
                1.0247874087738897,
                -0.20166627552411953,
                0.5
            ],
            "radius": 0.06382104047914848,
            "heigth": 0.19988897562582134
        },
        {
            "position": [
                1.0481798033690874,
                -0.18547506594875957,
                0.5
            ],
            "radius": 0.053397207039629135,
            "heigth": 0.247546557212688
        }
    ],
    "target": [
        [
            1.0,
            0.0,
            0.0,
            1.1534894704818726
        ],
        [
            0.0,
            -0.9999999999999961,
            -8.742277974564334e-08,
            -0.001123561873100698
        ],
        [
            0.0,
            8.742277974564332e-08,
            -0.9999999999999961,
            0.6583824157714844
        ],
        [
            0.0,
            0.0,
            0.0,
            1.0
        ]
    ],
    "robot_base": [
        [
            1.0,
            0.0,
            0.0,
            0.0
        ],
        [
            0.0,
            1.0,
            0.0,
            -0.42172350955538385
        ],
        [
            0.0,
            0.0,
            1.0,
            0.0
        ],
        [
            0.0,
            0.0,
            0.0,
            1.0
        ]
    ]
}