{
    "cubes": [
        {
            "position": [
                1.5,
                0.0,
                0.5770155334596676
            ],
            "scale": [
                0.5,
                2.0,
                0.03
            ]
        }
    ],
    "cylinders": [
        {
            "position": [
                1.1996973017482935,
                0.0730074440061636,
                0.5
            ],
            "radius": 0.0446545668021162,
            "heigth": 0.1316377107295067
        },
        {
            "position": [
                1.0688201371355843,
                -0.0885347078506778,
                0.5
            ],
            "radius": 0.02483699307972663,
            "heigth": 0.24108230665977828
        },
        {
            "position": [
                1.025486863333495,
                -0.007022589524693035,
                0.5
            ],
            "radius": 0.056395854881470954,
            "heigth": 0.23976567300750687
        },
        {
            "position": [
                1.0685722043107033,
                -0.20667994588266791,
                0.5
            ],
            "radius": 0.06244550397995757,
            "heigth": 0.37747731848050653
        }
    ],
    "target": [
        [
            1.0,
            0.0,
            0.0,
            1.1534894704818726
        ],
        [
            0.0,
            -0.9999999999999961,
            -8.742277974564334e-08,
            -0.001123561873100698
        ],
        [
            0.0,
            8.742277974564332e-08,
            -0.9999999999999961,
            0.6583824157714844
        ],
        [
            0.0,
            0.0,
            0.0,
            1.0
        ]
    ],
    "robot_base": [
        [
            1.0,
            0.0,
            0.0,
            0.0
        ],
        [
            0.0,
            1.0,
            0.0,
            0.055660227005653096
        ],
        [
            0.0,
            0.0,
            1.0,
            0.0
        ],
        [
            0.0,
            0.0,
            0.0,
            1.0
        ]
    ]
}