{
    "cubes": [
        {
            "position": [
                1.5,
                0.0,
                0.48961184473261565
            ],
            "scale": [
                0.5,
                2.0,
                0.03
            ]
        }
    ],
    "cylinders": [
        {
            "position": [
                1.1174215794445304,
                -0.14054236429387573,
                0.5
            ],
            "radius": 0.025755558641596604,
            "heigth": 0.13716428277312437
        },
        {
            "position": [
                1.0215821693568305,
                -0.14520346772542975,
                0.5
            ],
            "radius": 0.05122732129490068,
            "heigth": 0.3539662640478084
        },
        {
            "position": [
                1.1046419925544422,
                -0.17469531308376662,
                0.5
            ],
            "radius": 0.03058438194002465,
            "heigth": 0.29069783853066355
        },
        {
            "position": [
                1.136685531872721,
                0.1681430467925758,
                0.5
            ],
            "radius": 0.04321469212074994,
            "heigth": 0.47707422863627
        }
    ],
    "target": [
        [
            1.0,
            0.0,
            0.0,
            1.1534894704818726
        ],
        [
            0.0,
            -0.9999999999999961,
            -8.742277974564334e-08,
            -0.001123561873100698
        ],
        [
            0.0,
            8.742277974564332e-08,
            -0.9999999999999961,
            0.6583824157714844
        ],
        [
            0.0,
            0.0,
            0.0,
            1.0
        ]
    ],
    "robot_base": [
        [
            1.0,
            0.0,
            0.0,
            0.0
        ],
        [
            0.0,
            1.0,
            0.0,
            -0.20180681824901037
        ],
        [
            0.0,
            0.0,
            1.0,
            0.0
        ],
        [
            0.0,
            0.0,
            0.0,
            1.0
        ]
    ]
}