{
    "cubes": [
        {
            "position": [
                1.5,
                0.0,
                0.5115876417598496
            ],
            "scale": [
                0.5,
                2.0,
                0.03
            ]
        }
    ],
    "cylinders": [
        {
            "position": [
                1.0796039070414352,
                0.12281224401803265,
                0.5
            ],
            "radius": 0.04522925460866602,
            "heigth": 0.14562264448495454
        },
        {
            "position": [
                1.0908969816586036,
                0.1874010496397186,
                0.5
            ],
            "radius": 0.041112088091886725,
            "heigth": 0.17442327422496728
        },
        {
            "position": [
                1.161522769283042,
                -0.16890828589036777,
                0.5
            ],
            "radius": 0.04374564998005434,
            "heigth": 0.20512674814803658
        },
        {
            "position": [
                1.1081292167278416,
                -0.19744423452635324,
                0.5
            ],
            "radius": 0.06483604807547053,
            "heigth": 0.10336303972014449
        }
    ],
    "target": [
        [
            1.0,
            0.0,
            0.0,
            1.1534894704818726
        ],
        [
            0.0,
            -0.9999999999999961,
            -8.742277974564334e-08,
            -0.001123561873100698
        ],
        [
            0.0,
            8.742277974564332e-08,
            -0.9999999999999961,
            0.6583824157714844
        ],
        [
            0.0,
            0.0,
            0.0,
            1.0
        ]
    ],
    "robot_base": [
        [
            1.0,
            0.0,
            0.0,
            0.0
        ],
        [
            0.0,
            1.0,
            0.0,
            -0.06086142228899716
        ],
        [
            0.0,
            0.0,
            1.0,
            0.0
        ],
        [
            0.0,
            0.0,
            0.0,
            1.0
        ]
    ]
}