{
    "cubes": [
        {
            "position": [
                1.5,
                0.0,
                0.5499805247868339
            ],
            "scale": [
                0.5,
                2.0,
                0.03
            ]
        }
    ],
    "cylinders": [
        {
            "position": [
                1.065173195502818,
                -0.23454665824132387,
                0.5
            ],
            "radius": 0.031239235908379636,
            "heigth": 0.19403149473784065
        },
        {
            "position": [
                1.0601677614865979,
                -0.06744185749991838,
                0.5
            ],
            "radius": 0.03991832775084923,
            "heigth": 0.3734990199355547
        },
        {
            "position": [
                1.0291424831377605,
                -0.02981564775067297,
                0.5
            ],
            "radius": 0.0629867808423612,
            "heigth": 0.2437226411721941
        },
        {
            "position": [
                1.073806353126495,
                0.19154166288517815,
                0.5
            ],
            "radius": 0.05667273779374156,
            "heigth": 0.24584557182395045
        }
    ],
    "target": [
        [
            1.0,
            0.0,
            0.0,
            1.1534894704818726
        ],
        [
            0.0,
            -0.9999999999999961,
            -8.742277974564334e-08,
            -0.001123561873100698
        ],
        [
            0.0,
            8.742277974564332e-08,
            -0.9999999999999961,
            0.6583824157714844
        ],
        [
            0.0,
            0.0,
            0.0,
            1.0
        ]
    ],
    "robot_base": [
        [
            1.0,
            0.0,
            0.0,
            0.0
        ],
        [
            0.0,
            1.0,
            0.0,
            0.3197120424421189
        ],
        [
            0.0,
            0.0,
            1.0,
            0.0
        ],
        [
            0.0,
            0.0,
            0.0,
            1.0
        ]
    ]
}