{
    "cubes": [
        {
            "position": [
                1.5,
                0.0,
                0.4753804076944927
            ],
            "scale": [
                0.5,
                2.0,
                0.03
            ]
        }
    ],
    "cylinders": [
        {
            "position": [
                1.0049751467976387,
                -0.00978665916623267,
                0.5
            ],
            "radius": 0.03278790529106727,
            "heigth": 0.16359707943474272
        },
        {
            "position": [
                1.0948515124446452,
                -0.1871544654521924,
                0.5
            ],
            "radius": 0.047201719983398546,
            "heigth": 0.30419464918403105
        },
        {
            "position": [
                1.017111108843676,
                0.09984429514745646,
                0.5
            ],
            "radius": 0.03358583534496508,
            "heigth": 0.1986567811707926
        },
        {
            "position": [
                1.0020008089841501,
                -0.13449004131220466,
                0.5
            ],
            "radius": 0.06873685776050531,
            "heigth": 0.4604832825794897
        }
    ],
    "target": [
        [
            1.0,
            0.0,
            0.0,
            1.1534894704818726
        ],
        [
            0.0,
            -0.9999999999999961,
            -8.742277974564334e-08,
            -0.001123561873100698
        ],
        [
            0.0,
            8.742277974564332e-08,
            -0.9999999999999961,
            0.6583824157714844
        ],
        [
            0.0,
            0.0,
            0.0,
            1.0
        ]
    ],
    "robot_base": [
        [
            1.0,
            0.0,
            0.0,
            0.0
        ],
        [
            0.0,
            1.0,
            0.0,
            -0.26113334112707565
        ],
        [
            0.0,
            0.0,
            1.0,
            0.0
        ],
        [
            0.0,
            0.0,
            0.0,
            1.0
        ]
    ]
}