{
    "cubes": [
        {
            "position": [
                1.5,
                0.0,
                0.5173314986104669
            ],
            "scale": [
                0.5,
                2.0,
                0.03
            ]
        }
    ],
    "cylinders": [
        {
            "position": [
                1.1215292414359983,
                -0.1852632478844523,
                0.5
            ],
            "radius": 0.05041438641193166,
            "heigth": 0.40274597381197413
        },
        {
            "position": [
                1.1083308831323733,
                0.19900258036196605,
                0.5
            ],
            "radius": 0.05778702027474481,
            "heigth": 0.1596285052104718
        },
        {
            "position": [
                1.0354238174902484,
                0.16981686838619264,
                0.5
            ],
            "radius": 0.07724534058085239,
            "heigth": 0.2921656106142223
        },
        {
            "position": [
                1.168199160151775,
                0.20545940207210234,
                0.5
            ],
            "radius": 0.03766792895510268,
            "heigth": 0.3450707407991792
        }
    ],
    "target": [
        [
            1.0,
            0.0,
            0.0,
            1.1534894704818726
        ],
        [
            0.0,
            -0.9999999999999961,
            -8.742277974564334e-08,
            -0.001123561873100698
        ],
        [
            0.0,
            8.742277974564332e-08,
            -0.9999999999999961,
            0.6583824157714844
        ],
        [
            0.0,
            0.0,
            0.0,
            1.0
        ]
    ],
    "robot_base": [
        [
            1.0,
            0.0,
            0.0,
            0.0
        ],
        [
            0.0,
            1.0,
            0.0,
            0.15693900170022268
        ],
        [
            0.0,
            0.0,
            1.0,
            0.0
        ],
        [
            0.0,
            0.0,
            0.0,
            1.0
        ]
    ]
}