{
    "cubes": [
        {
            "position": [
                1.5,
                0.0,
                0.5393423659173144
            ],
            "scale": [
                0.5,
                2.0,
                0.03
            ]
        }
    ],
    "cylinders": [
        {
            "position": [
                1.0905079954126298,
                0.23254149336180502,
                0.5
            ],
            "radius": 0.05617711430232993,
            "heigth": 0.32555497327666816
        },
        {
            "position": [
                1.0283068330697411,
                -0.22245632521028752,
                0.5
            ],
            "radius": 0.029458511866579936,
            "heigth": 0.3476777727525184
        },
        {
            "position": [
                1.0322570565557536,
                0.19672944318810898,
                0.5
            ],
            "radius": 0.07457290061186353,
            "heigth": 0.13181744824705588
        },
        {
            "position": [
                1.0629207634915652,
                0.2321943412028168,
                0.5
            ],
            "radius": 0.02333654981992258,
            "heigth": 0.10218744838815204
        }
    ],
    "target": [
        [
            1.0,
            0.0,
            0.0,
            1.1534894704818726
        ],
        [
            0.0,
            -0.9999999999999961,
            -8.742277974564334e-08,
            -0.001123561873100698
        ],
        [
            0.0,
            8.742277974564332e-08,
            -0.9999999999999961,
            0.6583824157714844
        ],
        [
            0.0,
            0.0,
            0.0,
            1.0
        ]
    ],
    "robot_base": [
        [
            1.0,
            0.0,
            0.0,
            0.0
        ],
        [
            0.0,
            1.0,
            0.0,
            0.3957997472686895
        ],
        [
            0.0,
            0.0,
            1.0,
            0.0
        ],
        [
            0.0,
            0.0,
            0.0,
            1.0
        ]
    ]
}