{
    "cubes": [
        {
            "position": [
                1.5,
                0.0,
                0.41883040379172
            ],
            "scale": [
                0.5,
                2.0,
                0.03
            ]
        }
    ],
    "cylinders": [
        {
            "position": [
                1.0590414123705647,
                -0.23117090329189666,
                0.5
            ],
            "radius": 0.02762486363266563,
            "heigth": 0.34148650399290487
        },
        {
            "position": [
                1.0699159073845883,
                0.18607461360742494,
                0.5
            ],
            "radius": 0.026880526778430915,
            "heigth": 0.13795423954845598
        },
        {
            "position": [
                1.041377511513569,
                -0.13617566234483258,
                0.5
            ],
            "radius": 0.023563598735562095,
            "heigth": 0.2794621787139341
        },
        {
            "position": [
                1.0489399216944235,
                -0.18321035834180455,
                0.5
            ],
            "radius": 0.074963659180463,
            "heigth": 0.17718062388706923
        }
    ],
    "target": [
        [
            1.0,
            0.0,
            0.0,
            1.1534894704818726
        ],
        [
            0.0,
            -0.9999999999999961,
            -8.742277974564334e-08,
            -0.001123561873100698
        ],
        [
            0.0,
            8.742277974564332e-08,
            -0.9999999999999961,
            0.6583824157714844
        ],
        [
            0.0,
            0.0,
            0.0,
            1.0
        ]
    ],
    "robot_base": [
        [
            1.0,
            0.0,
            0.0,
            0.0
        ],
        [
            0.0,
            1.0,
            0.0,
            -0.03848017143339477
        ],
        [
            0.0,
            0.0,
            1.0,
            0.0
        ],
        [
            0.0,
            0.0,
            0.0,
            1.0
        ]
    ]
}