{
    "cubes": [
        {
            "position": [
                1.5,
                0.0,
                0.5012061564481944
            ],
            "scale": [
                0.5,
                2.0,
                0.03
            ]
        }
    ],
    "cylinders": [
        {
            "position": [
                1.171681330074593,
                0.07408119636000249,
                0.5
            ],
            "radius": 0.040526999656440854,
            "heigth": 0.13547679940704238
        },
        {
            "position": [
                1.04552876085821,
                -0.001831664899745733,
                0.5
            ],
            "radius": 0.046890027640853545,
            "heigth": 0.20336591003690124
        },
        {
            "position": [
                1.1751490646619447,
                -0.21295009302841483,
                0.5
            ],
            "radius": 0.04176634899688833,
            "heigth": 0.288455419915299
        },
        {
            "position": [
                1.1308616759200611,
                0.13383073435718446,
                0.5
            ],
            "radius": 0.06330300871137827,
            "heigth": 0.1358225664603664
        }
    ],
    "target": [
        [
            1.0,
            0.0,
            0.0,
            1.1534894704818726
        ],
        [
            0.0,
            -0.9999999999999961,
            -8.742277974564334e-08,
            -0.001123561873100698
        ],
        [
            0.0,
            8.742277974564332e-08,
            -0.9999999999999961,
            0.6583824157714844
        ],
        [
            0.0,
            0.0,
            0.0,
            1.0
        ]
    ],
    "robot_base": [
        [
            1.0,
            0.0,
            0.0,
            0.0
        ],
        [
            0.0,
            1.0,
            0.0,
            0.37467104881362656
        ],
        [
            0.0,
            0.0,
            1.0,
            0.0
        ],
        [
            0.0,
            0.0,
            0.0,
            1.0
        ]
    ]
}