{
    "cubes": [
        {
            "position": [
                1.5,
                0.0,
                0.5893779147668177
            ],
            "scale": [
                0.5,
                2.0,
                0.03
            ]
        }
    ],
    "cylinders": [
        {
            "position": [
                1.1745742093305926,
                -0.15757039826600555,
                0.5
            ],
            "radius": 0.056824896386748765,
            "heigth": 0.15090601906891418
        },
        {
            "position": [
                1.0177535556175763,
                -0.17465746884123795,
                0.5
            ],
            "radius": 0.07592647873099378,
            "heigth": 0.10684104007330364
        },
        {
            "position": [
                1.048768303105383,
                0.24949070276738466,
                0.5
            ],
            "radius": 0.040502479206082284,
            "heigth": 0.26792645461761666
        },
        {
            "position": [
                1.0596026425932352,
                0.09772945474619332,
                0.5
            ],
            "radius": 0.07100457545934796,
            "heigth": 0.16787940735004273
        }
    ],
    "target": [
        [
            1.0,
            0.0,
            0.0,
            1.1534894704818726
        ],
        [
            0.0,
            -0.9999999999999961,
            -8.742277974564334e-08,
            -0.001123561873100698
        ],
        [
            0.0,
            8.742277974564332e-08,
            -0.9999999999999961,
            0.6583824157714844
        ],
        [
            0.0,
            0.0,
            0.0,
            1.0
        ]
    ],
    "robot_base": [
        [
            1.0,
            0.0,
            0.0,
            0.0
        ],
        [
            0.0,
            1.0,
            0.0,
            -0.41347993628157664
        ],
        [
            0.0,
            0.0,
            1.0,
            0.0
        ],
        [
            0.0,
            0.0,
            0.0,
            1.0
        ]
    ]
}