{
    "cubes": [
        {
            "position": [
                1.5,
                0.0,
                0.47594379598950104
            ],
            "scale": [
                0.5,
                2.0,
                0.03
            ]
        }
    ],
    "cylinders": [
        {
            "position": [
                1.1313224661034507,
                0.244792803149538,
                0.5
            ],
            "radius": 0.06230990654877721,
            "heigth": 0.45776291834514377
        },
        {
            "position": [
                1.0228641352618695,
                -0.1946443394974982,
                0.5
            ],
            "radius": 0.05754368689403375,
            "heigth": 0.10857269163649656
        },
        {
            "position": [
                1.1283175250592192,
                0.22119170479676548,
                0.5
            ],
            "radius": 0.07607351367207535,
            "heigth": 0.39647481270732793
        },
        {
            "position": [
                1.1743804138927958,
                0.15937493143475057,
                0.5
            ],
            "radius": 0.02514170864857358,
            "heigth": 0.3096068397592779
        }
    ],
    "target": [
        [
            1.0,
            0.0,
            0.0,
            1.1534894704818726
        ],
        [
            0.0,
            -0.9999999999999961,
            -8.742277974564334e-08,
            -0.001123561873100698
        ],
        [
            0.0,
            8.742277974564332e-08,
            -0.9999999999999961,
            0.6583824157714844
        ],
        [
            0.0,
            0.0,
            0.0,
            1.0
        ]
    ],
    "robot_base": [
        [
            1.0,
            0.0,
            0.0,
            0.0
        ],
        [
            0.0,
            1.0,
            0.0,
            0.0526629809993121
        ],
        [
            0.0,
            0.0,
            1.0,
            0.0
        ],
        [
            0.0,
            0.0,
            0.0,
            1.0
        ]
    ]
}