{
    "cubes": [
        {
            "position": [
                1.5,
                0.0,
                0.521128219828509
            ],
            "scale": [
                0.5,
                2.0,
                0.03
            ]
        }
    ],
    "cylinders": [
        {
            "position": [
                1.1909184030120976,
                -0.05942466392697915,
                0.5
            ],
            "radius": 0.03869170527981774,
            "heigth": 0.12329957807550554
        },
        {
            "position": [
                1.023160162730206,
                -0.17197647347553302,
                0.5
            ],
            "radius": 0.043780533776448874,
            "heigth": 0.3212184782851948
        },
        {
            "position": [
                1.1912583114896709,
                0.21393178225519305,
                0.5
            ],
            "radius": 0.07511703899731909,
            "heigth": 0.14647409427002123
        },
        {
            "position": [
                1.0930803107784193,
                0.21434486591375868,
                0.5
            ],
            "radius": 0.06255615873766204,
            "heigth": 0.1786527696925569
        }
    ],
    "target": [
        [
            1.0,
            0.0,
            0.0,
            1.1534894704818726
        ],
        [
            0.0,
            -0.9999999999999961,
            -8.742277974564334e-08,
            -0.001123561873100698
        ],
        [
            0.0,
            8.742277974564332e-08,
            -0.9999999999999961,
            0.6583824157714844
        ],
        [
            0.0,
            0.0,
            0.0,
            1.0
        ]
    ],
    "robot_base": [
        [
            1.0,
            0.0,
            0.0,
            0.0
        ],
        [
            0.0,
            1.0,
            0.0,
            -0.2804280737251572
        ],
        [
            0.0,
            0.0,
            1.0,
            0.0
        ],
        [
            0.0,
            0.0,
            0.0,
            1.0
        ]
    ]
}