{
    "cubes": [
        {
            "position": [
                1.5,
                0.0,
                0.41513016972538963
            ],
            "scale": [
                0.5,
                2.0,
                0.03
            ]
        }
    ],
    "cylinders": [
        {
            "position": [
                1.0770905325069546,
                0.18053956014251998,
                0.5
            ],
            "radius": 0.047512965545562696,
            "heigth": 0.2429092004999288
        },
        {
            "position": [
                1.058465373473443,
                -0.00398614576258427,
                0.5
            ],
            "radius": 0.02061056150782317,
            "heigth": 0.15782878761989844
        },
        {
            "position": [
                1.1465581103153268,
                -0.09983871330973981,
                0.5
            ],
            "radius": 0.02671148886803819,
            "heigth": 0.14309643194482213
        },
        {
            "position": [
                1.060834834572739,
                0.11922026098542099,
                0.5
            ],
            "radius": 0.04045636249370409,
            "heigth": 0.17851137913517678
        }
    ],
    "target": [
        [
            1.0,
            0.0,
            0.0,
            1.1534894704818726
        ],
        [
            0.0,
            -0.9999999999999961,
            -8.742277974564334e-08,
            -0.001123561873100698
        ],
        [
            0.0,
            8.742277974564332e-08,
            -0.9999999999999961,
            0.6583824157714844
        ],
        [
            0.0,
            0.0,
            0.0,
            1.0
        ]
    ],
    "robot_base": [
        [
            1.0,
            0.0,
            0.0,
            0.0
        ],
        [
            0.0,
            1.0,
            0.0,
            0.14200185311873803
        ],
        [
            0.0,
            0.0,
            1.0,
            0.0
        ],
        [
            0.0,
            0.0,
            0.0,
            1.0
        ]
    ]
}