{
    "cubes": [
        {
            "position": [
                1.5,
                0.0,
                0.4018982155912619
            ],
            "scale": [
                0.5,
                2.0,
                0.03
            ]
        }
    ],
    "cylinders": [
        {
            "position": [
                1.007821660545668,
                -0.141288105703462,
                0.5
            ],
            "radius": 0.06411896153392785,
            "heigth": 0.248761773004091
        },
        {
            "position": [
                1.1037878390250273,
                -0.19065724164463066,
                0.5
            ],
            "radius": 0.07089695961067699,
            "heigth": 0.4401569817733915
        },
        {
            "position": [
                1.1419532496444025,
                -0.1880333837506678,
                0.5
            ],
            "radius": 0.04122815107593231,
            "heigth": 0.4382190589517772
        },
        {
            "position": [
                1.1264427705242805,
                -0.1603557416249104,
                0.5
            ],
            "radius": 0.07438045459705289,
            "heigth": 0.10823118456817145
        }
    ],
    "target": [
        [
            1.0,
            0.0,
            0.0,
            1.1534894704818726
        ],
        [
            0.0,
            -0.9999999999999961,
            -8.742277974564334e-08,
            -0.001123561873100698
        ],
        [
            0.0,
            8.742277974564332e-08,
            -0.9999999999999961,
            0.6583824157714844
        ],
        [
            0.0,
            0.0,
            0.0,
            1.0
        ]
    ],
    "robot_base": [
        [
            1.0,
            0.0,
            0.0,
            0.0
        ],
        [
            0.0,
            1.0,
            0.0,
            -0.1175743139579295
        ],
        [
            0.0,
            0.0,
            1.0,
            0.0
        ],
        [
            0.0,
            0.0,
            0.0,
            1.0
        ]
    ]
}