{
    "cubes": [
        {
            "position": [
                1.5,
                0.0,
                0.44976356222820857
            ],
            "scale": [
                0.5,
                2.0,
                0.03
            ]
        }
    ],
    "cylinders": [
        {
            "position": [
                1.067849547740772,
                0.11688023866591263,
                0.5
            ],
            "radius": 0.03641979112331583,
            "heigth": 0.23835970219721017
        },
        {
            "position": [
                1.0580598131775045,
                0.18747647786415728,
                0.5
            ],
            "radius": 0.033787361859011475,
            "heigth": 0.46990773820109
        },
        {
            "position": [
                1.025321408526881,
                -0.19734938400110968,
                0.5
            ],
            "radius": 0.04579228249633423,
            "heigth": 0.1662933463148581
        },
        {
            "position": [
                1.0587885047919046,
                -0.24356972224773887,
                0.5
            ],
            "radius": 0.07412057757032253,
            "heigth": 0.377527630482533
        }
    ],
    "target": [
        [
            1.0,
            0.0,
            0.0,
            1.1534894704818726
        ],
        [
            0.0,
            -0.9999999999999961,
            -8.742277974564334e-08,
            -0.001123561873100698
        ],
        [
            0.0,
            8.742277974564332e-08,
            -0.9999999999999961,
            0.6583824157714844
        ],
        [
            0.0,
            0.0,
            0.0,
            1.0
        ]
    ],
    "robot_base": [
        [
            1.0,
            0.0,
            0.0,
            0.0
        ],
        [
            0.0,
            1.0,
            0.0,
            -0.24465450440094627
        ],
        [
            0.0,
            0.0,
            1.0,
            0.0
        ],
        [
            0.0,
            0.0,
            0.0,
            1.0
        ]
    ]
}