{
    "cubes": [
        {
            "position": [
                1.5,
                0.0,
                0.4836980489895679
            ],
            "scale": [
                0.5,
                2.0,
                0.03
            ]
        }
    ],
    "cylinders": [
        {
            "position": [
                1.0507734175050563,
                -0.1939171130192932,
                0.5
            ],
            "radius": 0.03921904413543194,
            "heigth": 0.12016125959877962
        },
        {
            "position": [
                1.0557326863323067,
                0.1808026366922717,
                0.5
            ],
            "radius": 0.05175908859057672,
            "heigth": 0.12314269304169774
        },
        {
            "position": [
                1.0476293963627785,
                -0.16239619878197875,
                0.5
            ],
            "radius": 0.040942371163254804,
            "heigth": 0.3159372499916694
        },
        {
            "position": [
                1.0383378400483836,
                -0.2490029681552392,
                0.5
            ],
            "radius": 0.022697819224869995,
            "heigth": 0.48282678144367785
        }
    ],
    "target": [
        [
            1.0,
            0.0,
            0.0,
            1.1534894704818726
        ],
        [
            0.0,
            -0.9999999999999961,
            -8.742277974564334e-08,
            -0.001123561873100698
        ],
        [
            0.0,
            8.742277974564332e-08,
            -0.9999999999999961,
            0.6583824157714844
        ],
        [
            0.0,
            0.0,
            0.0,
            1.0
        ]
    ],
    "robot_base": [
        [
            1.0,
            0.0,
            0.0,
            0.0
        ],
        [
            0.0,
            1.0,
            0.0,
            -0.08721517896274034
        ],
        [
            0.0,
            0.0,
            1.0,
            0.0
        ],
        [
            0.0,
            0.0,
            0.0,
            1.0
        ]
    ]
}