{
    "cubes": [
        {
            "position": [
                1.5,
                0.0,
                0.5164339195504515
            ],
            "scale": [
                0.5,
                2.0,
                0.03
            ]
        }
    ],
    "cylinders": [
        {
            "position": [
                1.0225812706329214,
                -0.14902103241769843,
                0.5
            ],
            "radius": 0.02277928127496323,
            "heigth": 0.19928537671162921
        },
        {
            "position": [
                1.1210706411962534,
                -0.2215324299087741,
                0.5
            ],
            "radius": 0.023741757746711202,
            "heigth": 0.16670399416759651
        },
        {
            "position": [
                1.027803716160747,
                0.1378239978890528,
                0.5
            ],
            "radius": 0.0326177489642798,
            "heigth": 0.25933445434436253
        },
        {
            "position": [
                1.0051436995243106,
                -0.06715483086674906,
                0.5
            ],
            "radius": 0.0789466468993047,
            "heigth": 0.2592058510136983
        }
    ],
    "target": [
        [
            1.0,
            0.0,
            0.0,
            1.1534894704818726
        ],
        [
            0.0,
            -0.9999999999999961,
            -8.742277974564334e-08,
            -0.001123561873100698
        ],
        [
            0.0,
            8.742277974564332e-08,
            -0.9999999999999961,
            0.6583824157714844
        ],
        [
            0.0,
            0.0,
            0.0,
            1.0
        ]
    ],
    "robot_base": [
        [
            1.0,
            0.0,
            0.0,
            0.0
        ],
        [
            0.0,
            1.0,
            0.0,
            -0.4235296176594473
        ],
        [
            0.0,
            0.0,
            1.0,
            0.0
        ],
        [
            0.0,
            0.0,
            0.0,
            1.0
        ]
    ]
}