{
    "cubes": [
        {
            "position": [
                1.5,
                0.0,
                0.45154265679225997
            ],
            "scale": [
                0.5,
                2.0,
                0.03
            ]
        }
    ],
    "cylinders": [
        {
            "position": [
                1.1360694077801927,
                -0.14195599827629973,
                0.5
            ],
            "radius": 0.07994785374551006,
            "heigth": 0.11909273972658149
        },
        {
            "position": [
                1.1192407028297329,
                -0.24612126672520312,
                0.5
            ],
            "radius": 0.05206382329767981,
            "heigth": 0.3261407861212643
        },
        {
            "position": [
                1.071751552092386,
                -0.13662055423229724,
                0.5
            ],
            "radius": 0.048059730466236614,
            "heigth": 0.4884044870404721
        },
        {
            "position": [
                1.0672288582218274,
                -0.22879054518766562,
                0.5
            ],
            "radius": 0.05344813702763283,
            "heigth": 0.2137062214213375
        }
    ],
    "target": [
        [
            1.0,
            0.0,
            0.0,
            1.1534894704818726
        ],
        [
            0.0,
            -0.9999999999999961,
            -8.742277974564334e-08,
            -0.001123561873100698
        ],
        [
            0.0,
            8.742277974564332e-08,
            -0.9999999999999961,
            0.6583824157714844
        ],
        [
            0.0,
            0.0,
            0.0,
            1.0
        ]
    ],
    "robot_base": [
        [
            1.0,
            0.0,
            0.0,
            0.0
        ],
        [
            0.0,
            1.0,
            0.0,
            -0.23064110816442585
        ],
        [
            0.0,
            0.0,
            1.0,
            0.0
        ],
        [
            0.0,
            0.0,
            0.0,
            1.0
        ]
    ]
}