{
    "cubes": [
        {
            "position": [
                1.5,
                0.0,
                0.5302416218736281
            ],
            "scale": [
                0.5,
                2.0,
                0.03
            ]
        }
    ],
    "cylinders": [
        {
            "position": [
                1.1163871270268777,
                -0.19029934699017437,
                0.5
            ],
            "radius": 0.030894245446445333,
            "heigth": 0.3225037401539086
        },
        {
            "position": [
                1.1532954900753554,
                0.24982358544122962,
                0.5
            ],
            "radius": 0.037952076973148605,
            "heigth": 0.3526945593803494
        },
        {
            "position": [
                1.1310532529733357,
                -0.2192536874761143,
                0.5
            ],
            "radius": 0.04098677554425313,
            "heigth": 0.16039094171596543
        },
        {
            "position": [
                1.0132126347683017,
                -0.09117001856484047,
                0.5
            ],
            "radius": 0.030334511008221494,
            "heigth": 0.4095849542683804
        }
    ],
    "target": [
        [
            1.0,
            0.0,
            0.0,
            1.1534894704818726
        ],
        [
            0.0,
            -0.9999999999999961,
            -8.742277974564334e-08,
            -0.001123561873100698
        ],
        [
            0.0,
            8.742277974564332e-08,
            -0.9999999999999961,
            0.6583824157714844
        ],
        [
            0.0,
            0.0,
            0.0,
            1.0
        ]
    ],
    "robot_base": [
        [
            1.0,
            0.0,
            0.0,
            0.0
        ],
        [
            0.0,
            1.0,
            0.0,
            0.3990586271376477
        ],
        [
            0.0,
            0.0,
            1.0,
            0.0
        ],
        [
            0.0,
            0.0,
            0.0,
            1.0
        ]
    ]
}