{
    "cubes": [
        {
            "position": [
                1.5,
                0.0,
                0.5376234020131698
            ],
            "scale": [
                0.5,
                2.0,
                0.03
            ]
        }
    ],
    "cylinders": [
        {
            "position": [
                1.016309632012847,
                0.23924033061165056,
                0.5
            ],
            "radius": 0.07852728012934608,
            "heigth": 0.2727258592370462
        },
        {
            "position": [
                1.1257762792407078,
                0.18026236733011747,
                0.5
            ],
            "radius": 0.042968043278429284,
            "heigth": 0.14583418080689464
        },
        {
            "position": [
                1.007409949777419,
                -0.13223687132708256,
                0.5
            ],
            "radius": 0.07042861605283691,
            "heigth": 0.14579651479637462
        },
        {
            "position": [
                1.015702535547551,
                0.03281339392277344,
                0.5
            ],
            "radius": 0.034607862124785935,
            "heigth": 0.1868691804065632
        }
    ],
    "target": [
        [
            1.0,
            0.0,
            0.0,
            1.1534894704818726
        ],
        [
            0.0,
            -0.9999999999999961,
            -8.742277974564334e-08,
            -0.001123561873100698
        ],
        [
            0.0,
            8.742277974564332e-08,
            -0.9999999999999961,
            0.6583824157714844
        ],
        [
            0.0,
            0.0,
            0.0,
            1.0
        ]
    ],
    "robot_base": [
        [
            1.0,
            0.0,
            0.0,
            0.0
        ],
        [
            0.0,
            1.0,
            0.0,
            0.042524586092438144
        ],
        [
            0.0,
            0.0,
            1.0,
            0.0
        ],
        [
            0.0,
            0.0,
            0.0,
            1.0
        ]
    ]
}