{
    "cubes": [
        {
            "position": [
                1.5,
                0.0,
                0.48344133614836116
            ],
            "scale": [
                0.5,
                2.0,
                0.03
            ]
        }
    ],
    "cylinders": [
        {
            "position": [
                1.030840321488846,
                0.24742032285818277,
                0.5
            ],
            "radius": 0.03071091055767386,
            "heigth": 0.18700567864981077
        },
        {
            "position": [
                1.1169591912077492,
                0.15946093886318047,
                0.5
            ],
            "radius": 0.03609957132511418,
            "heigth": 0.361876035779162
        },
        {
            "position": [
                1.0175438887425292,
                -0.10869246222748213,
                0.5
            ],
            "radius": 0.03094130041679259,
            "heigth": 0.33026372615575383
        },
        {
            "position": [
                1.0359354390761137,
                -0.06333338420382689,
                0.5
            ],
            "radius": 0.030959246380381687,
            "heigth": 0.15031356191949666
        }
    ],
    "target": [
        [
            1.0,
            0.0,
            0.0,
            1.1534894704818726
        ],
        [
            0.0,
            -0.9999999999999961,
            -8.742277974564334e-08,
            -0.001123561873100698
        ],
        [
            0.0,
            8.742277974564332e-08,
            -0.9999999999999961,
            0.6583824157714844
        ],
        [
            0.0,
            0.0,
            0.0,
            1.0
        ]
    ],
    "robot_base": [
        [
            1.0,
            0.0,
            0.0,
            0.0
        ],
        [
            0.0,
            1.0,
            0.0,
            0.363548371482292
        ],
        [
            0.0,
            0.0,
            1.0,
            0.0
        ],
        [
            0.0,
            0.0,
            0.0,
            1.0
        ]
    ]
}