{
    "cubes": [
        {
            "position": [
                1.5,
                0.0,
                0.5565378959278987
            ],
            "scale": [
                0.5,
                2.0,
                0.03
            ]
        }
    ],
    "cylinders": [
        {
            "position": [
                1.0150890387412566,
                -0.06556516495741227,
                0.5
            ],
            "radius": 0.058731191442387004,
            "heigth": 0.11496051689110079
        },
        {
            "position": [
                1.007891692874365,
                0.04519344810806719,
                0.5
            ],
            "radius": 0.027570135385108413,
            "heigth": 0.24495349742684078
        },
        {
            "position": [
                1.1128888978750535,
                0.22866475372304618,
                0.5
            ],
            "radius": 0.02833412608123996,
            "heigth": 0.40804061874260505
        },
        {
            "position": [
                1.1376157730507948,
                -0.046746741375426115,
                0.5
            ],
            "radius": 0.05822758300540338,
            "heigth": 0.1127419505417256
        }
    ],
    "target": [
        [
            1.0,
            0.0,
            0.0,
            1.1534894704818726
        ],
        [
            0.0,
            -0.9999999999999961,
            -8.742277974564334e-08,
            -0.001123561873100698
        ],
        [
            0.0,
            8.742277974564332e-08,
            -0.9999999999999961,
            0.6583824157714844
        ],
        [
            0.0,
            0.0,
            0.0,
            1.0
        ]
    ],
    "robot_base": [
        [
            1.0,
            0.0,
            0.0,
            0.0
        ],
        [
            0.0,
            1.0,
            0.0,
            -0.23512097627882622
        ],
        [
            0.0,
            0.0,
            1.0,
            0.0
        ],
        [
            0.0,
            0.0,
            0.0,
            1.0
        ]
    ]
}