{
    "cubes": [
        {
            "position": [
                1.5,
                0.0,
                0.5257020040408171
            ],
            "scale": [
                0.5,
                2.0,
                0.03
            ]
        }
    ],
    "cylinders": [
        {
            "position": [
                1.1402112062234324,
                -0.21243111620928218,
                0.5
            ],
            "radius": 0.0736010011277097,
            "heigth": 0.46324991493725654
        },
        {
            "position": [
                1.0253489465410655,
                -0.05887332172848192,
                0.5
            ],
            "radius": 0.036630898541898056,
            "heigth": 0.2562217766338529
        },
        {
            "position": [
                1.1294614726915906,
                0.21599971773391818,
                0.5
            ],
            "radius": 0.0489507565624908,
            "heigth": 0.1689983196738292
        },
        {
            "position": [
                1.0177575870624584,
                -0.07036637059996625,
                0.5
            ],
            "radius": 0.05674296115001466,
            "heigth": 0.17618431919324878
        }
    ],
    "target": [
        [
            1.0,
            0.0,
            0.0,
            1.1534894704818726
        ],
        [
            0.0,
            -0.9999999999999961,
            -8.742277974564334e-08,
            -0.001123561873100698
        ],
        [
            0.0,
            8.742277974564332e-08,
            -0.9999999999999961,
            0.6583824157714844
        ],
        [
            0.0,
            0.0,
            0.0,
            1.0
        ]
    ],
    "robot_base": [
        [
            1.0,
            0.0,
            0.0,
            0.0
        ],
        [
            0.0,
            1.0,
            0.0,
            0.0802325331148469
        ],
        [
            0.0,
            0.0,
            1.0,
            0.0
        ],
        [
            0.0,
            0.0,
            0.0,
            1.0
        ]
    ]
}