{
    "cubes": [
        {
            "position": [
                1.5,
                0.0,
                0.4828234681106143
            ],
            "scale": [
                0.5,
                2.0,
                0.03
            ]
        }
    ],
    "cylinders": [
        {
            "position": [
                1.0473214355286953,
                0.24971872744188517,
                0.5
            ],
            "radius": 0.06977755412327599,
            "heigth": 0.19852487762391818
        },
        {
            "position": [
                1.052684013959974,
                0.13562482085902516,
                0.5
            ],
            "radius": 0.023917506749736174,
            "heigth": 0.13373545896700645
        },
        {
            "position": [
                1.0706425430062816,
                0.24567907124535193,
                0.5
            ],
            "radius": 0.07205281085571337,
            "heigth": 0.4304031848476303
        },
        {
            "position": [
                1.0517137706716897,
                -0.04434736497378,
                0.5
            ],
            "radius": 0.035059202178953086,
            "heigth": 0.3343387592060562
        }
    ],
    "target": [
        [
            1.0,
            0.0,
            0.0,
            1.1534894704818726
        ],
        [
            0.0,
            -0.9999999999999961,
            -8.742277974564334e-08,
            -0.001123561873100698
        ],
        [
            0.0,
            8.742277974564332e-08,
            -0.9999999999999961,
            0.6583824157714844
        ],
        [
            0.0,
            0.0,
            0.0,
            1.0
        ]
    ],
    "robot_base": [
        [
            1.0,
            0.0,
            0.0,
            0.0
        ],
        [
            0.0,
            1.0,
            0.0,
            -0.08756642611114984
        ],
        [
            0.0,
            0.0,
            1.0,
            0.0
        ],
        [
            0.0,
            0.0,
            0.0,
            1.0
        ]
    ]
}