{
    "cubes": [
        {
            "position": [
                1.5,
                0.0,
                0.42617583801522285
            ],
            "scale": [
                0.5,
                2.0,
                0.03
            ]
        }
    ],
    "cylinders": [
        {
            "position": [
                1.053114419615214,
                0.06407800351281079,
                0.5
            ],
            "radius": 0.0676426321904613,
            "heigth": 0.13558695733082243
        },
        {
            "position": [
                1.0595401996071647,
                0.07801116085129145,
                0.5
            ],
            "radius": 0.054544033421566815,
            "heigth": 0.16082870963446078
        },
        {
            "position": [
                1.055669347842698,
                -0.1959947214940157,
                0.5
            ],
            "radius": 0.06612069026587863,
            "heigth": 0.1334314518915189
        },
        {
            "position": [
                1.146879037468327,
                0.18549180557194417,
                0.5
            ],
            "radius": 0.049778283301975035,
            "heigth": 0.1583182836413773
        }
    ],
    "target": [
        [
            1.0,
            0.0,
            0.0,
            1.1534894704818726
        ],
        [
            0.0,
            -0.9999999999999961,
            -8.742277974564334e-08,
            -0.001123561873100698
        ],
        [
            0.0,
            8.742277974564332e-08,
            -0.9999999999999961,
            0.6583824157714844
        ],
        [
            0.0,
            0.0,
            0.0,
            1.0
        ]
    ],
    "robot_base": [
        [
            1.0,
            0.0,
            0.0,
            0.0
        ],
        [
            0.0,
            1.0,
            0.0,
            -0.2533192632502732
        ],
        [
            0.0,
            0.0,
            1.0,
            0.0
        ],
        [
            0.0,
            0.0,
            0.0,
            1.0
        ]
    ]
}