{
    "cubes": [
        {
            "position": [
                1.5,
                0.0,
                0.4482938025852863
            ],
            "scale": [
                0.5,
                2.0,
                0.03
            ]
        }
    ],
    "cylinders": [
        {
            "position": [
                1.1026602011872553,
                0.2387695690974485,
                0.5
            ],
            "radius": 0.020600099142485725,
            "heigth": 0.14343537634138806
        },
        {
            "position": [
                1.0458621920445872,
                -0.19365094247878012,
                0.5
            ],
            "radius": 0.0711291226411899,
            "heigth": 0.13763032240305464
        },
        {
            "position": [
                1.0585474773777854,
                0.1372677198691652,
                0.5
            ],
            "radius": 0.04705227551597624,
            "heigth": 0.2573542277770876
        },
        {
            "position": [
                1.1335354248326994,
                0.1882171354474379,
                0.5
            ],
            "radius": 0.030729333053268394,
            "heigth": 0.3811880683486036
        }
    ],
    "target": [
        [
            1.0,
            0.0,
            0.0,
            1.1534894704818726
        ],
        [
            0.0,
            -0.9999999999999961,
            -8.742277974564334e-08,
            -0.001123561873100698
        ],
        [
            0.0,
            8.742277974564332e-08,
            -0.9999999999999961,
            0.6583824157714844
        ],
        [
            0.0,
            0.0,
            0.0,
            1.0
        ]
    ],
    "robot_base": [
        [
            1.0,
            0.0,
            0.0,
            0.0
        ],
        [
            0.0,
            1.0,
            0.0,
            0.4773951809840775
        ],
        [
            0.0,
            0.0,
            1.0,
            0.0
        ],
        [
            0.0,
            0.0,
            0.0,
            1.0
        ]
    ]
}