{
    "cubes": [
        {
            "position": [
                1.5,
                0.0,
                0.5711936269093435
            ],
            "scale": [
                0.5,
                2.0,
                0.03
            ]
        }
    ],
    "cylinders": [
        {
            "position": [
                1.1159883126433972,
                0.22549821345633403,
                0.5
            ],
            "radius": 0.036242282538707093,
            "heigth": 0.33460286050275106
        },
        {
            "position": [
                1.001472533370739,
                0.06359061612147582,
                0.5
            ],
            "radius": 0.03233216946567013,
            "heigth": 0.19246661897250233
        },
        {
            "position": [
                1.0218487269191545,
                0.008614357006616613,
                0.5
            ],
            "radius": 0.025665351352375493,
            "heigth": 0.2479074914501099
        },
        {
            "position": [
                1.0604690604370923,
                0.22667059265455775,
                0.5
            ],
            "radius": 0.02190461084950686,
            "heigth": 0.46575635962937073
        }
    ],
    "target": [
        [
            1.0,
            0.0,
            0.0,
            1.1534894704818726
        ],
        [
            0.0,
            -0.9999999999999961,
            -8.742277974564334e-08,
            -0.001123561873100698
        ],
        [
            0.0,
            8.742277974564332e-08,
            -0.9999999999999961,
            0.6583824157714844
        ],
        [
            0.0,
            0.0,
            0.0,
            1.0
        ]
    ],
    "robot_base": [
        [
            1.0,
            0.0,
            0.0,
            0.0
        ],
        [
            0.0,
            1.0,
            0.0,
            -0.2211863617340053
        ],
        [
            0.0,
            0.0,
            1.0,
            0.0
        ],
        [
            0.0,
            0.0,
            0.0,
            1.0
        ]
    ]
}