{
    "cubes": [
        {
            "position": [
                1.5,
                0.0,
                0.5356651243982804
            ],
            "scale": [
                0.5,
                2.0,
                0.03
            ]
        }
    ],
    "cylinders": [
        {
            "position": [
                1.0454922504579598,
                -0.138592486030941,
                0.5
            ],
            "radius": 0.03781887587421727,
            "heigth": 0.3573946929892458
        },
        {
            "position": [
                1.1680198319823762,
                0.15660787888407657,
                0.5
            ],
            "radius": 0.02385119478862343,
            "heigth": 0.4202313372230761
        },
        {
            "position": [
                1.0142188100609362,
                -0.10353475875978241,
                0.5
            ],
            "radius": 0.06925907580803009,
            "heigth": 0.178846130882542
        },
        {
            "position": [
                1.0350319265084873,
                -0.0732586340913467,
                0.5
            ],
            "radius": 0.04286544344020828,
            "heigth": 0.3857680491446674
        }
    ],
    "target": [
        [
            1.0,
            0.0,
            0.0,
            1.1534894704818726
        ],
        [
            0.0,
            -0.9999999999999961,
            -8.742277974564334e-08,
            -0.001123561873100698
        ],
        [
            0.0,
            8.742277974564332e-08,
            -0.9999999999999961,
            0.6583824157714844
        ],
        [
            0.0,
            0.0,
            0.0,
            1.0
        ]
    ],
    "robot_base": [
        [
            1.0,
            0.0,
            0.0,
            0.0
        ],
        [
            0.0,
            1.0,
            0.0,
            0.36077654724879127
        ],
        [
            0.0,
            0.0,
            1.0,
            0.0
        ],
        [
            0.0,
            0.0,
            0.0,
            1.0
        ]
    ]
}