{
    "cubes": [
        {
            "position": [
                1.5,
                0.0,
                0.4750968536836605
            ],
            "scale": [
                0.5,
                2.0,
                0.03
            ]
        }
    ],
    "cylinders": [
        {
            "position": [
                1.1993662758859762,
                0.1974692519052147,
                0.5
            ],
            "radius": 0.047392471013013256,
            "heigth": 0.2710638837088465
        },
        {
            "position": [
                1.0029985468990774,
                -0.18722037273060937,
                0.5
            ],
            "radius": 0.06799552588486274,
            "heigth": 0.3013625347048575
        },
        {
            "position": [
                1.1610425082125033,
                -0.1626918128806154,
                0.5
            ],
            "radius": 0.07650280041904699,
            "heigth": 0.17429447361609796
        },
        {
            "position": [
                1.0695494452229386,
                -0.2092781349847576,
                0.5
            ],
            "radius": 0.07386222339388412,
            "heigth": 0.3733646784826645
        }
    ],
    "target": [
        [
            1.0,
            0.0,
            0.0,
            1.1534894704818726
        ],
        [
            0.0,
            -0.9999999999999961,
            -8.742277974564334e-08,
            -0.001123561873100698
        ],
        [
            0.0,
            8.742277974564332e-08,
            -0.9999999999999961,
            0.6583824157714844
        ],
        [
            0.0,
            0.0,
            0.0,
            1.0
        ]
    ],
    "robot_base": [
        [
            1.0,
            0.0,
            0.0,
            0.0
        ],
        [
            0.0,
            1.0,
            0.0,
            -0.14679074810411352
        ],
        [
            0.0,
            0.0,
            1.0,
            0.0
        ],
        [
            0.0,
            0.0,
            0.0,
            1.0
        ]
    ]
}