{
    "cubes": [
        {
            "position": [
                1.5,
                0.0,
                0.5851350926271215
            ],
            "scale": [
                0.5,
                2.0,
                0.03
            ]
        }
    ],
    "cylinders": [
        {
            "position": [
                1.0375723968378072,
                0.22606035754238918,
                0.5
            ],
            "radius": 0.03505323972104234,
            "heigth": 0.10344625321541294
        },
        {
            "position": [
                1.0168182301127415,
                -0.18886857084827824,
                0.5
            ],
            "radius": 0.04079719053057766,
            "heigth": 0.4967556810882353
        },
        {
            "position": [
                1.1818324628278265,
                0.1611588876549246,
                0.5
            ],
            "radius": 0.03663084795094519,
            "heigth": 0.20901865819954235
        },
        {
            "position": [
                1.1894769516627037,
                0.20602775868366396,
                0.5
            ],
            "radius": 0.07224433804922756,
            "heigth": 0.4938605310546107
        }
    ],
    "target": [
        [
            1.0,
            0.0,
            0.0,
            1.1534894704818726
        ],
        [
            0.0,
            -0.9999999999999961,
            -8.742277974564334e-08,
            -0.001123561873100698
        ],
        [
            0.0,
            8.742277974564332e-08,
            -0.9999999999999961,
            0.6583824157714844
        ],
        [
            0.0,
            0.0,
            0.0,
            1.0
        ]
    ],
    "robot_base": [
        [
            1.0,
            0.0,
            0.0,
            0.0
        ],
        [
            0.0,
            1.0,
            0.0,
            -0.007181824772865442
        ],
        [
            0.0,
            0.0,
            1.0,
            0.0
        ],
        [
            0.0,
            0.0,
            0.0,
            1.0
        ]
    ]
}