{
    "cubes": [
        {
            "position": [
                1.5,
                0.0,
                0.5391710240648678
            ],
            "scale": [
                0.5,
                2.0,
                0.03
            ]
        }
    ],
    "cylinders": [
        {
            "position": [
                1.026619297101821,
                -0.1712141390333275,
                0.5
            ],
            "radius": 0.04165395795059621,
            "heigth": 0.20337688886028474
        },
        {
            "position": [
                1.0137161745459644,
                -0.0991431434887367,
                0.5
            ],
            "radius": 0.07223043618928891,
            "heigth": 0.4420819791543201
        },
        {
            "position": [
                1.0719551880801013,
                0.14953598640632254,
                0.5
            ],
            "radius": 0.025766207756891053,
            "heigth": 0.33511610883741233
        },
        {
            "position": [
                1.1123229982787217,
                -0.2052153869185241,
                0.5
            ],
            "radius": 0.023991842975851885,
            "heigth": 0.14556698748191
        }
    ],
    "target": [
        [
            1.0,
            0.0,
            0.0,
            1.1534894704818726
        ],
        [
            0.0,
            -0.9999999999999961,
            -8.742277974564334e-08,
            -0.001123561873100698
        ],
        [
            0.0,
            8.742277974564332e-08,
            -0.9999999999999961,
            0.6583824157714844
        ],
        [
            0.0,
            0.0,
            0.0,
            1.0
        ]
    ],
    "robot_base": [
        [
            1.0,
            0.0,
            0.0,
            0.0
        ],
        [
            0.0,
            1.0,
            0.0,
            0.28136102220976955
        ],
        [
            0.0,
            0.0,
            1.0,
            0.0
        ],
        [
            0.0,
            0.0,
            0.0,
            1.0
        ]
    ]
}