{
    "cubes": [
        {
            "position": [
                1.5,
                0.0,
                0.5579240702481427
            ],
            "scale": [
                0.5,
                2.0,
                0.03
            ]
        }
    ],
    "cylinders": [
        {
            "position": [
                1.0826127387453839,
                0.18870112299303204,
                0.5
            ],
            "radius": 0.03562655784289667,
            "heigth": 0.17704682235397323
        },
        {
            "position": [
                1.1937425873000684,
                -0.24203881964570173,
                0.5
            ],
            "radius": 0.07591108487167257,
            "heigth": 0.2453505079315622
        },
        {
            "position": [
                1.1080660649154368,
                -0.22994793918674156,
                0.5
            ],
            "radius": 0.02905252859797739,
            "heigth": 0.35601633119170695
        },
        {
            "position": [
                1.027645901665634,
                0.06783966612690279,
                0.5
            ],
            "radius": 0.07862821811657308,
            "heigth": 0.27756380392143853
        }
    ],
    "target": [
        [
            1.0,
            0.0,
            0.0,
            1.1534894704818726
        ],
        [
            0.0,
            -0.9999999999999961,
            -8.742277974564334e-08,
            -0.001123561873100698
        ],
        [
            0.0,
            8.742277974564332e-08,
            -0.9999999999999961,
            0.6583824157714844
        ],
        [
            0.0,
            0.0,
            0.0,
            1.0
        ]
    ],
    "robot_base": [
        [
            1.0,
            0.0,
            0.0,
            0.0
        ],
        [
            0.0,
            1.0,
            0.0,
            -0.3100563168750462
        ],
        [
            0.0,
            0.0,
            1.0,
            0.0
        ],
        [
            0.0,
            0.0,
            0.0,
            1.0
        ]
    ]
}