{
    "cubes": [
        {
            "position": [
                1.5,
                0.0,
                0.42896358932714634
            ],
            "scale": [
                0.5,
                2.0,
                0.03
            ]
        }
    ],
    "cylinders": [
        {
            "position": [
                1.073259632961613,
                -0.05390534579125089,
                0.5
            ],
            "radius": 0.07722950600293585,
            "heigth": 0.12305212462527175
        },
        {
            "position": [
                1.0726131945305941,
                -0.13839348467486412,
                0.5
            ],
            "radius": 0.038897088959746716,
            "heigth": 0.4210130906815103
        },
        {
            "position": [
                1.1922257661084363,
                -0.15552303120518635,
                0.5
            ],
            "radius": 0.03175711339643914,
            "heigth": 0.23317839036383117
        },
        {
            "position": [
                1.1522161403644062,
                0.18767333285743115,
                0.5
            ],
            "radius": 0.06567987515766932,
            "heigth": 0.18514699634091464
        }
    ],
    "target": [
        [
            1.0,
            0.0,
            0.0,
            1.1534894704818726
        ],
        [
            0.0,
            -0.9999999999999961,
            -8.742277974564334e-08,
            -0.001123561873100698
        ],
        [
            0.0,
            8.742277974564332e-08,
            -0.9999999999999961,
            0.6583824157714844
        ],
        [
            0.0,
            0.0,
            0.0,
            1.0
        ]
    ],
    "robot_base": [
        [
            1.0,
            0.0,
            0.0,
            0.0
        ],
        [
            0.0,
            1.0,
            0.0,
            0.21071091778054096
        ],
        [
            0.0,
            0.0,
            1.0,
            0.0
        ],
        [
            0.0,
            0.0,
            0.0,
            1.0
        ]
    ]
}