{
    "cubes": [
        {
            "position": [
                1.5,
                0.0,
                0.4285692100021248
            ],
            "scale": [
                0.5,
                2.0,
                0.03
            ]
        }
    ],
    "cylinders": [
        {
            "position": [
                1.1416208018317742,
                0.21591040652731125,
                0.5
            ],
            "radius": 0.03804659631892503,
            "heigth": 0.18983640199930635
        },
        {
            "position": [
                1.0744305156321354,
                -0.22199658658462545,
                0.5
            ],
            "radius": 0.02035159756154892,
            "heigth": 0.3522140437365635
        },
        {
            "position": [
                1.0981353452854272,
                -0.17921813230811628,
                0.5
            ],
            "radius": 0.05069193825106488,
            "heigth": 0.31926582524076513
        },
        {
            "position": [
                1.1420310234705773,
                -0.08872645771384552,
                0.5
            ],
            "radius": 0.052331940225712754,
            "heigth": 0.1083322125189927
        }
    ],
    "target": [
        [
            1.0,
            0.0,
            0.0,
            1.1534894704818726
        ],
        [
            0.0,
            -0.9999999999999961,
            -8.742277974564334e-08,
            -0.001123561873100698
        ],
        [
            0.0,
            8.742277974564332e-08,
            -0.9999999999999961,
            0.6583824157714844
        ],
        [
            0.0,
            0.0,
            0.0,
            1.0
        ]
    ],
    "robot_base": [
        [
            1.0,
            0.0,
            0.0,
            0.0
        ],
        [
            0.0,
            1.0,
            0.0,
            0.3613229180324904
        ],
        [
            0.0,
            0.0,
            1.0,
            0.0
        ],
        [
            0.0,
            0.0,
            0.0,
            1.0
        ]
    ]
}