{
    "cubes": [
        {
            "position": [
                1.5,
                0.0,
                0.5478913488409463
            ],
            "scale": [
                0.5,
                2.0,
                0.03
            ]
        }
    ],
    "cylinders": [
        {
            "position": [
                1.0295446464787188,
                -0.011805542146474612,
                0.5
            ],
            "radius": 0.0556487755630702,
            "heigth": 0.17980992496603854
        },
        {
            "position": [
                1.1313769025482467,
                -0.019403336776556646,
                0.5
            ],
            "radius": 0.02492290263671322,
            "heigth": 0.12993239381389537
        },
        {
            "position": [
                1.0822700897789204,
                -0.20829773004960989,
                0.5
            ],
            "radius": 0.06440162103265587,
            "heigth": 0.24804080596323333
        },
        {
            "position": [
                1.0688191760834462,
                -0.1700680901090127,
                0.5
            ],
            "radius": 0.05091777748734291,
            "heigth": 0.42642605058338706
        }
    ],
    "target": [
        [
            1.0,
            0.0,
            0.0,
            1.1534894704818726
        ],
        [
            0.0,
            -0.9999999999999961,
            -8.742277974564334e-08,
            -0.001123561873100698
        ],
        [
            0.0,
            8.742277974564332e-08,
            -0.9999999999999961,
            0.6583824157714844
        ],
        [
            0.0,
            0.0,
            0.0,
            1.0
        ]
    ],
    "robot_base": [
        [
            1.0,
            0.0,
            0.0,
            0.0
        ],
        [
            0.0,
            1.0,
            0.0,
            -0.13463301645295422
        ],
        [
            0.0,
            0.0,
            1.0,
            0.0
        ],
        [
            0.0,
            0.0,
            0.0,
            1.0
        ]
    ]
}