{
    "cubes": [
        {
            "position": [
                1.5,
                0.0,
                0.501531212631548
            ],
            "scale": [
                0.5,
                2.0,
                0.03
            ]
        }
    ],
    "cylinders": [
        {
            "position": [
                1.0476107555302083,
                0.06589576195424152,
                0.5
            ],
            "radius": 0.028914845789889135,
            "heigth": 0.1272285760771868
        },
        {
            "position": [
                1.0638311970228171,
                -0.06527282537939716,
                0.5
            ],
            "radius": 0.023473361405213805,
            "heigth": 0.29491203216826034
        },
        {
            "position": [
                1.1963339531883876,
                0.21225986818995085,
                0.5
            ],
            "radius": 0.04612761342493964,
            "heigth": 0.29840052017513646
        },
        {
            "position": [
                1.0449515307135857,
                -0.07712080439416108,
                0.5
            ],
            "radius": 0.03584559680025699,
            "heigth": 0.22044063616985257
        }
    ],
    "target": [
        [
            1.0,
            0.0,
            0.0,
            1.1534894704818726
        ],
        [
            0.0,
            -0.9999999999999961,
            -8.742277974564334e-08,
            -0.001123561873100698
        ],
        [
            0.0,
            8.742277974564332e-08,
            -0.9999999999999961,
            0.6583824157714844
        ],
        [
            0.0,
            0.0,
            0.0,
            1.0
        ]
    ],
    "robot_base": [
        [
            1.0,
            0.0,
            0.0,
            0.0
        ],
        [
            0.0,
            1.0,
            0.0,
            0.003658309246845959
        ],
        [
            0.0,
            0.0,
            1.0,
            0.0
        ],
        [
            0.0,
            0.0,
            0.0,
            1.0
        ]
    ]
}