{
    "cubes": [
        {
            "position": [
                1.5,
                0.0,
                0.44399170525062776
            ],
            "scale": [
                0.5,
                2.0,
                0.03
            ]
        }
    ],
    "cylinders": [
        {
            "position": [
                1.0150326877242537,
                -0.11791235332192607,
                0.5
            ],
            "radius": 0.05778412268845513,
            "heigth": 0.3122210968264718
        },
        {
            "position": [
                1.080121508971036,
                0.02917234965338894,
                0.5
            ],
            "radius": 0.03989506467116935,
            "heigth": 0.17896337774445303
        },
        {
            "position": [
                1.0396920776092213,
                0.23546624292834978,
                0.5
            ],
            "radius": 0.076494902985244,
            "heigth": 0.3144567577270502
        },
        {
            "position": [
                1.1599383537617076,
                0.24763533987916359,
                0.5
            ],
            "radius": 0.07369225662946458,
            "heigth": 0.24775351036054374
        }
    ],
    "target": [
        [
            1.0,
            0.0,
            0.0,
            1.1534894704818726
        ],
        [
            0.0,
            -0.9999999999999961,
            -8.742277974564334e-08,
            -0.001123561873100698
        ],
        [
            0.0,
            8.742277974564332e-08,
            -0.9999999999999961,
            0.6583824157714844
        ],
        [
            0.0,
            0.0,
            0.0,
            1.0
        ]
    ],
    "robot_base": [
        [
            1.0,
            0.0,
            0.0,
            0.0
        ],
        [
            0.0,
            1.0,
            0.0,
            0.06189469203265796
        ],
        [
            0.0,
            0.0,
            1.0,
            0.0
        ],
        [
            0.0,
            0.0,
            0.0,
            1.0
        ]
    ]
}