{
    "cubes": [
        {
            "position": [
                1.5,
                0.0,
                0.5264870593261357
            ],
            "scale": [
                0.5,
                2.0,
                0.03
            ]
        }
    ],
    "cylinders": [
        {
            "position": [
                1.0051937844897583,
                0.056358520208512564,
                0.5
            ],
            "radius": 0.04303529408846535,
            "heigth": 0.27621207378897916
        },
        {
            "position": [
                1.0469195463103187,
                0.1801655825953422,
                0.5
            ],
            "radius": 0.05197307666215425,
            "heigth": 0.29586139428311764
        },
        {
            "position": [
                1.0929485783768138,
                0.19379005449790082,
                0.5
            ],
            "radius": 0.05783373750458189,
            "heigth": 0.4859918603495873
        },
        {
            "position": [
                1.0136111770128242,
                0.0006132473077936074,
                0.5
            ],
            "radius": 0.05422222645289513,
            "heigth": 0.21770071960692033
        }
    ],
    "target": [
        [
            1.0,
            0.0,
            0.0,
            1.1534894704818726
        ],
        [
            0.0,
            -0.9999999999999961,
            -8.742277974564334e-08,
            -0.001123561873100698
        ],
        [
            0.0,
            8.742277974564332e-08,
            -0.9999999999999961,
            0.6583824157714844
        ],
        [
            0.0,
            0.0,
            0.0,
            1.0
        ]
    ],
    "robot_base": [
        [
            1.0,
            0.0,
            0.0,
            0.0
        ],
        [
            0.0,
            1.0,
            0.0,
            0.3556018212937603
        ],
        [
            0.0,
            0.0,
            1.0,
            0.0
        ],
        [
            0.0,
            0.0,
            0.0,
            1.0
        ]
    ]
}