{
    "cubes": [
        {
            "position": [
                1.5,
                0.0,
                0.5755005278896821
            ],
            "scale": [
                0.5,
                2.0,
                0.03
            ]
        }
    ],
    "cylinders": [
        {
            "position": [
                1.1245158969259328,
                -0.11520623204753405,
                0.5
            ],
            "radius": 0.07808620077445347,
            "heigth": 0.10856783872290843
        },
        {
            "position": [
                1.0144038556887036,
                -0.23665448164387376,
                0.5
            ],
            "radius": 0.049774838608512215,
            "heigth": 0.204706508963745
        },
        {
            "position": [
                1.0514499438888893,
                -0.16032236319271442,
                0.5
            ],
            "radius": 0.042844081512841026,
            "heigth": 0.2101026333415579
        },
        {
            "position": [
                1.0799450487760736,
                -0.19931537514459913,
                0.5
            ],
            "radius": 0.06683481689106885,
            "heigth": 0.22693895866747885
        }
    ],
    "target": [
        [
            1.0,
            0.0,
            0.0,
            1.1534894704818726
        ],
        [
            0.0,
            -0.9999999999999961,
            -8.742277974564334e-08,
            -0.001123561873100698
        ],
        [
            0.0,
            8.742277974564332e-08,
            -0.9999999999999961,
            0.6583824157714844
        ],
        [
            0.0,
            0.0,
            0.0,
            1.0
        ]
    ],
    "robot_base": [
        [
            1.0,
            0.0,
            0.0,
            0.0
        ],
        [
            0.0,
            1.0,
            0.0,
            -0.48271073054935265
        ],
        [
            0.0,
            0.0,
            1.0,
            0.0
        ],
        [
            0.0,
            0.0,
            0.0,
            1.0
        ]
    ]
}