{
    "cubes": [
        {
            "position": [
                1.5,
                0.0,
                0.41118552414717835
            ],
            "scale": [
                0.5,
                2.0,
                0.03
            ]
        }
    ],
    "cylinders": [
        {
            "position": [
                1.0416314599852958,
                0.06806052849316574,
                0.5
            ],
            "radius": 0.047437866598382256,
            "heigth": 0.15953640049820422
        },
        {
            "position": [
                1.1269996199616117,
                -0.17069033722731147,
                0.5
            ],
            "radius": 0.04605731163965836,
            "heigth": 0.37727040221387703
        },
        {
            "position": [
                1.0904190713608053,
                0.1578134026064093,
                0.5
            ],
            "radius": 0.03463976877389348,
            "heigth": 0.18422205329294472
        },
        {
            "position": [
                1.1172413334771598,
                0.1287240939229658,
                0.5
            ],
            "radius": 0.06493531359743762,
            "heigth": 0.17613920093558055
        }
    ],
    "target": [
        [
            1.0,
            0.0,
            0.0,
            1.1534894704818726
        ],
        [
            0.0,
            -0.9999999999999961,
            -8.742277974564334e-08,
            -0.001123561873100698
        ],
        [
            0.0,
            8.742277974564332e-08,
            -0.9999999999999961,
            0.6583824157714844
        ],
        [
            0.0,
            0.0,
            0.0,
            1.0
        ]
    ],
    "robot_base": [
        [
            1.0,
            0.0,
            0.0,
            0.0
        ],
        [
            0.0,
            1.0,
            0.0,
            -0.23919139017126823
        ],
        [
            0.0,
            0.0,
            1.0,
            0.0
        ],
        [
            0.0,
            0.0,
            0.0,
            1.0
        ]
    ]
}