{
    "cubes": [
        {
            "position": [
                1.5,
                0.0,
                0.5310062082589944
            ],
            "scale": [
                0.5,
                2.0,
                0.03
            ]
        }
    ],
    "cylinders": [
        {
            "position": [
                1.0468168779037526,
                -0.2031633911838165,
                0.5
            ],
            "radius": 0.03491471993153396,
            "heigth": 0.35509581000613916
        },
        {
            "position": [
                1.0192546988678242,
                0.16675486722105376,
                0.5
            ],
            "radius": 0.03071969577400797,
            "heigth": 0.333083299443794
        },
        {
            "position": [
                1.0537337359786572,
                -0.13547984369684096,
                0.5
            ],
            "radius": 0.038079124000472454,
            "heigth": 0.1754279906395653
        },
        {
            "position": [
                1.0427325010264052,
                -0.10307016435942734,
                0.5
            ],
            "radius": 0.047980002891891735,
            "heigth": 0.34796365391390505
        }
    ],
    "target": [
        [
            1.0,
            0.0,
            0.0,
            1.1534894704818726
        ],
        [
            0.0,
            -0.9999999999999961,
            -8.742277974564334e-08,
            -0.001123561873100698
        ],
        [
            0.0,
            8.742277974564332e-08,
            -0.9999999999999961,
            0.6583824157714844
        ],
        [
            0.0,
            0.0,
            0.0,
            1.0
        ]
    ],
    "robot_base": [
        [
            1.0,
            0.0,
            0.0,
            0.0
        ],
        [
            0.0,
            1.0,
            0.0,
            -0.10135617303818101
        ],
        [
            0.0,
            0.0,
            1.0,
            0.0
        ],
        [
            0.0,
            0.0,
            0.0,
            1.0
        ]
    ]
}