{
    "cubes": [
        {
            "position": [
                1.5,
                0.0,
                0.5430439042481333
            ],
            "scale": [
                0.5,
                2.0,
                0.03
            ]
        }
    ],
    "cylinders": [
        {
            "position": [
                1.0444489343346552,
                -0.0775042480386195,
                0.5
            ],
            "radius": 0.04641818617332573,
            "heigth": 0.4870456977221673
        },
        {
            "position": [
                1.0066341195688304,
                0.16601134022009362,
                0.5
            ],
            "radius": 0.06296861189962018,
            "heigth": 0.33047109773794536
        },
        {
            "position": [
                1.0321284036041305,
                -0.07799251808813801,
                0.5
            ],
            "radius": 0.07411070189147653,
            "heigth": 0.25606559507785315
        },
        {
            "position": [
                1.0185757078795061,
                -0.11693415393401513,
                0.5
            ],
            "radius": 0.050007635471159044,
            "heigth": 0.2266026948368158
        }
    ],
    "target": [
        [
            1.0,
            0.0,
            0.0,
            1.1534894704818726
        ],
        [
            0.0,
            -0.9999999999999961,
            -8.742277974564334e-08,
            -0.001123561873100698
        ],
        [
            0.0,
            8.742277974564332e-08,
            -0.9999999999999961,
            0.6583824157714844
        ],
        [
            0.0,
            0.0,
            0.0,
            1.0
        ]
    ],
    "robot_base": [
        [
            1.0,
            0.0,
            0.0,
            0.0
        ],
        [
            0.0,
            1.0,
            0.0,
            0.357880509889169
        ],
        [
            0.0,
            0.0,
            1.0,
            0.0
        ],
        [
            0.0,
            0.0,
            0.0,
            1.0
        ]
    ]
}