{
    "cubes": [
        {
            "position": [
                1.5,
                0.0,
                0.4679891917228366
            ],
            "scale": [
                0.5,
                2.0,
                0.03
            ]
        }
    ],
    "cylinders": [
        {
            "position": [
                1.0699458841397775,
                -0.2437163904364837,
                0.5
            ],
            "radius": 0.05406557151118684,
            "heigth": 0.2672112023705051
        },
        {
            "position": [
                1.1508478655893668,
                0.22917237383577077,
                0.5
            ],
            "radius": 0.03678497276060617,
            "heigth": 0.2478077524070525
        },
        {
            "position": [
                1.0506944632027213,
                -0.13193082144119872,
                0.5
            ],
            "radius": 0.04402656031034298,
            "heigth": 0.35879198209432267
        },
        {
            "position": [
                1.0456421214705107,
                -0.08340535898983814,
                0.5
            ],
            "radius": 0.058466175149559325,
            "heigth": 0.2094961846087671
        }
    ],
    "target": [
        [
            1.0,
            0.0,
            0.0,
            1.1534894704818726
        ],
        [
            0.0,
            -0.9999999999999961,
            -8.742277974564334e-08,
            -0.001123561873100698
        ],
        [
            0.0,
            8.742277974564332e-08,
            -0.9999999999999961,
            0.6583824157714844
        ],
        [
            0.0,
            0.0,
            0.0,
            1.0
        ]
    ],
    "robot_base": [
        [
            1.0,
            0.0,
            0.0,
            0.0
        ],
        [
            0.0,
            1.0,
            0.0,
            -0.3315142431980578
        ],
        [
            0.0,
            0.0,
            1.0,
            0.0
        ],
        [
            0.0,
            0.0,
            0.0,
            1.0
        ]
    ]
}