{
    "cubes": [
        {
            "position": [
                1.5,
                0.0,
                0.4624295878021312
            ],
            "scale": [
                0.5,
                2.0,
                0.03
            ]
        }
    ],
    "cylinders": [
        {
            "position": [
                1.0011724184532294,
                0.0033682471659404745,
                0.5
            ],
            "radius": 0.05592330980992945,
            "heigth": 0.195803530862191
        },
        {
            "position": [
                1.0594188255835975,
                -0.24381465653910228,
                0.5
            ],
            "radius": 0.04759790296336848,
            "heigth": 0.4105174956238784
        },
        {
            "position": [
                1.1644853567708497,
                0.13606218911014623,
                0.5
            ],
            "radius": 0.05560919004826538,
            "heigth": 0.13475995217529538
        },
        {
            "position": [
                1.0173045154468814,
                0.2278204500179255,
                0.5
            ],
            "radius": 0.02941427041656426,
            "heigth": 0.4462348291447944
        }
    ],
    "target": [
        [
            1.0,
            0.0,
            0.0,
            1.1534894704818726
        ],
        [
            0.0,
            -0.9999999999999961,
            -8.742277974564334e-08,
            -0.001123561873100698
        ],
        [
            0.0,
            8.742277974564332e-08,
            -0.9999999999999961,
            0.6583824157714844
        ],
        [
            0.0,
            0.0,
            0.0,
            1.0
        ]
    ],
    "robot_base": [
        [
            1.0,
            0.0,
            0.0,
            0.0
        ],
        [
            0.0,
            1.0,
            0.0,
            0.4057420935461784
        ],
        [
            0.0,
            0.0,
            1.0,
            0.0
        ],
        [
            0.0,
            0.0,
            0.0,
            1.0
        ]
    ]
}