{
    "cubes": [
        {
            "position": [
                1.5,
                0.0,
                0.497837568989514
            ],
            "scale": [
                0.5,
                2.0,
                0.03
            ]
        }
    ],
    "cylinders": [
        {
            "position": [
                1.0275126701140946,
                -0.13225571108437856,
                0.5
            ],
            "radius": 0.03522296814739281,
            "heigth": 0.35535847943679505
        },
        {
            "position": [
                1.0669471518099822,
                0.23532336255294994,
                0.5
            ],
            "radius": 0.03802608680885983,
            "heigth": 0.28206495293165634
        },
        {
            "position": [
                1.1224788523880118,
                -0.18111551736442383,
                0.5
            ],
            "radius": 0.05905347405353358,
            "heigth": 0.1752427261516077
        },
        {
            "position": [
                1.0244773353289232,
                -0.20214046910089956,
                0.5
            ],
            "radius": 0.06053283315085921,
            "heigth": 0.17315831747963356
        }
    ],
    "target": [
        [
            1.0,
            0.0,
            0.0,
            1.1534894704818726
        ],
        [
            0.0,
            -0.9999999999999961,
            -8.742277974564334e-08,
            -0.001123561873100698
        ],
        [
            0.0,
            8.742277974564332e-08,
            -0.9999999999999961,
            0.6583824157714844
        ],
        [
            0.0,
            0.0,
            0.0,
            1.0
        ]
    ],
    "robot_base": [
        [
            1.0,
            0.0,
            0.0,
            0.0
        ],
        [
            0.0,
            1.0,
            0.0,
            -0.4983433105520073
        ],
        [
            0.0,
            0.0,
            1.0,
            0.0
        ],
        [
            0.0,
            0.0,
            0.0,
            1.0
        ]
    ]
}