{
    "cubes": [
        {
            "position": [
                1.5,
                0.0,
                0.44579456740115464
            ],
            "scale": [
                0.5,
                2.0,
                0.03
            ]
        }
    ],
    "cylinders": [
        {
            "position": [
                1.0309768745436405,
                0.003936290000889908,
                0.5
            ],
            "radius": 0.07612777762338316,
            "heigth": 0.19963990544122684
        },
        {
            "position": [
                1.1153261343022762,
                -0.2151614149902718,
                0.5
            ],
            "radius": 0.03428138006644278,
            "heigth": 0.10921007960380684
        },
        {
            "position": [
                1.0246754346461677,
                -0.01262940233998655,
                0.5
            ],
            "radius": 0.03486804542187559,
            "heigth": 0.28084944923327815
        },
        {
            "position": [
                1.0424792138818106,
                -0.17311476943748838,
                0.5
            ],
            "radius": 0.07579807244774944,
            "heigth": 0.10126865430711154
        }
    ],
    "target": [
        [
            1.0,
            0.0,
            0.0,
            1.1534894704818726
        ],
        [
            0.0,
            -0.9999999999999961,
            -8.742277974564334e-08,
            -0.001123561873100698
        ],
        [
            0.0,
            8.742277974564332e-08,
            -0.9999999999999961,
            0.6583824157714844
        ],
        [
            0.0,
            0.0,
            0.0,
            1.0
        ]
    ],
    "robot_base": [
        [
            1.0,
            0.0,
            0.0,
            0.0
        ],
        [
            0.0,
            1.0,
            0.0,
            -0.03495077921238021
        ],
        [
            0.0,
            0.0,
            1.0,
            0.0
        ],
        [
            0.0,
            0.0,
            0.0,
            1.0
        ]
    ]
}