{
    "cubes": [
        {
            "position": [
                1.5,
                0.0,
                0.41126577273870246
            ],
            "scale": [
                0.5,
                2.0,
                0.03
            ]
        }
    ],
    "cylinders": [
        {
            "position": [
                1.0782929183593604,
                0.12913974705789727,
                0.5
            ],
            "radius": 0.07436104926584292,
            "heigth": 0.11431220253925176
        },
        {
            "position": [
                1.0076820646917313,
                -0.23499389056937153,
                0.5
            ],
            "radius": 0.03193360455648387,
            "heigth": 0.18678951226586032
        },
        {
            "position": [
                1.0257643174252924,
                -0.14225398913308707,
                0.5
            ],
            "radius": 0.07690971298018316,
            "heigth": 0.2885070860587579
        },
        {
            "position": [
                1.1117859378615103,
                0.23482836533106993,
                0.5
            ],
            "radius": 0.07963007454636428,
            "heigth": 0.29763995677293853
        }
    ],
    "target": [
        [
            1.0,
            0.0,
            0.0,
            1.1534894704818726
        ],
        [
            0.0,
            -0.9999999999999961,
            -8.742277974564334e-08,
            -0.001123561873100698
        ],
        [
            0.0,
            8.742277974564332e-08,
            -0.9999999999999961,
            0.6583824157714844
        ],
        [
            0.0,
            0.0,
            0.0,
            1.0
        ]
    ],
    "robot_base": [
        [
            1.0,
            0.0,
            0.0,
            0.0
        ],
        [
            0.0,
            1.0,
            0.0,
            -0.18438167339095402
        ],
        [
            0.0,
            0.0,
            1.0,
            0.0
        ],
        [
            0.0,
            0.0,
            0.0,
            1.0
        ]
    ]
}