{
    "cubes": [
        {
            "position": [
                1.5,
                0.0,
                0.5002923126516161
            ],
            "scale": [
                0.5,
                2.0,
                0.03
            ]
        }
    ],
    "cylinders": [
        {
            "position": [
                1.1599372826455912,
                0.21229229301253116,
                0.5
            ],
            "radius": 0.028623572417522274,
            "heigth": 0.16366441772871942
        },
        {
            "position": [
                1.1582136503086555,
                0.169904986445856,
                0.5
            ],
            "radius": 0.03198838386278119,
            "heigth": 0.4561609735326966
        },
        {
            "position": [
                1.0859228867889308,
                0.15980085939158467,
                0.5
            ],
            "radius": 0.022626386152008036,
            "heigth": 0.18803153626909935
        },
        {
            "position": [
                1.0886336563725243,
                0.1460281744773516,
                0.5
            ],
            "radius": 0.02758868249597187,
            "heigth": 0.16700305947866603
        }
    ],
    "target": [
        [
            1.0,
            0.0,
            0.0,
            1.1534894704818726
        ],
        [
            0.0,
            -0.9999999999999961,
            -8.742277974564334e-08,
            -0.001123561873100698
        ],
        [
            0.0,
            8.742277974564332e-08,
            -0.9999999999999961,
            0.6583824157714844
        ],
        [
            0.0,
            0.0,
            0.0,
            1.0
        ]
    ],
    "robot_base": [
        [
            1.0,
            0.0,
            0.0,
            0.0
        ],
        [
            0.0,
            1.0,
            0.0,
            0.34539835158051135
        ],
        [
            0.0,
            0.0,
            1.0,
            0.0
        ],
        [
            0.0,
            0.0,
            0.0,
            1.0
        ]
    ]
}