{
    "cubes": [
        {
            "position": [
                1.5,
                0.0,
                0.59583758751962
            ],
            "scale": [
                0.5,
                2.0,
                0.03
            ]
        }
    ],
    "cylinders": [
        {
            "position": [
                1.0676480949847558,
                -0.09563461881711932,
                0.5
            ],
            "radius": 0.06989864222514755,
            "heigth": 0.14743689427423134
        },
        {
            "position": [
                1.1655287251192148,
                -0.24403873084219319,
                0.5
            ],
            "radius": 0.07567358353525237,
            "heigth": 0.17087311755684897
        },
        {
            "position": [
                1.1256928286323151,
                0.20720007119114803,
                0.5
            ],
            "radius": 0.029922431414416792,
            "heigth": 0.1923867092615142
        },
        {
            "position": [
                1.0260069872948154,
                0.24809513834047714,
                0.5
            ],
            "radius": 0.07340536836942055,
            "heigth": 0.3102936300464869
        }
    ],
    "target": [
        [
            1.0,
            0.0,
            0.0,
            1.1534894704818726
        ],
        [
            0.0,
            -0.9999999999999961,
            -8.742277974564334e-08,
            -0.001123561873100698
        ],
        [
            0.0,
            8.742277974564332e-08,
            -0.9999999999999961,
            0.6583824157714844
        ],
        [
            0.0,
            0.0,
            0.0,
            1.0
        ]
    ],
    "robot_base": [
        [
            1.0,
            0.0,
            0.0,
            0.0
        ],
        [
            0.0,
            1.0,
            0.0,
            0.377816070010345
        ],
        [
            0.0,
            0.0,
            1.0,
            0.0
        ],
        [
            0.0,
            0.0,
            0.0,
            1.0
        ]
    ]
}