{
    "cubes": [
        {
            "position": [
                1.5,
                0.0,
                0.40735042000199
            ],
            "scale": [
                0.5,
                2.0,
                0.03
            ]
        }
    ],
    "cylinders": [
        {
            "position": [
                1.1650200558951025,
                -0.15272391708853267,
                0.5
            ],
            "radius": 0.05736814852965734,
            "heigth": 0.14794121635833093
        },
        {
            "position": [
                1.0786096541364592,
                0.20930255487480726,
                0.5
            ],
            "radius": 0.06763349141171089,
            "heigth": 0.17096191225061008
        },
        {
            "position": [
                1.047129547900336,
                0.19609220860521243,
                0.5
            ],
            "radius": 0.055590961438900056,
            "heigth": 0.1111146363937302
        },
        {
            "position": [
                1.1272691168736093,
                0.23042946055594515,
                0.5
            ],
            "radius": 0.05767070730194415,
            "heigth": 0.22238617364188554
        }
    ],
    "target": [
        [
            1.0,
            0.0,
            0.0,
            1.1534894704818726
        ],
        [
            0.0,
            -0.9999999999999961,
            -8.742277974564334e-08,
            -0.001123561873100698
        ],
        [
            0.0,
            8.742277974564332e-08,
            -0.9999999999999961,
            0.6583824157714844
        ],
        [
            0.0,
            0.0,
            0.0,
            1.0
        ]
    ],
    "robot_base": [
        [
            1.0,
            0.0,
            0.0,
            0.0
        ],
        [
            0.0,
            1.0,
            0.0,
            0.281243611150347
        ],
        [
            0.0,
            0.0,
            1.0,
            0.0
        ],
        [
            0.0,
            0.0,
            0.0,
            1.0
        ]
    ]
}