{
    "cubes": [
        {
            "position": [
                1.5,
                0.0,
                0.4551995427263596
            ],
            "scale": [
                0.5,
                2.0,
                0.03
            ]
        }
    ],
    "cylinders": [
        {
            "position": [
                1.008011669949933,
                0.1772328792952212,
                0.5
            ],
            "radius": 0.023267947773920737,
            "heigth": 0.4525458371753971
        },
        {
            "position": [
                1.0962121198627812,
                -0.2220191969441595,
                0.5
            ],
            "radius": 0.041846478967885806,
            "heigth": 0.1422965867245472
        },
        {
            "position": [
                1.0389477858416798,
                -0.16925065526569066,
                0.5
            ],
            "radius": 0.04886910712014288,
            "heigth": 0.21735058571395782
        },
        {
            "position": [
                1.063206456480286,
                0.185302442237899,
                0.5
            ],
            "radius": 0.03650233575206814,
            "heigth": 0.2824642857141684
        }
    ],
    "target": [
        [
            1.0,
            0.0,
            0.0,
            1.1534894704818726
        ],
        [
            0.0,
            -0.9999999999999961,
            -8.742277974564334e-08,
            -0.001123561873100698
        ],
        [
            0.0,
            8.742277974564332e-08,
            -0.9999999999999961,
            0.6583824157714844
        ],
        [
            0.0,
            0.0,
            0.0,
            1.0
        ]
    ],
    "robot_base": [
        [
            1.0,
            0.0,
            0.0,
            0.0
        ],
        [
            0.0,
            1.0,
            0.0,
            0.2537106943168528
        ],
        [
            0.0,
            0.0,
            1.0,
            0.0
        ],
        [
            0.0,
            0.0,
            0.0,
            1.0
        ]
    ]
}