{
    "cubes": [
        {
            "position": [
                1.5,
                0.0,
                0.4809944421442453
            ],
            "scale": [
                0.5,
                2.0,
                0.03
            ]
        }
    ],
    "cylinders": [
        {
            "position": [
                1.0410604274732895,
                0.10722195135059137,
                0.5
            ],
            "radius": 0.026479543251159008,
            "heigth": 0.2622265873738431
        },
        {
            "position": [
                1.1479625850396058,
                0.2225416972625726,
                0.5
            ],
            "radius": 0.06783738496353206,
            "heigth": 0.4488920777156158
        },
        {
            "position": [
                1.1968125565755094,
                -0.17985127846629811,
                0.5
            ],
            "radius": 0.024311836272376944,
            "heigth": 0.3875034423033669
        },
        {
            "position": [
                1.0040214945044688,
                0.032682260308409594,
                0.5
            ],
            "radius": 0.04284849431006267,
            "heigth": 0.2192458225496221
        }
    ],
    "target": [
        [
            1.0,
            0.0,
            0.0,
            1.1534894704818726
        ],
        [
            0.0,
            -0.9999999999999961,
            -8.742277974564334e-08,
            -0.001123561873100698
        ],
        [
            0.0,
            8.742277974564332e-08,
            -0.9999999999999961,
            0.6583824157714844
        ],
        [
            0.0,
            0.0,
            0.0,
            1.0
        ]
    ],
    "robot_base": [
        [
            1.0,
            0.0,
            0.0,
            0.0
        ],
        [
            0.0,
            1.0,
            0.0,
            -0.004271008818470201
        ],
        [
            0.0,
            0.0,
            1.0,
            0.0
        ],
        [
            0.0,
            0.0,
            0.0,
            1.0
        ]
    ]
}