{
    "cubes": [
        {
            "position": [
                1.5,
                0.0,
                0.4681143277680773
            ],
            "scale": [
                0.5,
                2.0,
                0.03
            ]
        }
    ],
    "cylinders": [
        {
            "position": [
                1.1017335272487723,
                0.20193123372218857,
                0.5
            ],
            "radius": 0.04588795429918898,
            "heigth": 0.28040436287389703
        },
        {
            "position": [
                1.0107629308356,
                -0.12266300203680275,
                0.5
            ],
            "radius": 0.02598728630560139,
            "heigth": 0.419855039722384
        },
        {
            "position": [
                1.0839493120627766,
                -0.1999043372444796,
                0.5
            ],
            "radius": 0.04489202715485291,
            "heigth": 0.22185564058318774
        },
        {
            "position": [
                1.0837662946410467,
                0.2408301717113701,
                0.5
            ],
            "radius": 0.07060144852345696,
            "heigth": 0.40992425103859065
        }
    ],
    "target": [
        [
            1.0,
            0.0,
            0.0,
            1.1534894704818726
        ],
        [
            0.0,
            -0.9999999999999961,
            -8.742277974564334e-08,
            -0.001123561873100698
        ],
        [
            0.0,
            8.742277974564332e-08,
            -0.9999999999999961,
            0.6583824157714844
        ],
        [
            0.0,
            0.0,
            0.0,
            1.0
        ]
    ],
    "robot_base": [
        [
            1.0,
            0.0,
            0.0,
            0.0
        ],
        [
            0.0,
            1.0,
            0.0,
            0.41749526473348453
        ],
        [
            0.0,
            0.0,
            1.0,
            0.0
        ],
        [
            0.0,
            0.0,
            0.0,
            1.0
        ]
    ]
}