{
    "cubes": [
        {
            "position": [
                1.5,
                0.0,
                0.571098273803036
            ],
            "scale": [
                0.5,
                2.0,
                0.03
            ]
        }
    ],
    "cylinders": [
        {
            "position": [
                1.0309769913912963,
                0.17122963432900656,
                0.5
            ],
            "radius": 0.04946510653364161,
            "heigth": 0.37887283246836595
        },
        {
            "position": [
                1.0191180892605798,
                -0.14221659615577953,
                0.5
            ],
            "radius": 0.04783316014285206,
            "heigth": 0.21003623105568964
        },
        {
            "position": [
                1.0799028912977848,
                -0.04496302784644152,
                0.5
            ],
            "radius": 0.03997911785429975,
            "heigth": 0.1332397359575873
        },
        {
            "position": [
                1.0352349418512123,
                -0.1070414577123373,
                0.5
            ],
            "radius": 0.0429659514134161,
            "heigth": 0.10079691137199746
        }
    ],
    "target": [
        [
            1.0,
            0.0,
            0.0,
            1.1534894704818726
        ],
        [
            0.0,
            -0.9999999999999961,
            -8.742277974564334e-08,
            -0.001123561873100698
        ],
        [
            0.0,
            8.742277974564332e-08,
            -0.9999999999999961,
            0.6583824157714844
        ],
        [
            0.0,
            0.0,
            0.0,
            1.0
        ]
    ],
    "robot_base": [
        [
            1.0,
            0.0,
            0.0,
            0.0
        ],
        [
            0.0,
            1.0,
            0.0,
            0.49959724223529556
        ],
        [
            0.0,
            0.0,
            1.0,
            0.0
        ],
        [
            0.0,
            0.0,
            0.0,
            1.0
        ]
    ]
}