{
    "cubes": [
        {
            "position": [
                1.5,
                0.0,
                0.4898139508801356
            ],
            "scale": [
                0.5,
                2.0,
                0.03
            ]
        }
    ],
    "cylinders": [
        {
            "position": [
                1.1187283080568797,
                0.21313803714855428,
                0.5
            ],
            "radius": 0.021413888609646974,
            "heigth": 0.4410600618045353
        },
        {
            "position": [
                1.1973056675626839,
                0.18112095529928574,
                0.5
            ],
            "radius": 0.043044563882689055,
            "heigth": 0.10758195537245852
        },
        {
            "position": [
                1.045157121789296,
                -0.18728239596268037,
                0.5
            ],
            "radius": 0.07846994237758309,
            "heigth": 0.4686125723823621
        },
        {
            "position": [
                1.0660852422128135,
                0.07917583417249274,
                0.5
            ],
            "radius": 0.05907969999047751,
            "heigth": 0.11340105745537021
        }
    ],
    "target": [
        [
            1.0,
            0.0,
            0.0,
            1.1534894704818726
        ],
        [
            0.0,
            -0.9999999999999961,
            -8.742277974564334e-08,
            -0.001123561873100698
        ],
        [
            0.0,
            8.742277974564332e-08,
            -0.9999999999999961,
            0.6583824157714844
        ],
        [
            0.0,
            0.0,
            0.0,
            1.0
        ]
    ],
    "robot_base": [
        [
            1.0,
            0.0,
            0.0,
            0.0
        ],
        [
            0.0,
            1.0,
            0.0,
            -0.12170907287608734
        ],
        [
            0.0,
            0.0,
            1.0,
            0.0
        ],
        [
            0.0,
            0.0,
            0.0,
            1.0
        ]
    ]
}