{
    "cubes": [
        {
            "position": [
                1.5,
                0.0,
                0.5560945515359694
            ],
            "scale": [
                0.5,
                2.0,
                0.03
            ]
        }
    ],
    "cylinders": [
        {
            "position": [
                1.1742735904444175,
                -0.18904791599353982,
                0.5
            ],
            "radius": 0.03405996210192077,
            "heigth": 0.4035838959103085
        },
        {
            "position": [
                1.047675761503223,
                -0.21217975828032942,
                0.5
            ],
            "radius": 0.058483030210793645,
            "heigth": 0.1642225752353894
        },
        {
            "position": [
                1.1641483128445345,
                -0.18587963306015592,
                0.5
            ],
            "radius": 0.05336795971958764,
            "heigth": 0.26980053419852745
        },
        {
            "position": [
                1.0789703180865287,
                0.12939392102719383,
                0.5
            ],
            "radius": 0.025639723878945753,
            "heigth": 0.13956407688010153
        }
    ],
    "target": [
        [
            1.0,
            0.0,
            0.0,
            1.1534894704818726
        ],
        [
            0.0,
            -0.9999999999999961,
            -8.742277974564334e-08,
            -0.001123561873100698
        ],
        [
            0.0,
            8.742277974564332e-08,
            -0.9999999999999961,
            0.6583824157714844
        ],
        [
            0.0,
            0.0,
            0.0,
            1.0
        ]
    ],
    "robot_base": [
        [
            1.0,
            0.0,
            0.0,
            0.0
        ],
        [
            0.0,
            1.0,
            0.0,
            0.08703931015218591
        ],
        [
            0.0,
            0.0,
            1.0,
            0.0
        ],
        [
            0.0,
            0.0,
            0.0,
            1.0
        ]
    ]
}