{
    "cubes": [
        {
            "position": [
                1.5,
                0.0,
                0.42615187464284027
            ],
            "scale": [
                0.5,
                2.0,
                0.03
            ]
        }
    ],
    "cylinders": [
        {
            "position": [
                1.1190547644675537,
                -0.15163223484506766,
                0.5
            ],
            "radius": 0.02243202558557714,
            "heigth": 0.3726401468686162
        },
        {
            "position": [
                1.1282097014876622,
                -0.23537163279286377,
                0.5
            ],
            "radius": 0.03536071112850901,
            "heigth": 0.499122548520718
        },
        {
            "position": [
                1.1806231266547884,
                0.15407445748490234,
                0.5
            ],
            "radius": 0.025554442239428245,
            "heigth": 0.48458805863779786
        },
        {
            "position": [
                1.0256685859577068,
                -0.2344198369464151,
                0.5
            ],
            "radius": 0.05534786542642961,
            "heigth": 0.23182658918764096
        }
    ],
    "target": [
        [
            1.0,
            0.0,
            0.0,
            1.1534894704818726
        ],
        [
            0.0,
            -0.9999999999999961,
            -8.742277974564334e-08,
            -0.001123561873100698
        ],
        [
            0.0,
            8.742277974564332e-08,
            -0.9999999999999961,
            0.6583824157714844
        ],
        [
            0.0,
            0.0,
            0.0,
            1.0
        ]
    ],
    "robot_base": [
        [
            1.0,
            0.0,
            0.0,
            0.0
        ],
        [
            0.0,
            1.0,
            0.0,
            0.4889070003555134
        ],
        [
            0.0,
            0.0,
            1.0,
            0.0
        ],
        [
            0.0,
            0.0,
            0.0,
            1.0
        ]
    ]
}