{
    "cubes": [
        {
            "position": [
                1.5,
                0.0,
                0.4573965736164276
            ],
            "scale": [
                0.5,
                2.0,
                0.03
            ]
        }
    ],
    "cylinders": [
        {
            "position": [
                1.1032304885714201,
                0.01926814331146054,
                0.5
            ],
            "radius": 0.035761350424472704,
            "heigth": 0.11909849651841753
        },
        {
            "position": [
                1.07769244280232,
                -0.23691796099377088,
                0.5
            ],
            "radius": 0.0525943158394874,
            "heigth": 0.24904881201010542
        },
        {
            "position": [
                1.0051954568015955,
                -0.1619614010129624,
                0.5
            ],
            "radius": 0.02555363761658736,
            "heigth": 0.16935978447316716
        },
        {
            "position": [
                1.134277569433318,
                -0.14744123101999174,
                0.5
            ],
            "radius": 0.023423979026280038,
            "heigth": 0.17343171329127086
        }
    ],
    "target": [
        [
            1.0,
            0.0,
            0.0,
            1.1534894704818726
        ],
        [
            0.0,
            -0.9999999999999961,
            -8.742277974564334e-08,
            -0.001123561873100698
        ],
        [
            0.0,
            8.742277974564332e-08,
            -0.9999999999999961,
            0.6583824157714844
        ],
        [
            0.0,
            0.0,
            0.0,
            1.0
        ]
    ],
    "robot_base": [
        [
            1.0,
            0.0,
            0.0,
            0.0
        ],
        [
            0.0,
            1.0,
            0.0,
            0.13357338950721898
        ],
        [
            0.0,
            0.0,
            1.0,
            0.0
        ],
        [
            0.0,
            0.0,
            0.0,
            1.0
        ]
    ]
}