{
    "cubes": [
        {
            "position": [
                1.5,
                0.0,
                0.5457912184337521
            ],
            "scale": [
                0.5,
                2.0,
                0.03
            ]
        }
    ],
    "cylinders": [
        {
            "position": [
                1.125902113983627,
                0.1591641370715352,
                0.5
            ],
            "radius": 0.06542080785986773,
            "heigth": 0.16686871942087694
        },
        {
            "position": [
                1.0183522009411254,
                0.11080173561085516,
                0.5
            ],
            "radius": 0.06811517936196515,
            "heigth": 0.24459964614796778
        },
        {
            "position": [
                1.1275817975544802,
                -0.1774768091149711,
                0.5
            ],
            "radius": 0.07151378556248827,
            "heigth": 0.12745902791509486
        },
        {
            "position": [
                1.1908255118540305,
                0.20756808346294603,
                0.5
            ],
            "radius": 0.036158101936842664,
            "heigth": 0.3516355152158412
        }
    ],
    "target": [
        [
            1.0,
            0.0,
            0.0,
            1.1534894704818726
        ],
        [
            0.0,
            -0.9999999999999961,
            -8.742277974564334e-08,
            -0.001123561873100698
        ],
        [
            0.0,
            8.742277974564332e-08,
            -0.9999999999999961,
            0.6583824157714844
        ],
        [
            0.0,
            0.0,
            0.0,
            1.0
        ]
    ],
    "robot_base": [
        [
            1.0,
            0.0,
            0.0,
            0.0
        ],
        [
            0.0,
            1.0,
            0.0,
            0.009449025649594045
        ],
        [
            0.0,
            0.0,
            1.0,
            0.0
        ],
        [
            0.0,
            0.0,
            0.0,
            1.0
        ]
    ]
}