{
    "cubes": [
        {
            "position": [
                1.5,
                0.0,
                0.5831163805268325
            ],
            "scale": [
                0.5,
                2.0,
                0.03
            ]
        }
    ],
    "cylinders": [
        {
            "position": [
                1.0168612608607117,
                0.19681072876112743,
                0.5
            ],
            "radius": 0.055244003645855674,
            "heigth": 0.3530300659708417
        },
        {
            "position": [
                1.0510252035966818,
                -0.21432951903145375,
                0.5
            ],
            "radius": 0.02074351612392712,
            "heigth": 0.34695287895353255
        },
        {
            "position": [
                1.0618563956883018,
                -0.12267328986021042,
                0.5
            ],
            "radius": 0.05769317407602062,
            "heigth": 0.15897172790703792
        },
        {
            "position": [
                1.0074916924503547,
                -0.02154477591434306,
                0.5
            ],
            "radius": 0.05078926346490856,
            "heigth": 0.248619593250441
        }
    ],
    "target": [
        [
            1.0,
            0.0,
            0.0,
            1.1534894704818726
        ],
        [
            0.0,
            -0.9999999999999961,
            -8.742277974564334e-08,
            -0.001123561873100698
        ],
        [
            0.0,
            8.742277974564332e-08,
            -0.9999999999999961,
            0.6583824157714844
        ],
        [
            0.0,
            0.0,
            0.0,
            1.0
        ]
    ],
    "robot_base": [
        [
            1.0,
            0.0,
            0.0,
            0.0
        ],
        [
            0.0,
            1.0,
            0.0,
            -0.21129628775982712
        ],
        [
            0.0,
            0.0,
            1.0,
            0.0
        ],
        [
            0.0,
            0.0,
            0.0,
            1.0
        ]
    ]
}