{
    "cubes": [
        {
            "position": [
                1.5,
                0.0,
                0.4412426120032999
            ],
            "scale": [
                0.5,
                2.0,
                0.03
            ]
        }
    ],
    "cylinders": [
        {
            "position": [
                1.0186785696593652,
                -0.014916287617391333,
                0.5
            ],
            "radius": 0.029490571634028205,
            "heigth": 0.38982973543020677
        },
        {
            "position": [
                1.0643941073313243,
                0.24877562676296688,
                0.5
            ],
            "radius": 0.02227845018059541,
            "heigth": 0.1501619679220658
        },
        {
            "position": [
                1.1952764422904139,
                -0.20653333818401343,
                0.5
            ],
            "radius": 0.07653652082884269,
            "heigth": 0.45224808383057324
        },
        {
            "position": [
                1.1689731030292243,
                0.16855103752776135,
                0.5
            ],
            "radius": 0.04778570461358135,
            "heigth": 0.13844056275088915
        }
    ],
    "target": [
        [
            1.0,
            0.0,
            0.0,
            1.1534894704818726
        ],
        [
            0.0,
            -0.9999999999999961,
            -8.742277974564334e-08,
            -0.001123561873100698
        ],
        [
            0.0,
            8.742277974564332e-08,
            -0.9999999999999961,
            0.6583824157714844
        ],
        [
            0.0,
            0.0,
            0.0,
            1.0
        ]
    ],
    "robot_base": [
        [
            1.0,
            0.0,
            0.0,
            0.0
        ],
        [
            0.0,
            1.0,
            0.0,
            0.3994919182985365
        ],
        [
            0.0,
            0.0,
            1.0,
            0.0
        ],
        [
            0.0,
            0.0,
            0.0,
            1.0
        ]
    ]
}