{
    "cubes": [
        {
            "position": [
                1.5,
                0.0,
                0.4557408876022745
            ],
            "scale": [
                0.5,
                2.0,
                0.03
            ]
        }
    ],
    "cylinders": [
        {
            "position": [
                1.0625489412299047,
                -0.12162043584398452,
                0.5
            ],
            "radius": 0.04753802325194373,
            "heigth": 0.1838090149150805
        },
        {
            "position": [
                1.0473668893592905,
                -0.07959888625899941,
                0.5
            ],
            "radius": 0.047904168185239626,
            "heigth": 0.11675634062421969
        },
        {
            "position": [
                1.068090744710171,
                0.15254066502660096,
                0.5
            ],
            "radius": 0.02276307534066787,
            "heigth": 0.23568511331888284
        },
        {
            "position": [
                1.1985176034467357,
                -0.2299896458486037,
                0.5
            ],
            "radius": 0.02518781481843682,
            "heigth": 0.1759760379552312
        }
    ],
    "target": [
        [
            1.0,
            0.0,
            0.0,
            1.1534894704818726
        ],
        [
            0.0,
            -0.9999999999999961,
            -8.742277974564334e-08,
            -0.001123561873100698
        ],
        [
            0.0,
            8.742277974564332e-08,
            -0.9999999999999961,
            0.6583824157714844
        ],
        [
            0.0,
            0.0,
            0.0,
            1.0
        ]
    ],
    "robot_base": [
        [
            1.0,
            0.0,
            0.0,
            0.0
        ],
        [
            0.0,
            1.0,
            0.0,
            0.2377280135998362
        ],
        [
            0.0,
            0.0,
            1.0,
            0.0
        ],
        [
            0.0,
            0.0,
            0.0,
            1.0
        ]
    ]
}