{
    "cubes": [
        {
            "position": [
                1.5,
                0.0,
                0.5312483981996868
            ],
            "scale": [
                0.5,
                2.0,
                0.03
            ]
        }
    ],
    "cylinders": [
        {
            "position": [
                1.1881801021880012,
                0.15924170443502983,
                0.5
            ],
            "radius": 0.020504032565085855,
            "heigth": 0.4335882315338016
        },
        {
            "position": [
                1.0575409536494806,
                -0.15400054036388494,
                0.5
            ],
            "radius": 0.026652834143433522,
            "heigth": 0.4642891871109075
        },
        {
            "position": [
                1.0319664847386074,
                0.04828130245368384,
                0.5
            ],
            "radius": 0.025465260081273765,
            "heigth": 0.27202415515542744
        },
        {
            "position": [
                1.0102955429735212,
                -0.21138545632892408,
                0.5
            ],
            "radius": 0.05311212680382791,
            "heigth": 0.1596314723697119
        }
    ],
    "target": [
        [
            1.0,
            0.0,
            0.0,
            1.1534894704818726
        ],
        [
            0.0,
            -0.9999999999999961,
            -8.742277974564334e-08,
            -0.001123561873100698
        ],
        [
            0.0,
            8.742277974564332e-08,
            -0.9999999999999961,
            0.6583824157714844
        ],
        [
            0.0,
            0.0,
            0.0,
            1.0
        ]
    ],
    "robot_base": [
        [
            1.0,
            0.0,
            0.0,
            0.0
        ],
        [
            0.0,
            1.0,
            0.0,
            -0.25937247416891873
        ],
        [
            0.0,
            0.0,
            1.0,
            0.0
        ],
        [
            0.0,
            0.0,
            0.0,
            1.0
        ]
    ]
}