{
    "cubes": [
        {
            "position": [
                1.5,
                0.0,
                0.5975488436751124
            ],
            "scale": [
                0.5,
                2.0,
                0.03
            ]
        }
    ],
    "cylinders": [
        {
            "position": [
                1.020280615588029,
                0.1661096040134165,
                0.5
            ],
            "radius": 0.03089877449784343,
            "heigth": 0.31837551779305195
        },
        {
            "position": [
                1.1679088845496457,
                -0.12175644946502467,
                0.5
            ],
            "radius": 0.07711965110420982,
            "heigth": 0.11100580987471728
        },
        {
            "position": [
                1.123959203478903,
                0.1566741363556755,
                0.5
            ],
            "radius": 0.022613971603455834,
            "heigth": 0.11048196006925279
        },
        {
            "position": [
                1.0270080121031318,
                -0.17667812734309657,
                0.5
            ],
            "radius": 0.07177759465085415,
            "heigth": 0.47466232913219775
        }
    ],
    "target": [
        [
            1.0,
            0.0,
            0.0,
            1.1534894704818726
        ],
        [
            0.0,
            -0.9999999999999961,
            -8.742277974564334e-08,
            -0.001123561873100698
        ],
        [
            0.0,
            8.742277974564332e-08,
            -0.9999999999999961,
            0.6583824157714844
        ],
        [
            0.0,
            0.0,
            0.0,
            1.0
        ]
    ],
    "robot_base": [
        [
            1.0,
            0.0,
            0.0,
            0.0
        ],
        [
            0.0,
            1.0,
            0.0,
            -0.04368946462868872
        ],
        [
            0.0,
            0.0,
            1.0,
            0.0
        ],
        [
            0.0,
            0.0,
            0.0,
            1.0
        ]
    ]
}