{
    "cubes": [
        {
            "position": [
                1.5,
                0.0,
                0.41716425081119246
            ],
            "scale": [
                0.5,
                2.0,
                0.03
            ]
        }
    ],
    "cylinders": [
        {
            "position": [
                1.0027164700322881,
                0.18092807996413096,
                0.5
            ],
            "radius": 0.07305857812190886,
            "heigth": 0.14979998658487045
        },
        {
            "position": [
                1.145326491710726,
                0.009958195841424378,
                0.5
            ],
            "radius": 0.039405414890122684,
            "heigth": 0.13287858243179668
        },
        {
            "position": [
                1.0402242265079698,
                0.18754156756811846,
                0.5
            ],
            "radius": 0.05698534561395947,
            "heigth": 0.4527811408520431
        },
        {
            "position": [
                1.0844883659747022,
                0.2291824598476937,
                0.5
            ],
            "radius": 0.047280076956970486,
            "heigth": 0.3625583278119372
        }
    ],
    "target": [
        [
            1.0,
            0.0,
            0.0,
            1.1534894704818726
        ],
        [
            0.0,
            -0.9999999999999961,
            -8.742277974564334e-08,
            -0.001123561873100698
        ],
        [
            0.0,
            8.742277974564332e-08,
            -0.9999999999999961,
            0.6583824157714844
        ],
        [
            0.0,
            0.0,
            0.0,
            1.0
        ]
    ],
    "robot_base": [
        [
            1.0,
            0.0,
            0.0,
            0.0
        ],
        [
            0.0,
            1.0,
            0.0,
            -0.35137446524095783
        ],
        [
            0.0,
            0.0,
            1.0,
            0.0
        ],
        [
            0.0,
            0.0,
            0.0,
            1.0
        ]
    ]
}