{
    "cubes": [
        {
            "position": [
                1.5,
                0.0,
                0.5271183608833596
            ],
            "scale": [
                0.5,
                2.0,
                0.03
            ]
        }
    ],
    "cylinders": [
        {
            "position": [
                1.0871645174652473,
                -0.22336963994706655,
                0.5
            ],
            "radius": 0.056713969670899735,
            "heigth": 0.17569931600580796
        },
        {
            "position": [
                1.0841076991423162,
                -0.17966487232718353,
                0.5
            ],
            "radius": 0.06019756721061724,
            "heigth": 0.4483213325910115
        },
        {
            "position": [
                1.1946092244519824,
                0.1968021194051109,
                0.5
            ],
            "radius": 0.03750787311863833,
            "heigth": 0.3094056098068978
        },
        {
            "position": [
                1.0620414666741427,
                -0.050352312710345126,
                0.5
            ],
            "radius": 0.020134003476858117,
            "heigth": 0.31990852562798433
        }
    ],
    "target": [
        [
            1.0,
            0.0,
            0.0,
            1.1534894704818726
        ],
        [
            0.0,
            -0.9999999999999961,
            -8.742277974564334e-08,
            -0.001123561873100698
        ],
        [
            0.0,
            8.742277974564332e-08,
            -0.9999999999999961,
            0.6583824157714844
        ],
        [
            0.0,
            0.0,
            0.0,
            1.0
        ]
    ],
    "robot_base": [
        [
            1.0,
            0.0,
            0.0,
            0.0
        ],
        [
            0.0,
            1.0,
            0.0,
            0.4713985073824388
        ],
        [
            0.0,
            0.0,
            1.0,
            0.0
        ],
        [
            0.0,
            0.0,
            0.0,
            1.0
        ]
    ]
}