{
    "cubes": [
        {
            "position": [
                1.5,
                0.0,
                0.5594689286427651
            ],
            "scale": [
                0.5,
                2.0,
                0.03
            ]
        }
    ],
    "cylinders": [
        {
            "position": [
                1.0546868653803751,
                0.24052820871381714,
                0.5
            ],
            "radius": 0.06966864361722741,
            "heigth": 0.45187269489213555
        },
        {
            "position": [
                1.0798138632427259,
                -0.14100003098099878,
                0.5
            ],
            "radius": 0.036864803796674346,
            "heigth": 0.17488426898123868
        },
        {
            "position": [
                1.0395949718084327,
                -0.24798559258600694,
                0.5
            ],
            "radius": 0.02197782224940702,
            "heigth": 0.4469143260077239
        },
        {
            "position": [
                1.115753146535118,
                0.22281879346616673,
                0.5
            ],
            "radius": 0.04779903802566521,
            "heigth": 0.3338974842554471
        }
    ],
    "target": [
        [
            1.0,
            0.0,
            0.0,
            1.1534894704818726
        ],
        [
            0.0,
            -0.9999999999999961,
            -8.742277974564334e-08,
            -0.001123561873100698
        ],
        [
            0.0,
            8.742277974564332e-08,
            -0.9999999999999961,
            0.6583824157714844
        ],
        [
            0.0,
            0.0,
            0.0,
            1.0
        ]
    ],
    "robot_base": [
        [
            1.0,
            0.0,
            0.0,
            0.0
        ],
        [
            0.0,
            1.0,
            0.0,
            0.3278276853511968
        ],
        [
            0.0,
            0.0,
            1.0,
            0.0
        ],
        [
            0.0,
            0.0,
            0.0,
            1.0
        ]
    ]
}