{
    "cubes": [
        {
            "position": [
                1.5,
                0.0,
                0.5330841818762895
            ],
            "scale": [
                0.5,
                2.0,
                0.03
            ]
        }
    ],
    "cylinders": [
        {
            "position": [
                1.0069540096539984,
                0.1286137601484575,
                0.5
            ],
            "radius": 0.021147721336925496,
            "heigth": 0.270218113661865
        },
        {
            "position": [
                1.0255144037108652,
                -0.22555802080303738,
                0.5
            ],
            "radius": 0.03627113513568639,
            "heigth": 0.36405584305345473
        },
        {
            "position": [
                1.0613575146461163,
                0.13203361693748028,
                0.5
            ],
            "radius": 0.025853485346304526,
            "heigth": 0.22250534082419418
        },
        {
            "position": [
                1.1810137948141575,
                0.2386077133272838,
                0.5
            ],
            "radius": 0.022294475031895883,
            "heigth": 0.23994847688493554
        }
    ],
    "target": [
        [
            1.0,
            0.0,
            0.0,
            1.1534894704818726
        ],
        [
            0.0,
            -0.9999999999999961,
            -8.742277974564334e-08,
            -0.001123561873100698
        ],
        [
            0.0,
            8.742277974564332e-08,
            -0.9999999999999961,
            0.6583824157714844
        ],
        [
            0.0,
            0.0,
            0.0,
            1.0
        ]
    ],
    "robot_base": [
        [
            1.0,
            0.0,
            0.0,
            0.0
        ],
        [
            0.0,
            1.0,
            0.0,
            0.11303149117751787
        ],
        [
            0.0,
            0.0,
            1.0,
            0.0
        ],
        [
            0.0,
            0.0,
            0.0,
            1.0
        ]
    ]
}