{
    "cubes": [
        {
            "position": [
                1.5,
                0.0,
                0.5353948371977983
            ],
            "scale": [
                0.5,
                2.0,
                0.03
            ]
        }
    ],
    "cylinders": [
        {
            "position": [
                1.027687104859174,
                0.1933653410247667,
                0.5
            ],
            "radius": 0.04867776308312715,
            "heigth": 0.37151667217992707
        },
        {
            "position": [
                1.0411765998224887,
                -0.14296224909062016,
                0.5
            ],
            "radius": 0.05987444543859303,
            "heigth": 0.3465795311054411
        },
        {
            "position": [
                1.0536500341103687,
                0.06491989003188825,
                0.5
            ],
            "radius": 0.04219009280631063,
            "heigth": 0.27502676028134476
        },
        {
            "position": [
                1.154357058414768,
                0.20752855231666895,
                0.5
            ],
            "radius": 0.02109085698899938,
            "heigth": 0.12943724543405907
        }
    ],
    "target": [
        [
            1.0,
            0.0,
            0.0,
            1.1534894704818726
        ],
        [
            0.0,
            -0.9999999999999961,
            -8.742277974564334e-08,
            -0.001123561873100698
        ],
        [
            0.0,
            8.742277974564332e-08,
            -0.9999999999999961,
            0.6583824157714844
        ],
        [
            0.0,
            0.0,
            0.0,
            1.0
        ]
    ],
    "robot_base": [
        [
            1.0,
            0.0,
            0.0,
            0.0
        ],
        [
            0.0,
            1.0,
            0.0,
            -0.1532675790766208
        ],
        [
            0.0,
            0.0,
            1.0,
            0.0
        ],
        [
            0.0,
            0.0,
            0.0,
            1.0
        ]
    ]
}