{
    "cubes": [
        {
            "position": [
                1.5,
                0.0,
                0.5439047236524137
            ],
            "scale": [
                0.5,
                2.0,
                0.03
            ]
        }
    ],
    "cylinders": [
        {
            "position": [
                1.082923652110593,
                -0.1991032330069325,
                0.5
            ],
            "radius": 0.07189786596296105,
            "heigth": 0.4764766407048756
        },
        {
            "position": [
                1.0714327833008637,
                0.21888684577606587,
                0.5
            ],
            "radius": 0.02836601325301316,
            "heigth": 0.48202049266336683
        },
        {
            "position": [
                1.1994853811842763,
                -0.24478710614876986,
                0.5
            ],
            "radius": 0.05094724647519854,
            "heigth": 0.3734754520555639
        },
        {
            "position": [
                1.0815852438968485,
                -0.17496853556104247,
                0.5
            ],
            "radius": 0.02405893971935243,
            "heigth": 0.1946266701712216
        }
    ],
    "target": [
        [
            1.0,
            0.0,
            0.0,
            1.1534894704818726
        ],
        [
            0.0,
            -0.9999999999999961,
            -8.742277974564334e-08,
            -0.001123561873100698
        ],
        [
            0.0,
            8.742277974564332e-08,
            -0.9999999999999961,
            0.6583824157714844
        ],
        [
            0.0,
            0.0,
            0.0,
            1.0
        ]
    ],
    "robot_base": [
        [
            1.0,
            0.0,
            0.0,
            0.0
        ],
        [
            0.0,
            1.0,
            0.0,
            0.26908032829280415
        ],
        [
            0.0,
            0.0,
            1.0,
            0.0
        ],
        [
            0.0,
            0.0,
            0.0,
            1.0
        ]
    ]
}