{
    "cubes": [
        {
            "position": [
                1.5,
                0.0,
                0.4633044989356492
            ],
            "scale": [
                0.5,
                2.0,
                0.03
            ]
        }
    ],
    "cylinders": [
        {
            "position": [
                1.0336240446853269,
                -0.15462792496540595,
                0.5
            ],
            "radius": 0.051398716352680215,
            "heigth": 0.27911242114318413
        },
        {
            "position": [
                1.0608507016944408,
                -0.2145381195180392,
                0.5
            ],
            "radius": 0.04653786110905928,
            "heigth": 0.4828963168661997
        },
        {
            "position": [
                1.1679363459890078,
                -0.19398252538716876,
                0.5
            ],
            "radius": 0.028276358343615166,
            "heigth": 0.27687573188314263
        },
        {
            "position": [
                1.02063815192916,
                -0.1933607023352225,
                0.5
            ],
            "radius": 0.04322049964125844,
            "heigth": 0.48122269838829956
        }
    ],
    "target": [
        [
            1.0,
            0.0,
            0.0,
            1.1534894704818726
        ],
        [
            0.0,
            -0.9999999999999961,
            -8.742277974564334e-08,
            -0.001123561873100698
        ],
        [
            0.0,
            8.742277974564332e-08,
            -0.9999999999999961,
            0.6583824157714844
        ],
        [
            0.0,
            0.0,
            0.0,
            1.0
        ]
    ],
    "robot_base": [
        [
            1.0,
            0.0,
            0.0,
            0.0
        ],
        [
            0.0,
            1.0,
            0.0,
            0.08870610620273034
        ],
        [
            0.0,
            0.0,
            1.0,
            0.0
        ],
        [
            0.0,
            0.0,
            0.0,
            1.0
        ]
    ]
}