{
    "cubes": [
        {
            "position": [
                1.5,
                0.0,
                0.5976275768929933
            ],
            "scale": [
                0.5,
                2.0,
                0.03
            ]
        }
    ],
    "cylinders": [
        {
            "position": [
                1.074318038536828,
                0.23960372947555814,
                0.5
            ],
            "radius": 0.029341817597562922,
            "heigth": 0.16682241670478593
        },
        {
            "position": [
                1.0398123336336393,
                -0.09371629866827996,
                0.5
            ],
            "radius": 0.05176638864952485,
            "heigth": 0.2926455691687601
        },
        {
            "position": [
                1.05030467517859,
                -0.1601308729896973,
                0.5
            ],
            "radius": 0.07305288187400517,
            "heigth": 0.14767812911088132
        },
        {
            "position": [
                1.1207173433595752,
                0.14556708552702424,
                0.5
            ],
            "radius": 0.021802318075135357,
            "heigth": 0.16337925059124936
        }
    ],
    "target": [
        [
            1.0,
            0.0,
            0.0,
            1.1534894704818726
        ],
        [
            0.0,
            -0.9999999999999961,
            -8.742277974564334e-08,
            -0.001123561873100698
        ],
        [
            0.0,
            8.742277974564332e-08,
            -0.9999999999999961,
            0.6583824157714844
        ],
        [
            0.0,
            0.0,
            0.0,
            1.0
        ]
    ],
    "robot_base": [
        [
            1.0,
            0.0,
            0.0,
            0.0
        ],
        [
            0.0,
            1.0,
            0.0,
            0.3100993460692658
        ],
        [
            0.0,
            0.0,
            1.0,
            0.0
        ],
        [
            0.0,
            0.0,
            0.0,
            1.0
        ]
    ]
}