{
    "cubes": [
        {
            "position": [
                1.5,
                0.0,
                0.46412402728310503
            ],
            "scale": [
                0.5,
                2.0,
                0.03
            ]
        }
    ],
    "cylinders": [
        {
            "position": [
                1.199258310030074,
                -0.19720368763365015,
                0.5
            ],
            "radius": 0.030832420041225723,
            "heigth": 0.20041267167448645
        },
        {
            "position": [
                1.084139686457521,
                0.16139010409714782,
                0.5
            ],
            "radius": 0.04835733527770786,
            "heigth": 0.1867968413110641
        },
        {
            "position": [
                1.085816102270582,
                -0.13896150850945693,
                0.5
            ],
            "radius": 0.02413938872750905,
            "heigth": 0.47967341876260744
        },
        {
            "position": [
                1.1955844712223094,
                -0.1894219904576555,
                0.5
            ],
            "radius": 0.020252885773051142,
            "heigth": 0.24814897033883135
        }
    ],
    "target": [
        [
            1.0,
            0.0,
            0.0,
            1.1534894704818726
        ],
        [
            0.0,
            -0.9999999999999961,
            -8.742277974564334e-08,
            -0.001123561873100698
        ],
        [
            0.0,
            8.742277974564332e-08,
            -0.9999999999999961,
            0.6583824157714844
        ],
        [
            0.0,
            0.0,
            0.0,
            1.0
        ]
    ],
    "robot_base": [
        [
            1.0,
            0.0,
            0.0,
            0.0
        ],
        [
            0.0,
            1.0,
            0.0,
            -0.11682196936182787
        ],
        [
            0.0,
            0.0,
            1.0,
            0.0
        ],
        [
            0.0,
            0.0,
            0.0,
            1.0
        ]
    ]
}