{
    "cubes": [
        {
            "position": [
                1.5,
                0.0,
                0.4271381049196656
            ],
            "scale": [
                0.5,
                2.0,
                0.03
            ]
        }
    ],
    "cylinders": [
        {
            "position": [
                1.078772816634736,
                0.08000474520701123,
                0.5
            ],
            "radius": 0.0697639146424972,
            "heigth": 0.13034020278957448
        },
        {
            "position": [
                1.1026885312852115,
                -0.15840130742940045,
                0.5
            ],
            "radius": 0.07052423568805366,
            "heigth": 0.12580089099549355
        },
        {
            "position": [
                1.1779801722878844,
                0.17927697210456306,
                0.5
            ],
            "radius": 0.06223518068968064,
            "heigth": 0.15511154715889444
        },
        {
            "position": [
                1.0700817294573306,
                -0.07844949886092417,
                0.5
            ],
            "radius": 0.05112434181705766,
            "heigth": 0.183881544176343
        }
    ],
    "target": [
        [
            1.0,
            0.0,
            0.0,
            1.1534894704818726
        ],
        [
            0.0,
            -0.9999999999999961,
            -8.742277974564334e-08,
            -0.001123561873100698
        ],
        [
            0.0,
            8.742277974564332e-08,
            -0.9999999999999961,
            0.6583824157714844
        ],
        [
            0.0,
            0.0,
            0.0,
            1.0
        ]
    ],
    "robot_base": [
        [
            1.0,
            0.0,
            0.0,
            0.0
        ],
        [
            0.0,
            1.0,
            0.0,
            0.3604764359060003
        ],
        [
            0.0,
            0.0,
            1.0,
            0.0
        ],
        [
            0.0,
            0.0,
            0.0,
            1.0
        ]
    ]
}