{
    "cubes": [
        {
            "position": [
                1.5,
                0.0,
                0.5191554165807444
            ],
            "scale": [
                0.5,
                2.0,
                0.03
            ]
        }
    ],
    "cylinders": [
        {
            "position": [
                1.0719390551233372,
                -0.00337531467878488,
                0.5
            ],
            "radius": 0.026272006532627963,
            "heigth": 0.17650268172291544
        },
        {
            "position": [
                1.1999322016543625,
                0.1578071551126184,
                0.5
            ],
            "radius": 0.028593193885606077,
            "heigth": 0.4538720881518406
        },
        {
            "position": [
                1.021006536434394,
                -0.07511438822693761,
                0.5
            ],
            "radius": 0.07072231054810797,
            "heigth": 0.15945940556594615
        },
        {
            "position": [
                1.0662989594298482,
                0.04536386285987243,
                0.5
            ],
            "radius": 0.02112254136235581,
            "heigth": 0.21103131880206474
        }
    ],
    "target": [
        [
            1.0,
            0.0,
            0.0,
            1.1534894704818726
        ],
        [
            0.0,
            -0.9999999999999961,
            -8.742277974564334e-08,
            -0.001123561873100698
        ],
        [
            0.0,
            8.742277974564332e-08,
            -0.9999999999999961,
            0.6583824157714844
        ],
        [
            0.0,
            0.0,
            0.0,
            1.0
        ]
    ],
    "robot_base": [
        [
            1.0,
            0.0,
            0.0,
            0.0
        ],
        [
            0.0,
            1.0,
            0.0,
            0.14380520297548116
        ],
        [
            0.0,
            0.0,
            1.0,
            0.0
        ],
        [
            0.0,
            0.0,
            0.0,
            1.0
        ]
    ]
}