{
    "cubes": [
        {
            "position": [
                1.5,
                0.0,
                0.40091103477078693
            ],
            "scale": [
                0.5,
                2.0,
                0.03
            ]
        }
    ],
    "cylinders": [
        {
            "position": [
                1.0933074719873717,
                0.17954815533650476,
                0.5
            ],
            "radius": 0.050936450132076774,
            "heigth": 0.3726488719917317
        },
        {
            "position": [
                1.1249654636236786,
                0.16886032326750638,
                0.5
            ],
            "radius": 0.04506619199183845,
            "heigth": 0.2741054409887598
        },
        {
            "position": [
                1.0225814328244716,
                0.06351445538834483,
                0.5
            ],
            "radius": 0.03983588049613757,
            "heigth": 0.16771189647888546
        },
        {
            "position": [
                1.153924600053299,
                0.19014668390097345,
                0.5
            ],
            "radius": 0.05883436222000519,
            "heigth": 0.20998117855594894
        }
    ],
    "target": [
        [
            1.0,
            0.0,
            0.0,
            1.1534894704818726
        ],
        [
            0.0,
            -0.9999999999999961,
            -8.742277974564334e-08,
            -0.001123561873100698
        ],
        [
            0.0,
            8.742277974564332e-08,
            -0.9999999999999961,
            0.6583824157714844
        ],
        [
            0.0,
            0.0,
            0.0,
            1.0
        ]
    ],
    "robot_base": [
        [
            1.0,
            0.0,
            0.0,
            0.0
        ],
        [
            0.0,
            1.0,
            0.0,
            -0.06802287153682718
        ],
        [
            0.0,
            0.0,
            1.0,
            0.0
        ],
        [
            0.0,
            0.0,
            0.0,
            1.0
        ]
    ]
}