{
    "cubes": [
        {
            "position": [
                1.5,
                0.0,
                0.5520128173178677
            ],
            "scale": [
                0.5,
                2.0,
                0.03
            ]
        }
    ],
    "cylinders": [
        {
            "position": [
                1.0215098829147427,
                0.15062087172844085,
                0.5
            ],
            "radius": 0.0368901483751859,
            "heigth": 0.3840556847530198
        },
        {
            "position": [
                1.1846902273728417,
                -0.22941627009166782,
                0.5
            ],
            "radius": 0.06950778071227999,
            "heigth": 0.22335195142281974
        },
        {
            "position": [
                1.0792659767690225,
                0.01710511844501078,
                0.5
            ],
            "radius": 0.042363169770539666,
            "heigth": 0.1578616104519242
        },
        {
            "position": [
                1.0371424779142848,
                -0.07649274809333423,
                0.5
            ],
            "radius": 0.07177439093174603,
            "heigth": 0.10010346612920802
        }
    ],
    "target": [
        [
            1.0,
            0.0,
            0.0,
            1.1534894704818726
        ],
        [
            0.0,
            -0.9999999999999961,
            -8.742277974564334e-08,
            -0.001123561873100698
        ],
        [
            0.0,
            8.742277974564332e-08,
            -0.9999999999999961,
            0.6583824157714844
        ],
        [
            0.0,
            0.0,
            0.0,
            1.0
        ]
    ],
    "robot_base": [
        [
            1.0,
            0.0,
            0.0,
            0.0
        ],
        [
            0.0,
            1.0,
            0.0,
            0.3938533635953819
        ],
        [
            0.0,
            0.0,
            1.0,
            0.0
        ],
        [
            0.0,
            0.0,
            0.0,
            1.0
        ]
    ]
}