{
    "cubes": [
        {
            "position": [
                1.5,
                0.0,
                0.4974007641171876
            ],
            "scale": [
                0.5,
                2.0,
                0.03
            ]
        }
    ],
    "cylinders": [
        {
            "position": [
                1.0379832604870887,
                0.16652107346639544,
                0.5
            ],
            "radius": 0.04603411993690974,
            "heigth": 0.46791613371784
        },
        {
            "position": [
                1.0609639917608553,
                -0.1480715366779261,
                0.5
            ],
            "radius": 0.024325158650662683,
            "heigth": 0.3113396497591183
        },
        {
            "position": [
                1.0376954852723284,
                0.23487058838723673,
                0.5
            ],
            "radius": 0.061213592014557706,
            "heigth": 0.1084957899990753
        },
        {
            "position": [
                1.0760109091636485,
                0.08164268227760846,
                0.5
            ],
            "radius": 0.03698693056212554,
            "heigth": 0.23523048714544925
        }
    ],
    "target": [
        [
            1.0,
            0.0,
            0.0,
            1.1534894704818726
        ],
        [
            0.0,
            -0.9999999999999961,
            -8.742277974564334e-08,
            -0.001123561873100698
        ],
        [
            0.0,
            8.742277974564332e-08,
            -0.9999999999999961,
            0.6583824157714844
        ],
        [
            0.0,
            0.0,
            0.0,
            1.0
        ]
    ],
    "robot_base": [
        [
            1.0,
            0.0,
            0.0,
            0.0
        ],
        [
            0.0,
            1.0,
            0.0,
            0.3546364025555546
        ],
        [
            0.0,
            0.0,
            1.0,
            0.0
        ],
        [
            0.0,
            0.0,
            0.0,
            1.0
        ]
    ]
}