{
    "cubes": [
        {
            "position": [
                1.5,
                0.0,
                0.47032247753259837
            ],
            "scale": [
                0.5,
                2.0,
                0.03
            ]
        }
    ],
    "cylinders": [
        {
            "position": [
                1.0839914951974807,
                -0.15259415340693266,
                0.5
            ],
            "radius": 0.04604031624136967,
            "heigth": 0.4821983203573324
        },
        {
            "position": [
                1.0596233910937205,
                -0.14212084659546848,
                0.5
            ],
            "radius": 0.031686787710818766,
            "heigth": 0.4944867640139815
        },
        {
            "position": [
                1.0008831259315618,
                0.19321013221386885,
                0.5
            ],
            "radius": 0.022787121776521178,
            "heigth": 0.1839541507040055
        },
        {
            "position": [
                1.1045849935553083,
                0.24923284091025683,
                0.5
            ],
            "radius": 0.04264721903880411,
            "heigth": 0.3565695223807231
        }
    ],
    "target": [
        [
            1.0,
            0.0,
            0.0,
            1.1534894704818726
        ],
        [
            0.0,
            -0.9999999999999961,
            -8.742277974564334e-08,
            -0.001123561873100698
        ],
        [
            0.0,
            8.742277974564332e-08,
            -0.9999999999999961,
            0.6583824157714844
        ],
        [
            0.0,
            0.0,
            0.0,
            1.0
        ]
    ],
    "robot_base": [
        [
            1.0,
            0.0,
            0.0,
            0.0
        ],
        [
            0.0,
            1.0,
            0.0,
            -0.33322795916851056
        ],
        [
            0.0,
            0.0,
            1.0,
            0.0
        ],
        [
            0.0,
            0.0,
            0.0,
            1.0
        ]
    ]
}