{
    "cubes": [
        {
            "position": [
                1.5,
                0.0,
                0.42704017383749643
            ],
            "scale": [
                0.5,
                2.0,
                0.03
            ]
        }
    ],
    "cylinders": [
        {
            "position": [
                1.0158377014810849,
                0.19444214427356288,
                0.5
            ],
            "radius": 0.06829470797027806,
            "heigth": 0.13012767953413124
        },
        {
            "position": [
                1.047131069835827,
                -0.12527337173959363,
                0.5
            ],
            "radius": 0.03425065186668883,
            "heigth": 0.4825651005445916
        },
        {
            "position": [
                1.1863608783006416,
                -0.10029767545626422,
                0.5
            ],
            "radius": 0.06358795923979116,
            "heigth": 0.1284787685930907
        },
        {
            "position": [
                1.0289976345512752,
                0.20835747493117784,
                0.5
            ],
            "radius": 0.035182329377469325,
            "heigth": 0.42349273558461575
        }
    ],
    "target": [
        [
            1.0,
            0.0,
            0.0,
            1.1534894704818726
        ],
        [
            0.0,
            -0.9999999999999961,
            -8.742277974564334e-08,
            -0.001123561873100698
        ],
        [
            0.0,
            8.742277974564332e-08,
            -0.9999999999999961,
            0.6583824157714844
        ],
        [
            0.0,
            0.0,
            0.0,
            1.0
        ]
    ],
    "robot_base": [
        [
            1.0,
            0.0,
            0.0,
            0.0
        ],
        [
            0.0,
            1.0,
            0.0,
            -0.2367586160472791
        ],
        [
            0.0,
            0.0,
            1.0,
            0.0
        ],
        [
            0.0,
            0.0,
            0.0,
            1.0
        ]
    ]
}