{
    "cubes": [
        {
            "position": [
                1.5,
                0.0,
                0.4885030114472011
            ],
            "scale": [
                0.5,
                2.0,
                0.03
            ]
        }
    ],
    "cylinders": [
        {
            "position": [
                1.0520330068416457,
                -0.19763866101318117,
                0.5
            ],
            "radius": 0.0415608894215448,
            "heigth": 0.1406360055252682
        },
        {
            "position": [
                1.0377429766875805,
                -0.05841799276954046,
                0.5
            ],
            "radius": 0.025690684660369723,
            "heigth": 0.3512630989347592
        },
        {
            "position": [
                1.0754905781240223,
                0.07097067726353307,
                0.5
            ],
            "radius": 0.0547532302532056,
            "heigth": 0.13605450283639414
        },
        {
            "position": [
                1.1212194061278453,
                -0.057350239922358826,
                0.5
            ],
            "radius": 0.03436330934600057,
            "heigth": 0.12022326210005116
        }
    ],
    "target": [
        [
            1.0,
            0.0,
            0.0,
            1.1534894704818726
        ],
        [
            0.0,
            -0.9999999999999961,
            -8.742277974564334e-08,
            -0.001123561873100698
        ],
        [
            0.0,
            8.742277974564332e-08,
            -0.9999999999999961,
            0.6583824157714844
        ],
        [
            0.0,
            0.0,
            0.0,
            1.0
        ]
    ],
    "robot_base": [
        [
            1.0,
            0.0,
            0.0,
            0.0
        ],
        [
            0.0,
            1.0,
            0.0,
            0.3408624974552382
        ],
        [
            0.0,
            0.0,
            1.0,
            0.0
        ],
        [
            0.0,
            0.0,
            0.0,
            1.0
        ]
    ]
}