{
    "cubes": [
        {
            "position": [
                1.5,
                0.0,
                0.5853400187597206
            ],
            "scale": [
                0.5,
                2.0,
                0.03
            ]
        }
    ],
    "cylinders": [
        {
            "position": [
                1.086603601482878,
                0.035103828876622056,
                0.5
            ],
            "radius": 0.04465105023965524,
            "heigth": 0.1309444412900649
        },
        {
            "position": [
                1.060445166613728,
                0.08027770870004186,
                0.5
            ],
            "radius": 0.04666254807876101,
            "heigth": 0.18939846422560447
        },
        {
            "position": [
                1.0506820451270875,
                0.009093712861384995,
                0.5
            ],
            "radius": 0.020573272972919228,
            "heigth": 0.14933805043292317
        },
        {
            "position": [
                1.0125133818611107,
                -0.05855853813981787,
                0.5
            ],
            "radius": 0.05811107539219346,
            "heigth": 0.31125174678760875
        }
    ],
    "target": [
        [
            1.0,
            0.0,
            0.0,
            1.1534894704818726
        ],
        [
            0.0,
            -0.9999999999999961,
            -8.742277974564334e-08,
            -0.001123561873100698
        ],
        [
            0.0,
            8.742277974564332e-08,
            -0.9999999999999961,
            0.6583824157714844
        ],
        [
            0.0,
            0.0,
            0.0,
            1.0
        ]
    ],
    "robot_base": [
        [
            1.0,
            0.0,
            0.0,
            0.0
        ],
        [
            0.0,
            1.0,
            0.0,
            -0.28906996002212115
        ],
        [
            0.0,
            0.0,
            1.0,
            0.0
        ],
        [
            0.0,
            0.0,
            0.0,
            1.0
        ]
    ]
}