{
    "cubes": [
        {
            "position": [
                1.5,
                0.0,
                0.5738778770514423
            ],
            "scale": [
                0.5,
                2.0,
                0.03
            ]
        }
    ],
    "cylinders": [
        {
            "position": [
                1.196140104777845,
                0.20895149024832305,
                0.5
            ],
            "radius": 0.025961156873844822,
            "heigth": 0.33249414965543045
        },
        {
            "position": [
                1.0516028489936138,
                0.11207418138549724,
                0.5
            ],
            "radius": 0.05914810762487779,
            "heigth": 0.21922857617597058
        },
        {
            "position": [
                1.1228453292233567,
                -0.22362282060223265,
                0.5
            ],
            "radius": 0.07661242876964472,
            "heigth": 0.18931533618047353
        },
        {
            "position": [
                1.0518639318088177,
                -0.15416587913979618,
                0.5
            ],
            "radius": 0.07074530585636216,
            "heigth": 0.4389574829277486
        }
    ],
    "target": [
        [
            1.0,
            0.0,
            0.0,
            1.1534894704818726
        ],
        [
            0.0,
            -0.9999999999999961,
            -8.742277974564334e-08,
            -0.001123561873100698
        ],
        [
            0.0,
            8.742277974564332e-08,
            -0.9999999999999961,
            0.6583824157714844
        ],
        [
            0.0,
            0.0,
            0.0,
            1.0
        ]
    ],
    "robot_base": [
        [
            1.0,
            0.0,
            0.0,
            0.0
        ],
        [
            0.0,
            1.0,
            0.0,
            0.28408156079060787
        ],
        [
            0.0,
            0.0,
            1.0,
            0.0
        ],
        [
            0.0,
            0.0,
            0.0,
            1.0
        ]
    ]
}