{
    "cubes": [
        {
            "position": [
                1.5,
                0.0,
                0.4940349194761531
            ],
            "scale": [
                0.5,
                2.0,
                0.03
            ]
        }
    ],
    "cylinders": [
        {
            "position": [
                1.0648177289436618,
                0.16450034394210955,
                0.5
            ],
            "radius": 0.07836595224147289,
            "heigth": 0.16319062771908494
        },
        {
            "position": [
                1.05718163563472,
                0.12895144764864658,
                0.5
            ],
            "radius": 0.04293254082841419,
            "heigth": 0.2747994476146559
        },
        {
            "position": [
                1.1976387119351604,
                0.08061307494548564,
                0.5
            ],
            "radius": 0.07333480867508671,
            "heigth": 0.13275801957484662
        },
        {
            "position": [
                1.095112472487951,
                -0.18146640527143704,
                0.5
            ],
            "radius": 0.03684049474324478,
            "heigth": 0.309099695459784
        }
    ],
    "target": [
        [
            1.0,
            0.0,
            0.0,
            1.1534894704818726
        ],
        [
            0.0,
            -0.9999999999999961,
            -8.742277974564334e-08,
            -0.001123561873100698
        ],
        [
            0.0,
            8.742277974564332e-08,
            -0.9999999999999961,
            0.6583824157714844
        ],
        [
            0.0,
            0.0,
            0.0,
            1.0
        ]
    ],
    "robot_base": [
        [
            1.0,
            0.0,
            0.0,
            0.0
        ],
        [
            0.0,
            1.0,
            0.0,
            -0.08144874500336452
        ],
        [
            0.0,
            0.0,
            1.0,
            0.0
        ],
        [
            0.0,
            0.0,
            0.0,
            1.0
        ]
    ]
}