{
    "cubes": [
        {
            "position": [
                1.5,
                0.0,
                0.45075139564127803
            ],
            "scale": [
                0.5,
                2.0,
                0.03
            ]
        }
    ],
    "cylinders": [
        {
            "position": [
                1.1838154232556906,
                -0.2144855826956633,
                0.5
            ],
            "radius": 0.03653362706539404,
            "heigth": 0.36712571753766343
        },
        {
            "position": [
                1.1732342182271898,
                0.17735214028657653,
                0.5
            ],
            "radius": 0.02065837364744728,
            "heigth": 0.4797749559992278
        },
        {
            "position": [
                1.1409397181726089,
                0.05719363262749433,
                0.5
            ],
            "radius": 0.06772231687415553,
            "heigth": 0.13134890630534773
        },
        {
            "position": [
                1.002847284896465,
                0.10882280239832559,
                0.5
            ],
            "radius": 0.03286041202445805,
            "heigth": 0.118784166745929
        }
    ],
    "target": [
        [
            1.0,
            0.0,
            0.0,
            1.1534894704818726
        ],
        [
            0.0,
            -0.9999999999999961,
            -8.742277974564334e-08,
            -0.001123561873100698
        ],
        [
            0.0,
            8.742277974564332e-08,
            -0.9999999999999961,
            0.6583824157714844
        ],
        [
            0.0,
            0.0,
            0.0,
            1.0
        ]
    ],
    "robot_base": [
        [
            1.0,
            0.0,
            0.0,
            0.0
        ],
        [
            0.0,
            1.0,
            0.0,
            0.38755709930249527
        ],
        [
            0.0,
            0.0,
            1.0,
            0.0
        ],
        [
            0.0,
            0.0,
            0.0,
            1.0
        ]
    ]
}