{
    "cubes": [
        {
            "position": [
                1.5,
                0.0,
                0.5896173274071907
            ],
            "scale": [
                0.5,
                2.0,
                0.03
            ]
        }
    ],
    "cylinders": [
        {
            "position": [
                1.1390746070607838,
                0.23466134791155302,
                0.5
            ],
            "radius": 0.07096813971264514,
            "heigth": 0.3190141734896713
        },
        {
            "position": [
                1.046924388220741,
                0.1851806402285256,
                0.5
            ],
            "radius": 0.03664592003544537,
            "heigth": 0.20883309536686906
        },
        {
            "position": [
                1.044555257558105,
                -0.1898907503896844,
                0.5
            ],
            "radius": 0.07079243480114449,
            "heigth": 0.4332021135387827
        },
        {
            "position": [
                1.1052461961030144,
                0.16301029381726484,
                0.5
            ],
            "radius": 0.04183152254714865,
            "heigth": 0.2842969344507471
        }
    ],
    "target": [
        [
            1.0,
            0.0,
            0.0,
            1.1534894704818726
        ],
        [
            0.0,
            -0.9999999999999961,
            -8.742277974564334e-08,
            -0.001123561873100698
        ],
        [
            0.0,
            8.742277974564332e-08,
            -0.9999999999999961,
            0.6583824157714844
        ],
        [
            0.0,
            0.0,
            0.0,
            1.0
        ]
    ],
    "robot_base": [
        [
            1.0,
            0.0,
            0.0,
            0.0
        ],
        [
            0.0,
            1.0,
            0.0,
            0.2148378731834636
        ],
        [
            0.0,
            0.0,
            1.0,
            0.0
        ],
        [
            0.0,
            0.0,
            0.0,
            1.0
        ]
    ]
}