{
    "cubes": [
        {
            "position": [
                1.5,
                0.0,
                0.40210635973194625
            ],
            "scale": [
                0.5,
                2.0,
                0.03
            ]
        }
    ],
    "cylinders": [
        {
            "position": [
                1.0482851750687474,
                0.025892166717847,
                0.5
            ],
            "radius": 0.03791735510795502,
            "heigth": 0.21277818922996372
        },
        {
            "position": [
                1.0663451841119105,
                -0.08695828270490563,
                0.5
            ],
            "radius": 0.022595406178901604,
            "heigth": 0.24080746945518103
        },
        {
            "position": [
                1.1685504137817462,
                0.14686449102327093,
                0.5
            ],
            "radius": 0.03894126934082015,
            "heigth": 0.15737419739627498
        },
        {
            "position": [
                1.1972514073671885,
                -0.2437146735607178,
                0.5
            ],
            "radius": 0.054764075444064524,
            "heigth": 0.3534863966460487
        }
    ],
    "target": [
        [
            1.0,
            0.0,
            0.0,
            1.1534894704818726
        ],
        [
            0.0,
            -0.9999999999999961,
            -8.742277974564334e-08,
            -0.001123561873100698
        ],
        [
            0.0,
            8.742277974564332e-08,
            -0.9999999999999961,
            0.6583824157714844
        ],
        [
            0.0,
            0.0,
            0.0,
            1.0
        ]
    ],
    "robot_base": [
        [
            1.0,
            0.0,
            0.0,
            0.0
        ],
        [
            0.0,
            1.0,
            0.0,
            0.04670701509997588
        ],
        [
            0.0,
            0.0,
            1.0,
            0.0
        ],
        [
            0.0,
            0.0,
            0.0,
            1.0
        ]
    ]
}