{
    "cubes": [
        {
            "position": [
                1.5,
                0.0,
                0.4663170797577019
            ],
            "scale": [
                0.5,
                2.0,
                0.03
            ]
        }
    ],
    "cylinders": [
        {
            "position": [
                1.1375230322333203,
                0.22661757171278618,
                0.5
            ],
            "radius": 0.07334293699834765,
            "heigth": 0.34711805860076816
        },
        {
            "position": [
                1.032918886207489,
                0.14227331020792294,
                0.5
            ],
            "radius": 0.047717554818711386,
            "heigth": 0.2596006118541522
        },
        {
            "position": [
                1.0520057625948083,
                -0.14717099660629474,
                0.5
            ],
            "radius": 0.06571501906169383,
            "heigth": 0.17915929545097692
        },
        {
            "position": [
                1.0347405654008464,
                -0.18843648801707663,
                0.5
            ],
            "radius": 0.034241851890106846,
            "heigth": 0.4817264793382344
        }
    ],
    "target": [
        [
            1.0,
            0.0,
            0.0,
            1.1534894704818726
        ],
        [
            0.0,
            -0.9999999999999961,
            -8.742277974564334e-08,
            -0.001123561873100698
        ],
        [
            0.0,
            8.742277974564332e-08,
            -0.9999999999999961,
            0.6583824157714844
        ],
        [
            0.0,
            0.0,
            0.0,
            1.0
        ]
    ],
    "robot_base": [
        [
            1.0,
            0.0,
            0.0,
            0.0
        ],
        [
            0.0,
            1.0,
            0.0,
            0.004235462386115385
        ],
        [
            0.0,
            0.0,
            1.0,
            0.0
        ],
        [
            0.0,
            0.0,
            0.0,
            1.0
        ]
    ]
}