{
    "cubes": [
        {
            "position": [
                1.5,
                0.0,
                0.5397436300848457
            ],
            "scale": [
                0.5,
                2.0,
                0.03
            ]
        }
    ],
    "cylinders": [
        {
            "position": [
                1.1829994109427155,
                -0.16421701372337993,
                0.5
            ],
            "radius": 0.05542648181514713,
            "heigth": 0.10819315363127388
        },
        {
            "position": [
                1.0812958152640433,
                0.1508517800380198,
                0.5
            ],
            "radius": 0.02241977637812284,
            "heigth": 0.4609813904732845
        },
        {
            "position": [
                1.1300725257439648,
                0.1660201344720743,
                0.5
            ],
            "radius": 0.031486148246418745,
            "heigth": 0.4454319979288219
        },
        {
            "position": [
                1.1786877581191106,
                -0.24860261450700477,
                0.5
            ],
            "radius": 0.06612671771301182,
            "heigth": 0.3968226669001374
        }
    ],
    "target": [
        [
            1.0,
            0.0,
            0.0,
            1.1534894704818726
        ],
        [
            0.0,
            -0.9999999999999961,
            -8.742277974564334e-08,
            -0.001123561873100698
        ],
        [
            0.0,
            8.742277974564332e-08,
            -0.9999999999999961,
            0.6583824157714844
        ],
        [
            0.0,
            0.0,
            0.0,
            1.0
        ]
    ],
    "robot_base": [
        [
            1.0,
            0.0,
            0.0,
            0.0
        ],
        [
            0.0,
            1.0,
            0.0,
            0.11719921497412733
        ],
        [
            0.0,
            0.0,
            1.0,
            0.0
        ],
        [
            0.0,
            0.0,
            0.0,
            1.0
        ]
    ]
}