{
    "cubes": [
        {
            "position": [
                1.5,
                0.0,
                0.4001502410715611
            ],
            "scale": [
                0.5,
                2.0,
                0.03
            ]
        }
    ],
    "cylinders": [
        {
            "position": [
                1.135508705685534,
                0.2059096615788799,
                0.5
            ],
            "radius": 0.05954704802336733,
            "heigth": 0.1311950075227321
        },
        {
            "position": [
                1.0153491347822028,
                0.10012822217191902,
                0.5
            ],
            "radius": 0.07547992128993514,
            "heigth": 0.2689921135936885
        },
        {
            "position": [
                1.0187053980956051,
                -0.01816812331814871,
                0.5
            ],
            "radius": 0.051908993918039534,
            "heigth": 0.2896288684106084
        },
        {
            "position": [
                1.1911304733912675,
                -0.18537402241225204,
                0.5
            ],
            "radius": 0.034945856233861386,
            "heigth": 0.3687862537546498
        }
    ],
    "target": [
        [
            1.0,
            0.0,
            0.0,
            1.1534894704818726
        ],
        [
            0.0,
            -0.9999999999999961,
            -8.742277974564334e-08,
            -0.001123561873100698
        ],
        [
            0.0,
            8.742277974564332e-08,
            -0.9999999999999961,
            0.6583824157714844
        ],
        [
            0.0,
            0.0,
            0.0,
            1.0
        ]
    ],
    "robot_base": [
        [
            1.0,
            0.0,
            0.0,
            0.0
        ],
        [
            0.0,
            1.0,
            0.0,
            -0.19085129540467116
        ],
        [
            0.0,
            0.0,
            1.0,
            0.0
        ],
        [
            0.0,
            0.0,
            0.0,
            1.0
        ]
    ]
}