{
    "cubes": [
        {
            "position": [
                1.5,
                0.0,
                0.5353344438637404
            ],
            "scale": [
                0.5,
                2.0,
                0.03
            ]
        }
    ],
    "cylinders": [
        {
            "position": [
                1.0730754154222435,
                -0.15699603657685524,
                0.5
            ],
            "radius": 0.03769038072477983,
            "heigth": 0.4731984087072286
        },
        {
            "position": [
                1.1216111938210902,
                0.19702164598241217,
                0.5
            ],
            "radius": 0.06797135305080018,
            "heigth": 0.36871409258195326
        },
        {
            "position": [
                1.1177059708486112,
                0.1999859127166761,
                0.5
            ],
            "radius": 0.0718139199314682,
            "heigth": 0.13039059964826147
        },
        {
            "position": [
                1.0078997993615768,
                0.2177858506365285,
                0.5
            ],
            "radius": 0.02620805142278768,
            "heigth": 0.36784137765179026
        }
    ],
    "target": [
        [
            1.0,
            0.0,
            0.0,
            1.1534894704818726
        ],
        [
            0.0,
            -0.9999999999999961,
            -8.742277974564334e-08,
            -0.001123561873100698
        ],
        [
            0.0,
            8.742277974564332e-08,
            -0.9999999999999961,
            0.6583824157714844
        ],
        [
            0.0,
            0.0,
            0.0,
            1.0
        ]
    ],
    "robot_base": [
        [
            1.0,
            0.0,
            0.0,
            0.0
        ],
        [
            0.0,
            1.0,
            0.0,
            -0.020923099088222763
        ],
        [
            0.0,
            0.0,
            1.0,
            0.0
        ],
        [
            0.0,
            0.0,
            0.0,
            1.0
        ]
    ]
}