{
    "cubes": [
        {
            "position": [
                1.5,
                0.0,
                0.42498295788155527
            ],
            "scale": [
                0.5,
                2.0,
                0.03
            ]
        }
    ],
    "cylinders": [
        {
            "position": [
                1.0481441659076232,
                -0.24409087103800375,
                0.5
            ],
            "radius": 0.05815631682747977,
            "heigth": 0.48779709017368217
        },
        {
            "position": [
                1.1962722577107323,
                0.16572332753733338,
                0.5
            ],
            "radius": 0.045628037667007695,
            "heigth": 0.2387168715308486
        },
        {
            "position": [
                1.1113319098917684,
                -0.20589907574532607,
                0.5
            ],
            "radius": 0.04295947109376936,
            "heigth": 0.18318467684633738
        },
        {
            "position": [
                1.193612671365327,
                -0.1521378124564779,
                0.5
            ],
            "radius": 0.03324736180173598,
            "heigth": 0.4483687421595841
        }
    ],
    "target": [
        [
            1.0,
            0.0,
            0.0,
            1.1534894704818726
        ],
        [
            0.0,
            -0.9999999999999961,
            -8.742277974564334e-08,
            -0.001123561873100698
        ],
        [
            0.0,
            8.742277974564332e-08,
            -0.9999999999999961,
            0.6583824157714844
        ],
        [
            0.0,
            0.0,
            0.0,
            1.0
        ]
    ],
    "robot_base": [
        [
            1.0,
            0.0,
            0.0,
            0.0
        ],
        [
            0.0,
            1.0,
            0.0,
            -0.24856550322940718
        ],
        [
            0.0,
            0.0,
            1.0,
            0.0
        ],
        [
            0.0,
            0.0,
            0.0,
            1.0
        ]
    ]
}