{
    "cubes": [
        {
            "position": [
                1.5,
                0.0,
                0.41061731845370625
            ],
            "scale": [
                0.5,
                2.0,
                0.03
            ]
        }
    ],
    "cylinders": [
        {
            "position": [
                1.100115476509931,
                -0.18338321844785416,
                0.5
            ],
            "radius": 0.023388045047057614,
            "heigth": 0.4668121493129137
        },
        {
            "position": [
                1.0480576756724727,
                0.21677775229268437,
                0.5
            ],
            "radius": 0.03302596013256187,
            "heigth": 0.435174528086804
        },
        {
            "position": [
                1.0394923472675108,
                -0.24323274889419433,
                0.5
            ],
            "radius": 0.07279946825773512,
            "heigth": 0.31701493357948585
        },
        {
            "position": [
                1.1525749979710453,
                -0.0647973074508923,
                0.5
            ],
            "radius": 0.05138245659772767,
            "heigth": 0.11136981451870345
        }
    ],
    "target": [
        [
            1.0,
            0.0,
            0.0,
            1.1534894704818726
        ],
        [
            0.0,
            -0.9999999999999961,
            -8.742277974564334e-08,
            -0.001123561873100698
        ],
        [
            0.0,
            8.742277974564332e-08,
            -0.9999999999999961,
            0.6583824157714844
        ],
        [
            0.0,
            0.0,
            0.0,
            1.0
        ]
    ],
    "robot_base": [
        [
            1.0,
            0.0,
            0.0,
            0.0
        ],
        [
            0.0,
            1.0,
            0.0,
            -0.41864387172541095
        ],
        [
            0.0,
            0.0,
            1.0,
            0.0
        ],
        [
            0.0,
            0.0,
            0.0,
            1.0
        ]
    ]
}