{
    "cubes": [
        {
            "position": [
                1.5,
                0.0,
                0.504242122614174
            ],
            "scale": [
                0.5,
                2.0,
                0.03
            ]
        }
    ],
    "cylinders": [
        {
            "position": [
                1.1709014746871744,
                0.22442243676462847,
                0.5
            ],
            "radius": 0.04164050954821352,
            "heigth": 0.25100513627073984
        },
        {
            "position": [
                1.1042795605883582,
                0.1573445994035781,
                0.5
            ],
            "radius": 0.045527662026240354,
            "heigth": 0.24964304947989277
        },
        {
            "position": [
                1.192924966348704,
                -0.1650973839432705,
                0.5
            ],
            "radius": 0.03504702764345395,
            "heigth": 0.48890371516341313
        },
        {
            "position": [
                1.0784604003065488,
                -0.20385676288211002,
                0.5
            ],
            "radius": 0.04878031275565699,
            "heigth": 0.3215859966848546
        }
    ],
    "target": [
        [
            1.0,
            0.0,
            0.0,
            1.1534894704818726
        ],
        [
            0.0,
            -0.9999999999999961,
            -8.742277974564334e-08,
            -0.001123561873100698
        ],
        [
            0.0,
            8.742277974564332e-08,
            -0.9999999999999961,
            0.6583824157714844
        ],
        [
            0.0,
            0.0,
            0.0,
            1.0
        ]
    ],
    "robot_base": [
        [
            1.0,
            0.0,
            0.0,
            0.0
        ],
        [
            0.0,
            1.0,
            0.0,
            0.37818747008295484
        ],
        [
            0.0,
            0.0,
            1.0,
            0.0
        ],
        [
            0.0,
            0.0,
            0.0,
            1.0
        ]
    ]
}