{
    "cubes": [
        {
            "position": [
                1.5,
                0.0,
                0.588297985274653
            ],
            "scale": [
                0.5,
                2.0,
                0.03
            ]
        }
    ],
    "cylinders": [
        {
            "position": [
                1.1593148473487862,
                0.21323692725036497,
                0.5
            ],
            "radius": 0.0622587615708379,
            "heigth": 0.21289402612829078
        },
        {
            "position": [
                1.1734802386346537,
                -0.20882066744348843,
                0.5
            ],
            "radius": 0.06465407081335253,
            "heigth": 0.24408261637500023
        },
        {
            "position": [
                1.170640761184401,
                -0.22001350916015033,
                0.5
            ],
            "radius": 0.0499537477837472,
            "heigth": 0.28204740126505967
        },
        {
            "position": [
                1.0308039989331892,
                -0.0219088241257418,
                0.5
            ],
            "radius": 0.06159016355558912,
            "heigth": 0.19876308482594263
        }
    ],
    "target": [
        [
            1.0,
            0.0,
            0.0,
            1.1534894704818726
        ],
        [
            0.0,
            -0.9999999999999961,
            -8.742277974564334e-08,
            -0.001123561873100698
        ],
        [
            0.0,
            8.742277974564332e-08,
            -0.9999999999999961,
            0.6583824157714844
        ],
        [
            0.0,
            0.0,
            0.0,
            1.0
        ]
    ],
    "robot_base": [
        [
            1.0,
            0.0,
            0.0,
            0.0
        ],
        [
            0.0,
            1.0,
            0.0,
            0.15431002735132593
        ],
        [
            0.0,
            0.0,
            1.0,
            0.0
        ],
        [
            0.0,
            0.0,
            0.0,
            1.0
        ]
    ]
}