{
    "cubes": [
        {
            "position": [
                1.5,
                0.0,
                0.5919896720728922
            ],
            "scale": [
                0.5,
                2.0,
                0.03
            ]
        }
    ],
    "cylinders": [
        {
            "position": [
                1.1543354795633414,
                0.07506663710690092,
                0.5
            ],
            "radius": 0.05936873380036462,
            "heigth": 0.1107055791011217
        },
        {
            "position": [
                1.1493038041951313,
                -0.10936808742762805,
                0.5
            ],
            "radius": 0.07678510469001572,
            "heigth": 0.13077274513798007
        },
        {
            "position": [
                1.052056951735151,
                -0.14551733898393826,
                0.5
            ],
            "radius": 0.029347247593353554,
            "heigth": 0.12612612036642185
        },
        {
            "position": [
                1.1673221655511834,
                -0.20863834880718052,
                0.5
            ],
            "radius": 0.02795503710096161,
            "heigth": 0.16503616632620582
        }
    ],
    "target": [
        [
            1.0,
            0.0,
            0.0,
            1.1534894704818726
        ],
        [
            0.0,
            -0.9999999999999961,
            -8.742277974564334e-08,
            -0.001123561873100698
        ],
        [
            0.0,
            8.742277974564332e-08,
            -0.9999999999999961,
            0.6583824157714844
        ],
        [
            0.0,
            0.0,
            0.0,
            1.0
        ]
    ],
    "robot_base": [
        [
            1.0,
            0.0,
            0.0,
            0.0
        ],
        [
            0.0,
            1.0,
            0.0,
            0.07770543136140584
        ],
        [
            0.0,
            0.0,
            1.0,
            0.0
        ],
        [
            0.0,
            0.0,
            0.0,
            1.0
        ]
    ]
}