{
    "cubes": [
        {
            "position": [
                1.5,
                0.0,
                0.4010768567500023
            ],
            "scale": [
                0.5,
                2.0,
                0.03
            ]
        }
    ],
    "cylinders": [
        {
            "position": [
                1.0410976332331496,
                0.23235148622776225,
                0.5
            ],
            "radius": 0.06390360641778278,
            "heigth": 0.29710131789533956
        },
        {
            "position": [
                1.0691610925986568,
                -0.20269270803188771,
                0.5
            ],
            "radius": 0.027735635849160088,
            "heigth": 0.16938783741234947
        },
        {
            "position": [
                1.0026588846308053,
                0.24414959001371017,
                0.5
            ],
            "radius": 0.07570750943970228,
            "heigth": 0.16259989790564028
        },
        {
            "position": [
                1.100050226042515,
                -0.18699154387729544,
                0.5
            ],
            "radius": 0.049675264087537405,
            "heigth": 0.17367921565450462
        }
    ],
    "target": [
        [
            1.0,
            0.0,
            0.0,
            1.1534894704818726
        ],
        [
            0.0,
            -0.9999999999999961,
            -8.742277974564334e-08,
            -0.001123561873100698
        ],
        [
            0.0,
            8.742277974564332e-08,
            -0.9999999999999961,
            0.6583824157714844
        ],
        [
            0.0,
            0.0,
            0.0,
            1.0
        ]
    ],
    "robot_base": [
        [
            1.0,
            0.0,
            0.0,
            0.0
        ],
        [
            0.0,
            1.0,
            0.0,
            -0.4169604045477284
        ],
        [
            0.0,
            0.0,
            1.0,
            0.0
        ],
        [
            0.0,
            0.0,
            0.0,
            1.0
        ]
    ]
}