{
    "cubes": [
        {
            "position": [
                1.5,
                0.0,
                0.43667065927488774
            ],
            "scale": [
                0.5,
                2.0,
                0.03
            ]
        }
    ],
    "cylinders": [
        {
            "position": [
                1.1045608053991796,
                -0.14535494895544554,
                0.5
            ],
            "radius": 0.05249353245791559,
            "heigth": 0.10242848983105104
        },
        {
            "position": [
                1.0466433301736109,
                0.1665112572687391,
                0.5
            ],
            "radius": 0.02869896577464795,
            "heigth": 0.25379735175847745
        },
        {
            "position": [
                1.1530667831931694,
                -0.24968516613242125,
                0.5
            ],
            "radius": 0.07721733266795483,
            "heigth": 0.49777663113011317
        },
        {
            "position": [
                1.1460107822063081,
                -0.2172940955657232,
                0.5
            ],
            "radius": 0.025999587440341008,
            "heigth": 0.3405655530435777
        }
    ],
    "target": [
        [
            1.0,
            0.0,
            0.0,
            1.1534894704818726
        ],
        [
            0.0,
            -0.9999999999999961,
            -8.742277974564334e-08,
            -0.001123561873100698
        ],
        [
            0.0,
            8.742277974564332e-08,
            -0.9999999999999961,
            0.6583824157714844
        ],
        [
            0.0,
            0.0,
            0.0,
            1.0
        ]
    ],
    "robot_base": [
        [
            1.0,
            0.0,
            0.0,
            0.0
        ],
        [
            0.0,
            1.0,
            0.0,
            0.07092363378844346
        ],
        [
            0.0,
            0.0,
            1.0,
            0.0
        ],
        [
            0.0,
            0.0,
            0.0,
            1.0
        ]
    ]
}