{
    "cubes": [
        {
            "position": [
                1.5,
                0.0,
                0.452698310056597
            ],
            "scale": [
                0.5,
                2.0,
                0.03
            ]
        }
    ],
    "cylinders": [
        {
            "position": [
                1.0490643444537096,
                -0.03752148230340696,
                0.5
            ],
            "radius": 0.026765758405134364,
            "heigth": 0.3187310490788299
        },
        {
            "position": [
                1.0327394752050003,
                -0.11438972869726494,
                0.5
            ],
            "radius": 0.07524423929030372,
            "heigth": 0.1931744229757283
        },
        {
            "position": [
                1.0796599340957718,
                0.16394559411290072,
                0.5
            ],
            "radius": 0.027929459268680235,
            "heigth": 0.2412231594144762
        },
        {
            "position": [
                1.1010534417740445,
                0.17767876668463656,
                0.5
            ],
            "radius": 0.05555894959479695,
            "heigth": 0.29078380669292303
        }
    ],
    "target": [
        [
            1.0,
            0.0,
            0.0,
            1.1534894704818726
        ],
        [
            0.0,
            -0.9999999999999961,
            -8.742277974564334e-08,
            -0.001123561873100698
        ],
        [
            0.0,
            8.742277974564332e-08,
            -0.9999999999999961,
            0.6583824157714844
        ],
        [
            0.0,
            0.0,
            0.0,
            1.0
        ]
    ],
    "robot_base": [
        [
            1.0,
            0.0,
            0.0,
            0.0
        ],
        [
            0.0,
            1.0,
            0.0,
            0.311555173685225
        ],
        [
            0.0,
            0.0,
            1.0,
            0.0
        ],
        [
            0.0,
            0.0,
            0.0,
            1.0
        ]
    ]
}