{
    "cubes": [
        {
            "position": [
                1.5,
                0.0,
                0.5718504080567944
            ],
            "scale": [
                0.5,
                2.0,
                0.03
            ]
        }
    ],
    "cylinders": [
        {
            "position": [
                1.0957001018034611,
                -0.12101221958457059,
                0.5
            ],
            "radius": 0.04541309139128215,
            "heigth": 0.10963077335589262
        },
        {
            "position": [
                1.0988992080617275,
                -0.17685789594202628,
                0.5
            ],
            "radius": 0.03378141749855044,
            "heigth": 0.16836242978159788
        },
        {
            "position": [
                1.0006315758176676,
                0.05003601758730575,
                0.5
            ],
            "radius": 0.06731246448521819,
            "heigth": 0.1312832865412026
        },
        {
            "position": [
                1.136357379281244,
                0.1686108812918431,
                0.5
            ],
            "radius": 0.02932697145190174,
            "heigth": 0.11707001198263563
        }
    ],
    "target": [
        [
            1.0,
            0.0,
            0.0,
            1.1534894704818726
        ],
        [
            0.0,
            -0.9999999999999961,
            -8.742277974564334e-08,
            -0.001123561873100698
        ],
        [
            0.0,
            8.742277974564332e-08,
            -0.9999999999999961,
            0.6583824157714844
        ],
        [
            0.0,
            0.0,
            0.0,
            1.0
        ]
    ],
    "robot_base": [
        [
            1.0,
            0.0,
            0.0,
            0.0
        ],
        [
            0.0,
            1.0,
            0.0,
            0.08545110295902902
        ],
        [
            0.0,
            0.0,
            1.0,
            0.0
        ],
        [
            0.0,
            0.0,
            0.0,
            1.0
        ]
    ]
}