{
    "cubes": [
        {
            "position": [
                1.5,
                0.0,
                0.5443138898694784
            ],
            "scale": [
                0.5,
                2.0,
                0.03
            ]
        }
    ],
    "cylinders": [
        {
            "position": [
                1.1748816014617343,
                0.221146925929734,
                0.5
            ],
            "radius": 0.052610799695931104,
            "heigth": 0.13021762175881907
        },
        {
            "position": [
                1.0698684036698418,
                0.18583939020049633,
                0.5
            ],
            "radius": 0.02460708798326179,
            "heigth": 0.1199425992319896
        },
        {
            "position": [
                1.0484313568130395,
                0.1552359026428684,
                0.5
            ],
            "radius": 0.023825126568668913,
            "heigth": 0.19192436724291112
        },
        {
            "position": [
                1.1185698892083582,
                -0.20559233666939086,
                0.5
            ],
            "radius": 0.04497809518314818,
            "heigth": 0.1514848150571227
        }
    ],
    "target": [
        [
            1.0,
            0.0,
            0.0,
            1.1534894704818726
        ],
        [
            0.0,
            -0.9999999999999961,
            -8.742277974564334e-08,
            -0.001123561873100698
        ],
        [
            0.0,
            8.742277974564332e-08,
            -0.9999999999999961,
            0.6583824157714844
        ],
        [
            0.0,
            0.0,
            0.0,
            1.0
        ]
    ],
    "robot_base": [
        [
            1.0,
            0.0,
            0.0,
            0.0
        ],
        [
            0.0,
            1.0,
            0.0,
            -0.4486792657329949
        ],
        [
            0.0,
            0.0,
            1.0,
            0.0
        ],
        [
            0.0,
            0.0,
            0.0,
            1.0
        ]
    ]
}