{
    "cubes": [
        {
            "position": [
                1.5,
                0.0,
                0.43322017313203676
            ],
            "scale": [
                0.5,
                2.0,
                0.03
            ]
        }
    ],
    "cylinders": [
        {
            "position": [
                1.0959502205010982,
                -0.2270889701804502,
                0.5
            ],
            "radius": 0.038544377197231444,
            "heigth": 0.3323046520627174
        },
        {
            "position": [
                1.1650066589424055,
                0.15061614397584294,
                0.5
            ],
            "radius": 0.036981376841070175,
            "heigth": 0.10842826924122757
        },
        {
            "position": [
                1.0473291543887662,
                -0.22082511974687935,
                0.5
            ],
            "radius": 0.07231867560938161,
            "heigth": 0.24137015252798275
        },
        {
            "position": [
                1.017191959448852,
                0.10923990548531393,
                0.5
            ],
            "radius": 0.07362571754033924,
            "heigth": 0.30354153814709894
        }
    ],
    "target": [
        [
            1.0,
            0.0,
            0.0,
            1.1534894704818726
        ],
        [
            0.0,
            -0.9999999999999961,
            -8.742277974564334e-08,
            -0.001123561873100698
        ],
        [
            0.0,
            8.742277974564332e-08,
            -0.9999999999999961,
            0.6583824157714844
        ],
        [
            0.0,
            0.0,
            0.0,
            1.0
        ]
    ],
    "robot_base": [
        [
            1.0,
            0.0,
            0.0,
            0.0
        ],
        [
            0.0,
            1.0,
            0.0,
            0.4212264269852374
        ],
        [
            0.0,
            0.0,
            1.0,
            0.0
        ],
        [
            0.0,
            0.0,
            0.0,
            1.0
        ]
    ]
}