{
    "cubes": [
        {
            "position": [
                1.5,
                0.0,
                0.5620773991357118
            ],
            "scale": [
                0.5,
                2.0,
                0.03
            ]
        }
    ],
    "cylinders": [
        {
            "position": [
                1.0632644891576601,
                -0.143591380273214,
                0.5
            ],
            "radius": 0.057100417367110634,
            "heigth": 0.3802404300666852
        },
        {
            "position": [
                1.0117956163525965,
                -0.19947427660676836,
                0.5
            ],
            "radius": 0.040982896702622396,
            "heigth": 0.2065785344610898
        },
        {
            "position": [
                1.1489586702937336,
                0.24734519840048358,
                0.5
            ],
            "radius": 0.047240152619422326,
            "heigth": 0.32574852851058095
        },
        {
            "position": [
                1.0692964529210385,
                -0.2386849462474842,
                0.5
            ],
            "radius": 0.07055167048920949,
            "heigth": 0.25309550915514223
        }
    ],
    "target": [
        [
            1.0,
            0.0,
            0.0,
            1.1534894704818726
        ],
        [
            0.0,
            -0.9999999999999961,
            -8.742277974564334e-08,
            -0.001123561873100698
        ],
        [
            0.0,
            8.742277974564332e-08,
            -0.9999999999999961,
            0.6583824157714844
        ],
        [
            0.0,
            0.0,
            0.0,
            1.0
        ]
    ],
    "robot_base": [
        [
            1.0,
            0.0,
            0.0,
            0.0
        ],
        [
            0.0,
            1.0,
            0.0,
            -0.19094525964456055
        ],
        [
            0.0,
            0.0,
            1.0,
            0.0
        ],
        [
            0.0,
            0.0,
            0.0,
            1.0
        ]
    ]
}