{
    "cubes": [
        {
            "position": [
                1.5,
                0.0,
                0.5794300036384226
            ],
            "scale": [
                0.5,
                2.0,
                0.03
            ]
        }
    ],
    "cylinders": [
        {
            "position": [
                1.1461436602245938,
                -0.18492152659205935,
                0.5
            ],
            "radius": 0.030932488684414693,
            "heigth": 0.39368628565873315
        },
        {
            "position": [
                1.0261728362164628,
                0.16165465609713836,
                0.5
            ],
            "radius": 0.022554620459406583,
            "heigth": 0.3028723337264868
        },
        {
            "position": [
                1.0744885847444148,
                0.16593683699636202,
                0.5
            ],
            "radius": 0.04115728142161555,
            "heigth": 0.20533970236711035
        },
        {
            "position": [
                1.172887360516243,
                0.19064112501822394,
                0.5
            ],
            "radius": 0.06944502273826872,
            "heigth": 0.46634877504975253
        }
    ],
    "target": [
        [
            1.0,
            0.0,
            0.0,
            1.1534894704818726
        ],
        [
            0.0,
            -0.9999999999999961,
            -8.742277974564334e-08,
            -0.001123561873100698
        ],
        [
            0.0,
            8.742277974564332e-08,
            -0.9999999999999961,
            0.6583824157714844
        ],
        [
            0.0,
            0.0,
            0.0,
            1.0
        ]
    ],
    "robot_base": [
        [
            1.0,
            0.0,
            0.0,
            0.0
        ],
        [
            0.0,
            1.0,
            0.0,
            -0.23564833587416423
        ],
        [
            0.0,
            0.0,
            1.0,
            0.0
        ],
        [
            0.0,
            0.0,
            0.0,
            1.0
        ]
    ]
}