{
    "cubes": [
        {
            "position": [
                1.5,
                0.0,
                0.5132368218399483
            ],
            "scale": [
                0.5,
                2.0,
                0.03
            ]
        }
    ],
    "cylinders": [
        {
            "position": [
                1.19338862989358,
                -0.2377381919231959,
                0.5
            ],
            "radius": 0.03851811187636642,
            "heigth": 0.22349265096298743
        },
        {
            "position": [
                1.0975621851459825,
                0.0960674163026789,
                0.5
            ],
            "radius": 0.062135214048992964,
            "heigth": 0.14708951815007965
        },
        {
            "position": [
                1.0811716271571092,
                -0.23829721665809844,
                0.5
            ],
            "radius": 0.044871304211735685,
            "heigth": 0.46905005549432754
        },
        {
            "position": [
                1.0549361716801495,
                -0.12819170240402317,
                0.5
            ],
            "radius": 0.05715413692364113,
            "heigth": 0.27782814423454266
        }
    ],
    "target": [
        [
            1.0,
            0.0,
            0.0,
            1.1534894704818726
        ],
        [
            0.0,
            -0.9999999999999961,
            -8.742277974564334e-08,
            -0.001123561873100698
        ],
        [
            0.0,
            8.742277974564332e-08,
            -0.9999999999999961,
            0.6583824157714844
        ],
        [
            0.0,
            0.0,
            0.0,
            1.0
        ]
    ],
    "robot_base": [
        [
            1.0,
            0.0,
            0.0,
            0.0
        ],
        [
            0.0,
            1.0,
            0.0,
            0.294459854992959
        ],
        [
            0.0,
            0.0,
            1.0,
            0.0
        ],
        [
            0.0,
            0.0,
            0.0,
            1.0
        ]
    ]
}