{
    "cubes": [
        {
            "position": [
                1.5,
                0.0,
                0.5349645023514042
            ],
            "scale": [
                0.5,
                2.0,
                0.03
            ]
        }
    ],
    "cylinders": [
        {
            "position": [
                1.1017001088029934,
                0.24100995756996213,
                0.5
            ],
            "radius": 0.0236734379600236,
            "heigth": 0.1404869905132118
        },
        {
            "position": [
                1.0016402420479276,
                -0.0659042157867678,
                0.5
            ],
            "radius": 0.0386500214965695,
            "heigth": 0.36638929254257196
        },
        {
            "position": [
                1.1185924586439555,
                -0.2289468004953143,
                0.5
            ],
            "radius": 0.0346118830662815,
            "heigth": 0.37172752200402776
        },
        {
            "position": [
                1.0358308356672405,
                -0.23799553660151473,
                0.5
            ],
            "radius": 0.07141429995260141,
            "heigth": 0.12202083764830196
        }
    ],
    "target": [
        [
            1.0,
            0.0,
            0.0,
            1.1534894704818726
        ],
        [
            0.0,
            -0.9999999999999961,
            -8.742277974564334e-08,
            -0.001123561873100698
        ],
        [
            0.0,
            8.742277974564332e-08,
            -0.9999999999999961,
            0.6583824157714844
        ],
        [
            0.0,
            0.0,
            0.0,
            1.0
        ]
    ],
    "robot_base": [
        [
            1.0,
            0.0,
            0.0,
            0.0
        ],
        [
            0.0,
            1.0,
            0.0,
            0.12908422203251013
        ],
        [
            0.0,
            0.0,
            1.0,
            0.0
        ],
        [
            0.0,
            0.0,
            0.0,
            1.0
        ]
    ]
}