{
    "cubes": [
        {
            "position": [
                1.5,
                0.0,
                0.5984446640380229
            ],
            "scale": [
                0.5,
                2.0,
                0.03
            ]
        }
    ],
    "cylinders": [
        {
            "position": [
                1.0835626822793312,
                -0.15107791455803699,
                0.5
            ],
            "radius": 0.027823385098020202,
            "heigth": 0.1718686076777183
        },
        {
            "position": [
                1.1040426186883823,
                -0.2013872284349098,
                0.5
            ],
            "radius": 0.07264337578721697,
            "heigth": 0.3292395426486403
        },
        {
            "position": [
                1.052302554809669,
                -0.21803635057444448,
                0.5
            ],
            "radius": 0.03974296940087925,
            "heigth": 0.4256118208766068
        },
        {
            "position": [
                1.1756348081880368,
                0.09383212931323526,
                0.5
            ],
            "radius": 0.027995745299583742,
            "heigth": 0.12883642576315346
        }
    ],
    "target": [
        [
            1.0,
            0.0,
            0.0,
            1.1534894704818726
        ],
        [
            0.0,
            -0.9999999999999961,
            -8.742277974564334e-08,
            -0.001123561873100698
        ],
        [
            0.0,
            8.742277974564332e-08,
            -0.9999999999999961,
            0.6583824157714844
        ],
        [
            0.0,
            0.0,
            0.0,
            1.0
        ]
    ],
    "robot_base": [
        [
            1.0,
            0.0,
            0.0,
            0.0
        ],
        [
            0.0,
            1.0,
            0.0,
            0.058181424565257545
        ],
        [
            0.0,
            0.0,
            1.0,
            0.0
        ],
        [
            0.0,
            0.0,
            0.0,
            1.0
        ]
    ]
}