{
    "cubes": [
        {
            "position": [
                1.5,
                0.0,
                0.45852867611293163
            ],
            "scale": [
                0.5,
                2.0,
                0.03
            ]
        }
    ],
    "cylinders": [
        {
            "position": [
                1.0248879063731369,
                0.18262230878781388,
                0.5
            ],
            "radius": 0.07316449428010455,
            "heigth": 0.31418316624314857
        },
        {
            "position": [
                1.0974572403716625,
                0.22434273929261966,
                0.5
            ],
            "radius": 0.034448126685806026,
            "heigth": 0.31192900255417566
        },
        {
            "position": [
                1.0606583575384856,
                0.07015029913404852,
                0.5
            ],
            "radius": 0.022730578710186414,
            "heigth": 0.16217086135053924
        },
        {
            "position": [
                1.1623443113513754,
                0.1968182118634409,
                0.5
            ],
            "radius": 0.033870326609339634,
            "heigth": 0.12603327599290853
        }
    ],
    "target": [
        [
            1.0,
            0.0,
            0.0,
            1.1534894704818726
        ],
        [
            0.0,
            -0.9999999999999961,
            -8.742277974564334e-08,
            -0.001123561873100698
        ],
        [
            0.0,
            8.742277974564332e-08,
            -0.9999999999999961,
            0.6583824157714844
        ],
        [
            0.0,
            0.0,
            0.0,
            1.0
        ]
    ],
    "robot_base": [
        [
            1.0,
            0.0,
            0.0,
            0.0
        ],
        [
            0.0,
            1.0,
            0.0,
            -0.014231807692393073
        ],
        [
            0.0,
            0.0,
            1.0,
            0.0
        ],
        [
            0.0,
            0.0,
            0.0,
            1.0
        ]
    ]
}