{
    "cubes": [
        {
            "position": [
                1.5,
                0.0,
                0.46827040130427394
            ],
            "scale": [
                0.5,
                2.0,
                0.03
            ]
        }
    ],
    "cylinders": [
        {
            "position": [
                1.1789849873871714,
                0.24163271124073038,
                0.5
            ],
            "radius": 0.06165068481913552,
            "heigth": 0.3616301042761618
        },
        {
            "position": [
                1.0914023301215414,
                -0.1361278959986238,
                0.5
            ],
            "radius": 0.04970659745542898,
            "heigth": 0.18074173463621815
        },
        {
            "position": [
                1.0601078690340389,
                0.23946779430387582,
                0.5
            ],
            "radius": 0.07410879392308978,
            "heigth": 0.1435600461372892
        },
        {
            "position": [
                1.0865094733572727,
                -0.20777037518009278,
                0.5
            ],
            "radius": 0.0632214994842537,
            "heigth": 0.4441782262924052
        }
    ],
    "target": [
        [
            1.0,
            0.0,
            0.0,
            1.1534894704818726
        ],
        [
            0.0,
            -0.9999999999999961,
            -8.742277974564334e-08,
            -0.001123561873100698
        ],
        [
            0.0,
            8.742277974564332e-08,
            -0.9999999999999961,
            0.6583824157714844
        ],
        [
            0.0,
            0.0,
            0.0,
            1.0
        ]
    ],
    "robot_base": [
        [
            1.0,
            0.0,
            0.0,
            0.0
        ],
        [
            0.0,
            1.0,
            0.0,
            -0.07076870724172013
        ],
        [
            0.0,
            0.0,
            1.0,
            0.0
        ],
        [
            0.0,
            0.0,
            0.0,
            1.0
        ]
    ]
}