{
    "cubes": [
        {
            "position": [
                1.5,
                0.0,
                0.5205885741706406
            ],
            "scale": [
                0.5,
                2.0,
                0.03
            ]
        }
    ],
    "cylinders": [
        {
            "position": [
                1.0505783687967103,
                0.16685113920928202,
                0.5
            ],
            "radius": 0.04548501518415867,
            "heigth": 0.1407645942030974
        },
        {
            "position": [
                1.1863241411565097,
                -0.23602699199432486,
                0.5
            ],
            "radius": 0.06402842958779464,
            "heigth": 0.40804909093988695
        },
        {
            "position": [
                1.0795553349938618,
                -0.1855553903576252,
                0.5
            ],
            "radius": 0.044073444052561445,
            "heigth": 0.3488107728635923
        },
        {
            "position": [
                1.0418401219040405,
                -0.10111752315763278,
                0.5
            ],
            "radius": 0.024866008412462573,
            "heigth": 0.3881082939538662
        }
    ],
    "target": [
        [
            1.0,
            0.0,
            0.0,
            1.1534894704818726
        ],
        [
            0.0,
            -0.9999999999999961,
            -8.742277974564334e-08,
            -0.001123561873100698
        ],
        [
            0.0,
            8.742277974564332e-08,
            -0.9999999999999961,
            0.6583824157714844
        ],
        [
            0.0,
            0.0,
            0.0,
            1.0
        ]
    ],
    "robot_base": [
        [
            1.0,
            0.0,
            0.0,
            0.0
        ],
        [
            0.0,
            1.0,
            0.0,
            -0.3322853102765825
        ],
        [
            0.0,
            0.0,
            1.0,
            0.0
        ],
        [
            0.0,
            0.0,
            0.0,
            1.0
        ]
    ]
}