{
    "cubes": [
        {
            "position": [
                1.5,
                0.0,
                0.42017026280290726
            ],
            "scale": [
                0.5,
                2.0,
                0.03
            ]
        }
    ],
    "cylinders": [
        {
            "position": [
                1.1382555834570411,
                0.18947637581540666,
                0.5
            ],
            "radius": 0.03172109185905009,
            "heigth": 0.19494970412820561
        },
        {
            "position": [
                1.0492063784050318,
                -0.19280457396819028,
                0.5
            ],
            "radius": 0.05172349014780479,
            "heigth": 0.37355057484363496
        },
        {
            "position": [
                1.0525035602438129,
                -0.17536463481017855,
                0.5
            ],
            "radius": 0.0572192856411906,
            "heigth": 0.11015336172642035
        },
        {
            "position": [
                1.0716006690543218,
                0.23305737470307264,
                0.5
            ],
            "radius": 0.07822698045522984,
            "heigth": 0.3583855554663265
        }
    ],
    "target": [
        [
            1.0,
            0.0,
            0.0,
            1.1534894704818726
        ],
        [
            0.0,
            -0.9999999999999961,
            -8.742277974564334e-08,
            -0.001123561873100698
        ],
        [
            0.0,
            8.742277974564332e-08,
            -0.9999999999999961,
            0.6583824157714844
        ],
        [
            0.0,
            0.0,
            0.0,
            1.0
        ]
    ],
    "robot_base": [
        [
            1.0,
            0.0,
            0.0,
            0.0
        ],
        [
            0.0,
            1.0,
            0.0,
            -0.12896251914884438
        ],
        [
            0.0,
            0.0,
            1.0,
            0.0
        ],
        [
            0.0,
            0.0,
            0.0,
            1.0
        ]
    ]
}