{
    "cubes": [
        {
            "position": [
                1.5,
                0.0,
                0.5472577710045669
            ],
            "scale": [
                0.5,
                2.0,
                0.03
            ]
        }
    ],
    "cylinders": [
        {
            "position": [
                1.184203633288199,
                -0.2464837093323235,
                0.5
            ],
            "radius": 0.030096392815392184,
            "heigth": 0.4553258853909111
        },
        {
            "position": [
                1.1368496582282166,
                0.24354708265661962,
                0.5
            ],
            "radius": 0.06693157347459194,
            "heigth": 0.4464762343731667
        },
        {
            "position": [
                1.195594844343765,
                -0.17708671963995004,
                0.5
            ],
            "radius": 0.06694241800065688,
            "heigth": 0.19702950706254269
        },
        {
            "position": [
                1.1383076685899955,
                -0.1590135337887374,
                0.5
            ],
            "radius": 0.027010945759576632,
            "heigth": 0.28916009177110696
        }
    ],
    "target": [
        [
            1.0,
            0.0,
            0.0,
            1.1534894704818726
        ],
        [
            0.0,
            -0.9999999999999961,
            -8.742277974564334e-08,
            -0.001123561873100698
        ],
        [
            0.0,
            8.742277974564332e-08,
            -0.9999999999999961,
            0.6583824157714844
        ],
        [
            0.0,
            0.0,
            0.0,
            1.0
        ]
    ],
    "robot_base": [
        [
            1.0,
            0.0,
            0.0,
            0.0
        ],
        [
            0.0,
            1.0,
            0.0,
            -0.1835571510995947
        ],
        [
            0.0,
            0.0,
            1.0,
            0.0
        ],
        [
            0.0,
            0.0,
            0.0,
            1.0
        ]
    ]
}