{
    "cubes": [
        {
            "position": [
                1.5,
                0.0,
                0.4420372844840242
            ],
            "scale": [
                0.5,
                2.0,
                0.03
            ]
        }
    ],
    "cylinders": [
        {
            "position": [
                1.0434721154467248,
                -0.0407163632360284,
                0.5
            ],
            "radius": 0.05225205720005052,
            "heigth": 0.21367029754360972
        },
        {
            "position": [
                1.1127486616434976,
                0.2342625983930055,
                0.5
            ],
            "radius": 0.06941521260574485,
            "heigth": 0.19815467136676823
        },
        {
            "position": [
                1.1160389131194264,
                -0.23080907653186633,
                0.5
            ],
            "radius": 0.030928903155336217,
            "heigth": 0.275604567212531
        },
        {
            "position": [
                1.1138611203028863,
                -0.2162521080560944,
                0.5
            ],
            "radius": 0.05553506233312628,
            "heigth": 0.3839192931956266
        }
    ],
    "target": [
        [
            1.0,
            0.0,
            0.0,
            1.1534894704818726
        ],
        [
            0.0,
            -0.9999999999999961,
            -8.742277974564334e-08,
            -0.001123561873100698
        ],
        [
            0.0,
            8.742277974564332e-08,
            -0.9999999999999961,
            0.6583824157714844
        ],
        [
            0.0,
            0.0,
            0.0,
            1.0
        ]
    ],
    "robot_base": [
        [
            1.0,
            0.0,
            0.0,
            0.0
        ],
        [
            0.0,
            1.0,
            0.0,
            0.021877857712670368
        ],
        [
            0.0,
            0.0,
            1.0,
            0.0
        ],
        [
            0.0,
            0.0,
            0.0,
            1.0
        ]
    ]
}