{
    "cubes": [
        {
            "position": [
                1.5,
                0.0,
                0.41343100011477835
            ],
            "scale": [
                0.5,
                2.0,
                0.03
            ]
        }
    ],
    "cylinders": [
        {
            "position": [
                1.1252063075524428,
                -0.215458018035956,
                0.5
            ],
            "radius": 0.05217862127570555,
            "heigth": 0.4113160295150307
        },
        {
            "position": [
                1.1664912379037122,
                0.18236090578049435,
                0.5
            ],
            "radius": 0.05161933066193275,
            "heigth": 0.29587366763171596
        },
        {
            "position": [
                1.0407685872128816,
                -0.02984168549774685,
                0.5
            ],
            "radius": 0.026137762841301013,
            "heigth": 0.15591275538367658
        },
        {
            "position": [
                1.0343304344219577,
                -0.18467913313631146,
                0.5
            ],
            "radius": 0.057969213072149445,
            "heigth": 0.43074135704649824
        }
    ],
    "target": [
        [
            1.0,
            0.0,
            0.0,
            1.1534894704818726
        ],
        [
            0.0,
            -0.9999999999999961,
            -8.742277974564334e-08,
            -0.001123561873100698
        ],
        [
            0.0,
            8.742277974564332e-08,
            -0.9999999999999961,
            0.6583824157714844
        ],
        [
            0.0,
            0.0,
            0.0,
            1.0
        ]
    ],
    "robot_base": [
        [
            1.0,
            0.0,
            0.0,
            0.0
        ],
        [
            0.0,
            1.0,
            0.0,
            -0.19378450655852486
        ],
        [
            0.0,
            0.0,
            1.0,
            0.0
        ],
        [
            0.0,
            0.0,
            0.0,
            1.0
        ]
    ]
}