{
    "cubes": [
        {
            "position": [
                1.5,
                0.0,
                0.5249069698601713
            ],
            "scale": [
                0.5,
                2.0,
                0.03
            ]
        }
    ],
    "cylinders": [
        {
            "position": [
                1.0946995049422226,
                -0.24155108918592272,
                0.5
            ],
            "radius": 0.0475258236837072,
            "heigth": 0.20061769581615996
        },
        {
            "position": [
                1.0585224733013565,
                0.08306586266386662,
                0.5
            ],
            "radius": 0.0425737293784675,
            "heigth": 0.14714381917734445
        },
        {
            "position": [
                1.1723898456177178,
                -0.23035168430392794,
                0.5
            ],
            "radius": 0.025764072736304388,
            "heigth": 0.13490255435585535
        },
        {
            "position": [
                1.1234109331693858,
                -0.21485184460102952,
                0.5
            ],
            "radius": 0.07135808238971933,
            "heigth": 0.3466233864271563
        }
    ],
    "target": [
        [
            1.0,
            0.0,
            0.0,
            1.1534894704818726
        ],
        [
            0.0,
            -0.9999999999999961,
            -8.742277974564334e-08,
            -0.001123561873100698
        ],
        [
            0.0,
            8.742277974564332e-08,
            -0.9999999999999961,
            0.6583824157714844
        ],
        [
            0.0,
            0.0,
            0.0,
            1.0
        ]
    ],
    "robot_base": [
        [
            1.0,
            0.0,
            0.0,
            0.0
        ],
        [
            0.0,
            1.0,
            0.0,
            0.3968881847608783
        ],
        [
            0.0,
            0.0,
            1.0,
            0.0
        ],
        [
            0.0,
            0.0,
            0.0,
            1.0
        ]
    ]
}