{
    "cubes": [
        {
            "position": [
                1.5,
                0.0,
                0.4237308626734907
            ],
            "scale": [
                0.5,
                2.0,
                0.03
            ]
        }
    ],
    "cylinders": [
        {
            "position": [
                1.0656760182772234,
                0.20115893738414892,
                0.5
            ],
            "radius": 0.024463904315004573,
            "heigth": 0.4968891894347997
        },
        {
            "position": [
                1.1224953876037183,
                -0.24775356914036428,
                0.5
            ],
            "radius": 0.022794526258314383,
            "heigth": 0.3272971643115423
        },
        {
            "position": [
                1.1138038513178805,
                0.15296680038200677,
                0.5
            ],
            "radius": 0.024370820924426793,
            "heigth": 0.12788649834151683
        },
        {
            "position": [
                1.0071513793957432,
                -0.18241686994015271,
                0.5
            ],
            "radius": 0.045243488027467305,
            "heigth": 0.4570245509358725
        }
    ],
    "target": [
        [
            1.0,
            0.0,
            0.0,
            1.1534894704818726
        ],
        [
            0.0,
            -0.9999999999999961,
            -8.742277974564334e-08,
            -0.001123561873100698
        ],
        [
            0.0,
            8.742277974564332e-08,
            -0.9999999999999961,
            0.6583824157714844
        ],
        [
            0.0,
            0.0,
            0.0,
            1.0
        ]
    ],
    "robot_base": [
        [
            1.0,
            0.0,
            0.0,
            0.0
        ],
        [
            0.0,
            1.0,
            0.0,
            -0.2362704309979341
        ],
        [
            0.0,
            0.0,
            1.0,
            0.0
        ],
        [
            0.0,
            0.0,
            0.0,
            1.0
        ]
    ]
}