{
    "cubes": [
        {
            "position": [
                1.5,
                0.0,
                0.5715234064970065
            ],
            "scale": [
                0.5,
                2.0,
                0.03
            ]
        }
    ],
    "cylinders": [
        {
            "position": [
                1.0226226464799857,
                -0.17609688041332278,
                0.5
            ],
            "radius": 0.07866310852795114,
            "heigth": 0.36735594767059837
        },
        {
            "position": [
                1.1899732122705649,
                0.09560322209000904,
                0.5
            ],
            "radius": 0.058024815308428096,
            "heigth": 0.14430804203532138
        },
        {
            "position": [
                1.1095658482908852,
                -0.18269686995439122,
                0.5
            ],
            "radius": 0.039460486250251,
            "heigth": 0.45361878772463526
        },
        {
            "position": [
                1.1510722509844886,
                0.19707357812874432,
                0.5
            ],
            "radius": 0.031123787241304237,
            "heigth": 0.47518965934779467
        }
    ],
    "target": [
        [
            1.0,
            0.0,
            0.0,
            1.1534894704818726
        ],
        [
            0.0,
            -0.9999999999999961,
            -8.742277974564334e-08,
            -0.001123561873100698
        ],
        [
            0.0,
            8.742277974564332e-08,
            -0.9999999999999961,
            0.6583824157714844
        ],
        [
            0.0,
            0.0,
            0.0,
            1.0
        ]
    ],
    "robot_base": [
        [
            1.0,
            0.0,
            0.0,
            0.0
        ],
        [
            0.0,
            1.0,
            0.0,
            0.3162443493402075
        ],
        [
            0.0,
            0.0,
            1.0,
            0.0
        ],
        [
            0.0,
            0.0,
            0.0,
            1.0
        ]
    ]
}