{
    "cubes": [
        {
            "position": [
                1.5,
                0.0,
                0.47129400388422077
            ],
            "scale": [
                0.5,
                2.0,
                0.03
            ]
        }
    ],
    "cylinders": [
        {
            "position": [
                1.0262728837480515,
                -0.09994969631431821,
                0.5
            ],
            "radius": 0.05493826205100159,
            "heigth": 0.2313155863518199
        },
        {
            "position": [
                1.0231205639233052,
                -0.0007169654680090343,
                0.5
            ],
            "radius": 0.05033358661016788,
            "heigth": 0.1493853956998074
        },
        {
            "position": [
                1.0679232907067329,
                -0.12488283507252074,
                0.5
            ],
            "radius": 0.052783421736274594,
            "heigth": 0.15466085982103064
        },
        {
            "position": [
                1.0383910521840218,
                0.16608909820372925,
                0.5
            ],
            "radius": 0.07007771595730745,
            "heigth": 0.20082547392656308
        }
    ],
    "target": [
        [
            1.0,
            0.0,
            0.0,
            1.1534894704818726
        ],
        [
            0.0,
            -0.9999999999999961,
            -8.742277974564334e-08,
            -0.001123561873100698
        ],
        [
            0.0,
            8.742277974564332e-08,
            -0.9999999999999961,
            0.6583824157714844
        ],
        [
            0.0,
            0.0,
            0.0,
            1.0
        ]
    ],
    "robot_base": [
        [
            1.0,
            0.0,
            0.0,
            0.0
        ],
        [
            0.0,
            1.0,
            0.0,
            0.02926847040458358
        ],
        [
            0.0,
            0.0,
            1.0,
            0.0
        ],
        [
            0.0,
            0.0,
            0.0,
            1.0
        ]
    ]
}