{
    "cubes": [
        {
            "position": [
                1.5,
                0.0,
                0.4825321199857707
            ],
            "scale": [
                0.5,
                2.0,
                0.03
            ]
        }
    ],
    "cylinders": [
        {
            "position": [
                1.0363929175051734,
                0.06019564369719416,
                0.5
            ],
            "radius": 0.06497941392139406,
            "heigth": 0.10290817586109251
        },
        {
            "position": [
                1.0503604857076736,
                -0.2337504885115722,
                0.5
            ],
            "radius": 0.06051610343015383,
            "heigth": 0.22588773147031702
        },
        {
            "position": [
                1.1781902977646381,
                0.19632215592517482,
                0.5
            ],
            "radius": 0.039815239835953434,
            "heigth": 0.33519097434112133
        },
        {
            "position": [
                1.1391777143572788,
                0.19144931221829026,
                0.5
            ],
            "radius": 0.03866412191649677,
            "heigth": 0.2737339624558459
        }
    ],
    "target": [
        [
            1.0,
            0.0,
            0.0,
            1.1534894704818726
        ],
        [
            0.0,
            -0.9999999999999961,
            -8.742277974564334e-08,
            -0.001123561873100698
        ],
        [
            0.0,
            8.742277974564332e-08,
            -0.9999999999999961,
            0.6583824157714844
        ],
        [
            0.0,
            0.0,
            0.0,
            1.0
        ]
    ],
    "robot_base": [
        [
            1.0,
            0.0,
            0.0,
            0.0
        ],
        [
            0.0,
            1.0,
            0.0,
            -0.12618212507831328
        ],
        [
            0.0,
            0.0,
            1.0,
            0.0
        ],
        [
            0.0,
            0.0,
            0.0,
            1.0
        ]
    ]
}