{
    "cubes": [
        {
            "position": [
                1.5,
                0.0,
                0.5890125688789866
            ],
            "scale": [
                0.5,
                2.0,
                0.03
            ]
        }
    ],
    "cylinders": [
        {
            "position": [
                1.0835919852054905,
                0.15801646287871945,
                0.5
            ],
            "radius": 0.04344031500501465,
            "heigth": 0.2422963052823005
        },
        {
            "position": [
                1.1958293122993273,
                -0.10946585092946237,
                0.5
            ],
            "radius": 0.07467360929758703,
            "heigth": 0.11514784681668824
        },
        {
            "position": [
                1.0500632041658757,
                -0.22738160367499788,
                0.5
            ],
            "radius": 0.06416287652575897,
            "heigth": 0.19556978765685787
        },
        {
            "position": [
                1.0097579140953623,
                -0.15202747919511256,
                0.5
            ],
            "radius": 0.05512652289448258,
            "heigth": 0.26053953957661674
        }
    ],
    "target": [
        [
            1.0,
            0.0,
            0.0,
            1.1534894704818726
        ],
        [
            0.0,
            -0.9999999999999961,
            -8.742277974564334e-08,
            -0.001123561873100698
        ],
        [
            0.0,
            8.742277974564332e-08,
            -0.9999999999999961,
            0.6583824157714844
        ],
        [
            0.0,
            0.0,
            0.0,
            1.0
        ]
    ],
    "robot_base": [
        [
            1.0,
            0.0,
            0.0,
            0.0
        ],
        [
            0.0,
            1.0,
            0.0,
            -0.1953442511261112
        ],
        [
            0.0,
            0.0,
            1.0,
            0.0
        ],
        [
            0.0,
            0.0,
            0.0,
            1.0
        ]
    ]
}