{
    "cubes": [
        {
            "position": [
                1.5,
                0.0,
                0.4266651870284449
            ],
            "scale": [
                0.5,
                2.0,
                0.03
            ]
        }
    ],
    "cylinders": [
        {
            "position": [
                1.0524513440748549,
                -0.12230324684338184,
                0.5
            ],
            "radius": 0.022112072888522603,
            "heigth": 0.18519894371486934
        },
        {
            "position": [
                1.0523392496073654,
                0.053938657213459584,
                0.5
            ],
            "radius": 0.03130494357127073,
            "heigth": 0.20195473832596367
        },
        {
            "position": [
                1.0916378759696934,
                -0.18675779938936649,
                0.5
            ],
            "radius": 0.04877616449659454,
            "heigth": 0.27601979585169834
        },
        {
            "position": [
                1.1614655947891341,
                0.22094535882245053,
                0.5
            ],
            "radius": 0.07595033660076184,
            "heigth": 0.20578325152728877
        }
    ],
    "target": [
        [
            1.0,
            0.0,
            0.0,
            1.1534894704818726
        ],
        [
            0.0,
            -0.9999999999999961,
            -8.742277974564334e-08,
            -0.001123561873100698
        ],
        [
            0.0,
            8.742277974564332e-08,
            -0.9999999999999961,
            0.6583824157714844
        ],
        [
            0.0,
            0.0,
            0.0,
            1.0
        ]
    ],
    "robot_base": [
        [
            1.0,
            0.0,
            0.0,
            0.0
        ],
        [
            0.0,
            1.0,
            0.0,
            -0.036253688308306
        ],
        [
            0.0,
            0.0,
            1.0,
            0.0
        ],
        [
            0.0,
            0.0,
            0.0,
            1.0
        ]
    ]
}