{
    "cubes": [
        {
            "position": [
                1.5,
                0.0,
                0.5361219704123468
            ],
            "scale": [
                0.5,
                2.0,
                0.03
            ]
        }
    ],
    "cylinders": [
        {
            "position": [
                1.0442523006294129,
                -0.17537221931653413,
                0.5
            ],
            "radius": 0.07279594431692984,
            "heigth": 0.2454410057377592
        },
        {
            "position": [
                1.022317348334648,
                -0.09812754970381471,
                0.5
            ],
            "radius": 0.04870229425301183,
            "heigth": 0.25126017691813474
        },
        {
            "position": [
                1.1787068655542041,
                -0.21585477083973975,
                0.5
            ],
            "radius": 0.0333683801691227,
            "heigth": 0.42509673848870244
        },
        {
            "position": [
                1.0493525375038202,
                -0.12423973784940018,
                0.5
            ],
            "radius": 0.052991650247472474,
            "heigth": 0.2251250107630489
        }
    ],
    "target": [
        [
            1.0,
            0.0,
            0.0,
            1.1534894704818726
        ],
        [
            0.0,
            -0.9999999999999961,
            -8.742277974564334e-08,
            -0.001123561873100698
        ],
        [
            0.0,
            8.742277974564332e-08,
            -0.9999999999999961,
            0.6583824157714844
        ],
        [
            0.0,
            0.0,
            0.0,
            1.0
        ]
    ],
    "robot_base": [
        [
            1.0,
            0.0,
            0.0,
            0.0
        ],
        [
            0.0,
            1.0,
            0.0,
            0.32538888823974954
        ],
        [
            0.0,
            0.0,
            1.0,
            0.0
        ],
        [
            0.0,
            0.0,
            0.0,
            1.0
        ]
    ]
}