{
    "cubes": [
        {
            "position": [
                1.5,
                0.0,
                0.5966947456394636
            ],
            "scale": [
                0.5,
                2.0,
                0.03
            ]
        }
    ],
    "cylinders": [
        {
            "position": [
                1.098975903714355,
                0.10442947519376816,
                0.5
            ],
            "radius": 0.02286203683769393,
            "heigth": 0.10632948197429164
        },
        {
            "position": [
                1.044691299466023,
                0.19007500186157367,
                0.5
            ],
            "radius": 0.047809471532962645,
            "heigth": 0.28787996592907533
        },
        {
            "position": [
                1.0950850993354648,
                -0.2306201242051873,
                0.5
            ],
            "radius": 0.03995944207558489,
            "heigth": 0.43063173580810915
        },
        {
            "position": [
                1.0231160771328434,
                0.11820690864172029,
                0.5
            ],
            "radius": 0.05791683989374952,
            "heigth": 0.20811282850518878
        }
    ],
    "target": [
        [
            1.0,
            0.0,
            0.0,
            1.1534894704818726
        ],
        [
            0.0,
            -0.9999999999999961,
            -8.742277974564334e-08,
            -0.001123561873100698
        ],
        [
            0.0,
            8.742277974564332e-08,
            -0.9999999999999961,
            0.6583824157714844
        ],
        [
            0.0,
            0.0,
            0.0,
            1.0
        ]
    ],
    "robot_base": [
        [
            1.0,
            0.0,
            0.0,
            0.0
        ],
        [
            0.0,
            1.0,
            0.0,
            0.27100420031953354
        ],
        [
            0.0,
            0.0,
            1.0,
            0.0
        ],
        [
            0.0,
            0.0,
            0.0,
            1.0
        ]
    ]
}