{
    "cubes": [
        {
            "position": [
                1.5,
                0.0,
                0.5853577478618662
            ],
            "scale": [
                0.5,
                2.0,
                0.03
            ]
        }
    ],
    "cylinders": [
        {
            "position": [
                1.1542470921898265,
                -0.2405113774763365,
                0.5
            ],
            "radius": 0.03909984340518932,
            "heigth": 0.47226119749407514
        },
        {
            "position": [
                1.0952098603087532,
                0.16648586415792793,
                0.5
            ],
            "radius": 0.023992522667586787,
            "heigth": 0.2821345467687215
        },
        {
            "position": [
                1.105361216419238,
                -0.2250235456653657,
                0.5
            ],
            "radius": 0.037255794425496994,
            "heigth": 0.30203143563858315
        },
        {
            "position": [
                1.0273597512539163,
                0.14860713942166215,
                0.5
            ],
            "radius": 0.05359216184793201,
            "heigth": 0.29752373925029896
        }
    ],
    "target": [
        [
            1.0,
            0.0,
            0.0,
            1.1534894704818726
        ],
        [
            0.0,
            -0.9999999999999961,
            -8.742277974564334e-08,
            -0.001123561873100698
        ],
        [
            0.0,
            8.742277974564332e-08,
            -0.9999999999999961,
            0.6583824157714844
        ],
        [
            0.0,
            0.0,
            0.0,
            1.0
        ]
    ],
    "robot_base": [
        [
            1.0,
            0.0,
            0.0,
            0.0
        ],
        [
            0.0,
            1.0,
            0.0,
            -0.44931017214860247
        ],
        [
            0.0,
            0.0,
            1.0,
            0.0
        ],
        [
            0.0,
            0.0,
            0.0,
            1.0
        ]
    ]
}