{
    "cubes": [
        {
            "position": [
                1.5,
                0.0,
                0.5412126037029084
            ],
            "scale": [
                0.5,
                2.0,
                0.03
            ]
        }
    ],
    "cylinders": [
        {
            "position": [
                1.0421170564298592,
                0.20917827700958053,
                0.5
            ],
            "radius": 0.0524101585090274,
            "heigth": 0.3515203692628686
        },
        {
            "position": [
                1.0465119865848718,
                -0.18031518461396073,
                0.5
            ],
            "radius": 0.04475158699024684,
            "heigth": 0.4801029003786914
        },
        {
            "position": [
                1.0258819343769063,
                -0.12936102091201546,
                0.5
            ],
            "radius": 0.03538610851132546,
            "heigth": 0.24265362683341085
        },
        {
            "position": [
                1.0889156051799425,
                -0.2402740046046246,
                0.5
            ],
            "radius": 0.0418653891577449,
            "heigth": 0.13471358522754545
        }
    ],
    "target": [
        [
            1.0,
            0.0,
            0.0,
            1.1534894704818726
        ],
        [
            0.0,
            -0.9999999999999961,
            -8.742277974564334e-08,
            -0.001123561873100698
        ],
        [
            0.0,
            8.742277974564332e-08,
            -0.9999999999999961,
            0.6583824157714844
        ],
        [
            0.0,
            0.0,
            0.0,
            1.0
        ]
    ],
    "robot_base": [
        [
            1.0,
            0.0,
            0.0,
            0.0
        ],
        [
            0.0,
            1.0,
            0.0,
            -0.03193749635402532
        ],
        [
            0.0,
            0.0,
            1.0,
            0.0
        ],
        [
            0.0,
            0.0,
            0.0,
            1.0
        ]
    ]
}