{
    "cubes": [
        {
            "position": [
                1.5,
                0.0,
                0.401018112108772
            ],
            "scale": [
                0.5,
                2.0,
                0.03
            ]
        }
    ],
    "cylinders": [
        {
            "position": [
                1.0971666313292054,
                -0.12167545349670078,
                0.5
            ],
            "radius": 0.020130864570151362,
            "heigth": 0.46405420408992964
        },
        {
            "position": [
                1.0652276298873242,
                0.03278944278720175,
                0.5
            ],
            "radius": 0.07174620968453657,
            "heigth": 0.10245970803087301
        },
        {
            "position": [
                1.130253985205772,
                -0.24703673992148883,
                0.5
            ],
            "radius": 0.04238310807683139,
            "heigth": 0.3394940735594416
        },
        {
            "position": [
                1.1522923005443821,
                0.2292889441256995,
                0.5
            ],
            "radius": 0.02815604450732753,
            "heigth": 0.37419154974631313
        }
    ],
    "target": [
        [
            1.0,
            0.0,
            0.0,
            1.1534894704818726
        ],
        [
            0.0,
            -0.9999999999999961,
            -8.742277974564334e-08,
            -0.001123561873100698
        ],
        [
            0.0,
            8.742277974564332e-08,
            -0.9999999999999961,
            0.6583824157714844
        ],
        [
            0.0,
            0.0,
            0.0,
            1.0
        ]
    ],
    "robot_base": [
        [
            1.0,
            0.0,
            0.0,
            0.0
        ],
        [
            0.0,
            1.0,
            0.0,
            -0.12692565359335373
        ],
        [
            0.0,
            0.0,
            1.0,
            0.0
        ],
        [
            0.0,
            0.0,
            0.0,
            1.0
        ]
    ]
}