{
    "cubes": [
        {
            "position": [
                1.5,
                0.0,
                0.5888343277289838
            ],
            "scale": [
                0.5,
                2.0,
                0.03
            ]
        }
    ],
    "cylinders": [
        {
            "position": [
                1.0363120091336995,
                -0.10344288011021235,
                0.5
            ],
            "radius": 0.04708750217593623,
            "heigth": 0.2862964241850495
        },
        {
            "position": [
                1.048530614107704,
                -0.2225584340089487,
                0.5
            ],
            "radius": 0.021180044613313725,
            "heigth": 0.33973164051199406
        },
        {
            "position": [
                1.0303462696160837,
                -0.1881898139082281,
                0.5
            ],
            "radius": 0.05198616206593641,
            "heigth": 0.21784790022694023
        },
        {
            "position": [
                1.0666452236248933,
                0.21218453818723354,
                0.5
            ],
            "radius": 0.05512470772158689,
            "heigth": 0.10048874955422218
        }
    ],
    "target": [
        [
            1.0,
            0.0,
            0.0,
            1.1534894704818726
        ],
        [
            0.0,
            -0.9999999999999961,
            -8.742277974564334e-08,
            -0.001123561873100698
        ],
        [
            0.0,
            8.742277974564332e-08,
            -0.9999999999999961,
            0.6583824157714844
        ],
        [
            0.0,
            0.0,
            0.0,
            1.0
        ]
    ],
    "robot_base": [
        [
            1.0,
            0.0,
            0.0,
            0.0
        ],
        [
            0.0,
            1.0,
            0.0,
            -0.041379174165069754
        ],
        [
            0.0,
            0.0,
            1.0,
            0.0
        ],
        [
            0.0,
            0.0,
            0.0,
            1.0
        ]
    ]
}