{
    "cubes": [
        {
            "position": [
                1.5,
                0.0,
                0.5904205236712843
            ],
            "scale": [
                0.5,
                2.0,
                0.03
            ]
        }
    ],
    "cylinders": [
        {
            "position": [
                1.0727097692487506,
                -0.1148065462152762,
                0.5
            ],
            "radius": 0.033388027075002435,
            "heigth": 0.42747967355884986
        },
        {
            "position": [
                1.0664982889364667,
                0.18948140122567203,
                0.5
            ],
            "radius": 0.020780137370705616,
            "heigth": 0.3647402672437493
        },
        {
            "position": [
                1.0347922498946034,
                -0.052302641795454796,
                0.5
            ],
            "radius": 0.05692741605664323,
            "heigth": 0.15639861586745948
        },
        {
            "position": [
                1.0218645432834192,
                -0.09215616357016498,
                0.5
            ],
            "radius": 0.03225003889260927,
            "heigth": 0.4422025455515922
        }
    ],
    "target": [
        [
            1.0,
            0.0,
            0.0,
            1.1534894704818726
        ],
        [
            0.0,
            -0.9999999999999961,
            -8.742277974564334e-08,
            -0.001123561873100698
        ],
        [
            0.0,
            8.742277974564332e-08,
            -0.9999999999999961,
            0.6583824157714844
        ],
        [
            0.0,
            0.0,
            0.0,
            1.0
        ]
    ],
    "robot_base": [
        [
            1.0,
            0.0,
            0.0,
            0.0
        ],
        [
            0.0,
            1.0,
            0.0,
            -0.14794472194130748
        ],
        [
            0.0,
            0.0,
            1.0,
            0.0
        ],
        [
            0.0,
            0.0,
            0.0,
            1.0
        ]
    ]
}