{
    "cubes": [
        {
            "position": [
                1.5,
                0.0,
                0.4591967498198574
            ],
            "scale": [
                0.5,
                2.0,
                0.03
            ]
        }
    ],
    "cylinders": [
        {
            "position": [
                1.102404594836808,
                0.18550309937093906,
                0.5
            ],
            "radius": 0.07649247586050228,
            "heigth": 0.14318154543251504
        },
        {
            "position": [
                1.131656885741043,
                0.23170019709025608,
                0.5
            ],
            "radius": 0.0482067693536178,
            "heigth": 0.4945756195038355
        },
        {
            "position": [
                1.0680954585227536,
                -0.1614853653089831,
                0.5
            ],
            "radius": 0.037154513472978275,
            "heigth": 0.29829116891567586
        },
        {
            "position": [
                1.13010357466739,
                -0.21490883250240755,
                0.5
            ],
            "radius": 0.05562038404754302,
            "heigth": 0.13907619126547088
        }
    ],
    "target": [
        [
            1.0,
            0.0,
            0.0,
            1.1534894704818726
        ],
        [
            0.0,
            -0.9999999999999961,
            -8.742277974564334e-08,
            -0.001123561873100698
        ],
        [
            0.0,
            8.742277974564332e-08,
            -0.9999999999999961,
            0.6583824157714844
        ],
        [
            0.0,
            0.0,
            0.0,
            1.0
        ]
    ],
    "robot_base": [
        [
            1.0,
            0.0,
            0.0,
            0.0
        ],
        [
            0.0,
            1.0,
            0.0,
            -0.059599228518448455
        ],
        [
            0.0,
            0.0,
            1.0,
            0.0
        ],
        [
            0.0,
            0.0,
            0.0,
            1.0
        ]
    ]
}