{
    "cubes": [
        {
            "position": [
                1.5,
                0.0,
                0.407463217694752
            ],
            "scale": [
                0.5,
                2.0,
                0.03
            ]
        }
    ],
    "cylinders": [
        {
            "position": [
                1.1586384380563084,
                -0.16842109704468677,
                0.5
            ],
            "radius": 0.03391625921092536,
            "heigth": 0.42729057902770706
        },
        {
            "position": [
                1.1146215569847922,
                -0.11641464925625428,
                0.5
            ],
            "radius": 0.06422443922034786,
            "heigth": 0.12070069892584742
        },
        {
            "position": [
                1.1835346535726807,
                -0.19662569485482556,
                0.5
            ],
            "radius": 0.03697286377875478,
            "heigth": 0.11783582872413756
        },
        {
            "position": [
                1.155017403454733,
                0.16834904794664707,
                0.5
            ],
            "radius": 0.04524059994163731,
            "heigth": 0.48105931579346584
        }
    ],
    "target": [
        [
            1.0,
            0.0,
            0.0,
            1.1534894704818726
        ],
        [
            0.0,
            -0.9999999999999961,
            -8.742277974564334e-08,
            -0.001123561873100698
        ],
        [
            0.0,
            8.742277974564332e-08,
            -0.9999999999999961,
            0.6583824157714844
        ],
        [
            0.0,
            0.0,
            0.0,
            1.0
        ]
    ],
    "robot_base": [
        [
            1.0,
            0.0,
            0.0,
            0.0
        ],
        [
            0.0,
            1.0,
            0.0,
            -0.3516326208654952
        ],
        [
            0.0,
            0.0,
            1.0,
            0.0
        ],
        [
            0.0,
            0.0,
            0.0,
            1.0
        ]
    ]
}