{
    "cubes": [
        {
            "position": [
                1.5,
                0.0,
                0.49544685820469164
            ],
            "scale": [
                0.5,
                2.0,
                0.03
            ]
        }
    ],
    "cylinders": [
        {
            "position": [
                1.1727181014242656,
                -0.20601851811377414,
                0.5
            ],
            "radius": 0.07507067636501658,
            "heigth": 0.18809050574677882
        },
        {
            "position": [
                1.1548886557339952,
                0.10745729865792747,
                0.5
            ],
            "radius": 0.03343110228490833,
            "heigth": 0.15484235479389208
        },
        {
            "position": [
                1.1600546403156569,
                -0.2376546300978311,
                0.5
            ],
            "radius": 0.06165711941600784,
            "heigth": 0.10729767407725618
        },
        {
            "position": [
                1.1499113381971917,
                -0.20967491734227073,
                0.5
            ],
            "radius": 0.055553479996587586,
            "heigth": 0.1401218529673594
        }
    ],
    "target": [
        [
            1.0,
            0.0,
            0.0,
            1.1534894704818726
        ],
        [
            0.0,
            -0.9999999999999961,
            -8.742277974564334e-08,
            -0.001123561873100698
        ],
        [
            0.0,
            8.742277974564332e-08,
            -0.9999999999999961,
            0.6583824157714844
        ],
        [
            0.0,
            0.0,
            0.0,
            1.0
        ]
    ],
    "robot_base": [
        [
            1.0,
            0.0,
            0.0,
            0.0
        ],
        [
            0.0,
            1.0,
            0.0,
            0.181942067181583
        ],
        [
            0.0,
            0.0,
            1.0,
            0.0
        ],
        [
            0.0,
            0.0,
            0.0,
            1.0
        ]
    ]
}