{
    "cubes": [
        {
            "position": [
                1.5,
                0.0,
                0.4874832563604527
            ],
            "scale": [
                0.5,
                2.0,
                0.03
            ]
        }
    ],
    "cylinders": [
        {
            "position": [
                1.0187796489520158,
                0.09244713117374354,
                0.5
            ],
            "radius": 0.05069887565017918,
            "heigth": 0.2756187252601738
        },
        {
            "position": [
                1.0553446922915433,
                0.14805408625708466,
                0.5
            ],
            "radius": 0.05225696271131216,
            "heigth": 0.2451812345020641
        },
        {
            "position": [
                1.0431516729713104,
                0.23732778960535333,
                0.5
            ],
            "radius": 0.06356018270711533,
            "heigth": 0.4096788792483831
        },
        {
            "position": [
                1.176032475821537,
                0.20522393023206176,
                0.5
            ],
            "radius": 0.0754794434238707,
            "heigth": 0.42528184568766025
        }
    ],
    "target": [
        [
            1.0,
            0.0,
            0.0,
            1.1534894704818726
        ],
        [
            0.0,
            -0.9999999999999961,
            -8.742277974564334e-08,
            -0.001123561873100698
        ],
        [
            0.0,
            8.742277974564332e-08,
            -0.9999999999999961,
            0.6583824157714844
        ],
        [
            0.0,
            0.0,
            0.0,
            1.0
        ]
    ],
    "robot_base": [
        [
            1.0,
            0.0,
            0.0,
            0.0
        ],
        [
            0.0,
            1.0,
            0.0,
            -0.40229159033388373
        ],
        [
            0.0,
            0.0,
            1.0,
            0.0
        ],
        [
            0.0,
            0.0,
            0.0,
            1.0
        ]
    ]
}