{
    "cubes": [
        {
            "position": [
                1.5,
                0.0,
                0.5778058390081238
            ],
            "scale": [
                0.5,
                2.0,
                0.03
            ]
        }
    ],
    "cylinders": [
        {
            "position": [
                1.0164593144257148,
                -0.12148767997514381,
                0.5
            ],
            "radius": 0.041237115019852694,
            "heigth": 0.21069799147641802
        },
        {
            "position": [
                1.018048368360801,
                0.22788525133318155,
                0.5
            ],
            "radius": 0.03447032786558196,
            "heigth": 0.18569449897993917
        },
        {
            "position": [
                1.0306913889088307,
                0.03378435462501311,
                0.5
            ],
            "radius": 0.03393872030136721,
            "heigth": 0.11756720934376744
        },
        {
            "position": [
                1.1299555125662801,
                0.21924057394618013,
                0.5
            ],
            "radius": 0.0746496275037377,
            "heigth": 0.42496142938116543
        }
    ],
    "target": [
        [
            1.0,
            0.0,
            0.0,
            1.1534894704818726
        ],
        [
            0.0,
            -0.9999999999999961,
            -8.742277974564334e-08,
            -0.001123561873100698
        ],
        [
            0.0,
            8.742277974564332e-08,
            -0.9999999999999961,
            0.6583824157714844
        ],
        [
            0.0,
            0.0,
            0.0,
            1.0
        ]
    ],
    "robot_base": [
        [
            1.0,
            0.0,
            0.0,
            0.0
        ],
        [
            0.0,
            1.0,
            0.0,
            -0.33004472196255497
        ],
        [
            0.0,
            0.0,
            1.0,
            0.0
        ],
        [
            0.0,
            0.0,
            0.0,
            1.0
        ]
    ]
}