{
    "cubes": [
        {
            "position": [
                1.5,
                0.0,
                0.559997868292923
            ],
            "scale": [
                0.5,
                2.0,
                0.03
            ]
        }
    ],
    "cylinders": [
        {
            "position": [
                1.0750229353573773,
                0.15826866219193897,
                0.5
            ],
            "radius": 0.0544861311559379,
            "heigth": 0.2797218015386246
        },
        {
            "position": [
                1.05995649466651,
                0.07535199913498464,
                0.5
            ],
            "radius": 0.04273108271765373,
            "heigth": 0.15981528169374187
        },
        {
            "position": [
                1.016299658016881,
                -0.14854420964540488,
                0.5
            ],
            "radius": 0.05434352565342529,
            "heigth": 0.4440099468540282
        },
        {
            "position": [
                1.0636964434315423,
                -0.1315426191837868,
                0.5
            ],
            "radius": 0.06400421595831965,
            "heigth": 0.13649222235729844
        }
    ],
    "target": [
        [
            1.0,
            0.0,
            0.0,
            1.1534894704818726
        ],
        [
            0.0,
            -0.9999999999999961,
            -8.742277974564334e-08,
            -0.001123561873100698
        ],
        [
            0.0,
            8.742277974564332e-08,
            -0.9999999999999961,
            0.6583824157714844
        ],
        [
            0.0,
            0.0,
            0.0,
            1.0
        ]
    ],
    "robot_base": [
        [
            1.0,
            0.0,
            0.0,
            0.0
        ],
        [
            0.0,
            1.0,
            0.0,
            0.47439970903541884
        ],
        [
            0.0,
            0.0,
            1.0,
            0.0
        ],
        [
            0.0,
            0.0,
            0.0,
            1.0
        ]
    ]
}