{
    "cubes": [
        {
            "position": [
                1.5,
                0.0,
                0.47826018385822766
            ],
            "scale": [
                0.5,
                2.0,
                0.03
            ]
        }
    ],
    "cylinders": [
        {
            "position": [
                1.1354608819950414,
                -0.23601569243355996,
                0.5
            ],
            "radius": 0.04883855206394741,
            "heigth": 0.3677687797178613
        },
        {
            "position": [
                1.1783373684635097,
                -0.23333987330673006,
                0.5
            ],
            "radius": 0.06903526263003952,
            "heigth": 0.36314858158237306
        },
        {
            "position": [
                1.0595025878593387,
                -0.1832035574908104,
                0.5
            ],
            "radius": 0.02521046446349065,
            "heigth": 0.4206358167863095
        },
        {
            "position": [
                1.1731580307407612,
                0.167847557413546,
                0.5
            ],
            "radius": 0.03678397007914557,
            "heigth": 0.36670754936128397
        }
    ],
    "target": [
        [
            1.0,
            0.0,
            0.0,
            1.1534894704818726
        ],
        [
            0.0,
            -0.9999999999999961,
            -8.742277974564334e-08,
            -0.001123561873100698
        ],
        [
            0.0,
            8.742277974564332e-08,
            -0.9999999999999961,
            0.6583824157714844
        ],
        [
            0.0,
            0.0,
            0.0,
            1.0
        ]
    ],
    "robot_base": [
        [
            1.0,
            0.0,
            0.0,
            0.0
        ],
        [
            0.0,
            1.0,
            0.0,
            -0.12380961328737805
        ],
        [
            0.0,
            0.0,
            1.0,
            0.0
        ],
        [
            0.0,
            0.0,
            0.0,
            1.0
        ]
    ]
}