{
    "cubes": [
        {
            "position": [
                1.5,
                0.0,
                0.47385144297214027
            ],
            "scale": [
                0.5,
                2.0,
                0.03
            ]
        }
    ],
    "cylinders": [
        {
            "position": [
                1.1522918365998436,
                -0.19485458625229268,
                0.5
            ],
            "radius": 0.021504706915160945,
            "heigth": 0.11251686892154089
        },
        {
            "position": [
                1.0357825120461919,
                -0.2171724417288755,
                0.5
            ],
            "radius": 0.04002192728443586,
            "heigth": 0.15777706397620347
        },
        {
            "position": [
                1.0076864133393,
                -0.1703885475810798,
                0.5
            ],
            "radius": 0.07263828403868364,
            "heigth": 0.2421737331608352
        },
        {
            "position": [
                1.0818118626354083,
                -0.058894598413845534,
                0.5
            ],
            "radius": 0.022237703051195618,
            "heigth": 0.2607256883368016
        }
    ],
    "target": [
        [
            1.0,
            0.0,
            0.0,
            1.1534894704818726
        ],
        [
            0.0,
            -0.9999999999999961,
            -8.742277974564334e-08,
            -0.001123561873100698
        ],
        [
            0.0,
            8.742277974564332e-08,
            -0.9999999999999961,
            0.6583824157714844
        ],
        [
            0.0,
            0.0,
            0.0,
            1.0
        ]
    ],
    "robot_base": [
        [
            1.0,
            0.0,
            0.0,
            0.0
        ],
        [
            0.0,
            1.0,
            0.0,
            -0.2698719714117561
        ],
        [
            0.0,
            0.0,
            1.0,
            0.0
        ],
        [
            0.0,
            0.0,
            0.0,
            1.0
        ]
    ]
}