{
    "cubes": [
        {
            "position": [
                1.5,
                0.0,
                0.4813072548963254
            ],
            "scale": [
                0.5,
                2.0,
                0.03
            ]
        }
    ],
    "cylinders": [
        {
            "position": [
                1.1638416874060284,
                -0.2061363265331801,
                0.5
            ],
            "radius": 0.04466736399200852,
            "heigth": 0.16210537727342395
        },
        {
            "position": [
                1.0681246175288677,
                -0.13850161325918459,
                0.5
            ],
            "radius": 0.03279940770236821,
            "heigth": 0.47351415063709534
        },
        {
            "position": [
                1.0675802373981904,
                0.19225769516763802,
                0.5
            ],
            "radius": 0.038590846835846945,
            "heigth": 0.29819532444466157
        },
        {
            "position": [
                1.1706887221397981,
                -0.23865711162793146,
                0.5
            ],
            "radius": 0.07758587973496732,
            "heigth": 0.2150355110975684
        }
    ],
    "target": [
        [
            1.0,
            0.0,
            0.0,
            1.1534894704818726
        ],
        [
            0.0,
            -0.9999999999999961,
            -8.742277974564334e-08,
            -0.001123561873100698
        ],
        [
            0.0,
            8.742277974564332e-08,
            -0.9999999999999961,
            0.6583824157714844
        ],
        [
            0.0,
            0.0,
            0.0,
            1.0
        ]
    ],
    "robot_base": [
        [
            1.0,
            0.0,
            0.0,
            0.0
        ],
        [
            0.0,
            1.0,
            0.0,
            -0.08808176545592583
        ],
        [
            0.0,
            0.0,
            1.0,
            0.0
        ],
        [
            0.0,
            0.0,
            0.0,
            1.0
        ]
    ]
}