{
    "cubes": [
        {
            "position": [
                1.5,
                0.0,
                0.5898365697094893
            ],
            "scale": [
                0.5,
                2.0,
                0.03
            ]
        }
    ],
    "cylinders": [
        {
            "position": [
                1.119656025531643,
                0.16096062142788536,
                0.5
            ],
            "radius": 0.02004169255965994,
            "heigth": 0.41374618602908975
        },
        {
            "position": [
                1.1019525137242534,
                -0.09854185938764892,
                0.5
            ],
            "radius": 0.06925539654611271,
            "heigth": 0.11267106705420152
        },
        {
            "position": [
                1.0294124542688097,
                -0.1161949812179483,
                0.5
            ],
            "radius": 0.05903429400481332,
            "heigth": 0.3208162513850265
        },
        {
            "position": [
                1.064592212709921,
                -0.17016250848507336,
                0.5
            ],
            "radius": 0.03711866321063942,
            "heigth": 0.3879778465657944
        }
    ],
    "target": [
        [
            1.0,
            0.0,
            0.0,
            1.1534894704818726
        ],
        [
            0.0,
            -0.9999999999999961,
            -8.742277974564334e-08,
            -0.001123561873100698
        ],
        [
            0.0,
            8.742277974564332e-08,
            -0.9999999999999961,
            0.6583824157714844
        ],
        [
            0.0,
            0.0,
            0.0,
            1.0
        ]
    ],
    "robot_base": [
        [
            1.0,
            0.0,
            0.0,
            0.0
        ],
        [
            0.0,
            1.0,
            0.0,
            0.3842840605324277
        ],
        [
            0.0,
            0.0,
            1.0,
            0.0
        ],
        [
            0.0,
            0.0,
            0.0,
            1.0
        ]
    ]
}