{
    "cubes": [
        {
            "position": [
                1.5,
                0.0,
                0.43267355042412725
            ],
            "scale": [
                0.5,
                2.0,
                0.03
            ]
        }
    ],
    "cylinders": [
        {
            "position": [
                1.0112198292785406,
                -0.15610626280108642,
                0.5
            ],
            "radius": 0.06685240821571141,
            "heigth": 0.1359442627572434
        },
        {
            "position": [
                1.0621718926438874,
                -0.040737305597555507,
                0.5
            ],
            "radius": 0.042004228498536994,
            "heigth": 0.2520720578486949
        },
        {
            "position": [
                1.092023712442103,
                0.12246803532772549,
                0.5
            ],
            "radius": 0.057191944501181126,
            "heigth": 0.13044662355999795
        },
        {
            "position": [
                1.0612783181680694,
                -0.20809189299561615,
                0.5
            ],
            "radius": 0.04002140368776131,
            "heigth": 0.48926184385975874
        }
    ],
    "target": [
        [
            1.0,
            0.0,
            0.0,
            1.1534894704818726
        ],
        [
            0.0,
            -0.9999999999999961,
            -8.742277974564334e-08,
            -0.001123561873100698
        ],
        [
            0.0,
            8.742277974564332e-08,
            -0.9999999999999961,
            0.6583824157714844
        ],
        [
            0.0,
            0.0,
            0.0,
            1.0
        ]
    ],
    "robot_base": [
        [
            1.0,
            0.0,
            0.0,
            0.0
        ],
        [
            0.0,
            1.0,
            0.0,
            -0.34702946626565156
        ],
        [
            0.0,
            0.0,
            1.0,
            0.0
        ],
        [
            0.0,
            0.0,
            0.0,
            1.0
        ]
    ]
}