{
    "cubes": [
        {
            "position": [
                1.5,
                0.0,
                0.5426474544179549
            ],
            "scale": [
                0.5,
                2.0,
                0.03
            ]
        }
    ],
    "cylinders": [
        {
            "position": [
                1.1081783634767162,
                0.24777993145871408,
                0.5
            ],
            "radius": 0.03764228338431394,
            "heigth": 0.4656649383892787
        },
        {
            "position": [
                1.096608437821677,
                -0.16959792380873484,
                0.5
            ],
            "radius": 0.05414407587148461,
            "heigth": 0.4648921763562953
        },
        {
            "position": [
                1.047729406076894,
                0.24260000970475698,
                0.5
            ],
            "radius": 0.02965770355510642,
            "heigth": 0.2628899231264069
        },
        {
            "position": [
                1.08286793607423,
                0.18356761372544667,
                0.5
            ],
            "radius": 0.041229784469481744,
            "heigth": 0.4372862409545827
        }
    ],
    "target": [
        [
            1.0,
            0.0,
            0.0,
            1.1534894704818726
        ],
        [
            0.0,
            -0.9999999999999961,
            -8.742277974564334e-08,
            -0.001123561873100698
        ],
        [
            0.0,
            8.742277974564332e-08,
            -0.9999999999999961,
            0.6583824157714844
        ],
        [
            0.0,
            0.0,
            0.0,
            1.0
        ]
    ],
    "robot_base": [
        [
            1.0,
            0.0,
            0.0,
            0.0
        ],
        [
            0.0,
            1.0,
            0.0,
            0.3799837083651272
        ],
        [
            0.0,
            0.0,
            1.0,
            0.0
        ],
        [
            0.0,
            0.0,
            0.0,
            1.0
        ]
    ]
}