{
    "cubes": [
        {
            "position": [
                1.5,
                0.0,
                0.5474680469229123
            ],
            "scale": [
                0.5,
                2.0,
                0.03
            ]
        }
    ],
    "cylinders": [
        {
            "position": [
                1.0743905113815608,
                -0.12685772909335596,
                0.5
            ],
            "radius": 0.022173010000217173,
            "heigth": 0.3268854886880158
        },
        {
            "position": [
                1.088650194408539,
                0.12198509423347714,
                0.5
            ],
            "radius": 0.07131055478553774,
            "heigth": 0.10392158765791801
        },
        {
            "position": [
                1.1994972237713322,
                -0.11862606715238028,
                0.5
            ],
            "radius": 0.04014507590639568,
            "heigth": 0.14392185651538483
        },
        {
            "position": [
                1.0228068043532672,
                0.19760409394955702,
                0.5
            ],
            "radius": 0.06949518898432153,
            "heigth": 0.19375600616255764
        }
    ],
    "target": [
        [
            1.0,
            0.0,
            0.0,
            1.1534894704818726
        ],
        [
            0.0,
            -0.9999999999999961,
            -8.742277974564334e-08,
            -0.001123561873100698
        ],
        [
            0.0,
            8.742277974564332e-08,
            -0.9999999999999961,
            0.6583824157714844
        ],
        [
            0.0,
            0.0,
            0.0,
            1.0
        ]
    ],
    "robot_base": [
        [
            1.0,
            0.0,
            0.0,
            0.0
        ],
        [
            0.0,
            1.0,
            0.0,
            -0.016371704252192365
        ],
        [
            0.0,
            0.0,
            1.0,
            0.0
        ],
        [
            0.0,
            0.0,
            0.0,
            1.0
        ]
    ]
}