{
    "cubes": [
        {
            "position": [
                1.5,
                0.0,
                0.566157786320171
            ],
            "scale": [
                0.5,
                2.0,
                0.03
            ]
        }
    ],
    "cylinders": [
        {
            "position": [
                1.022378938719586,
                -0.18886302687390633,
                0.5
            ],
            "radius": 0.040869484053888586,
            "heigth": 0.3199355675162745
        },
        {
            "position": [
                1.023308347141021,
                0.0934446314665876,
                0.5
            ],
            "radius": 0.04342022565793312,
            "heigth": 0.2617585301723431
        },
        {
            "position": [
                1.057623551205696,
                0.22655028404453942,
                0.5
            ],
            "radius": 0.033765826381353184,
            "heigth": 0.4858092298496532
        },
        {
            "position": [
                1.0000102540433753,
                -0.22725876857449934,
                0.5
            ],
            "radius": 0.027638936002154252,
            "heigth": 0.21264623041782277
        }
    ],
    "target": [
        [
            1.0,
            0.0,
            0.0,
            1.1534894704818726
        ],
        [
            0.0,
            -0.9999999999999961,
            -8.742277974564334e-08,
            -0.001123561873100698
        ],
        [
            0.0,
            8.742277974564332e-08,
            -0.9999999999999961,
            0.6583824157714844
        ],
        [
            0.0,
            0.0,
            0.0,
            1.0
        ]
    ],
    "robot_base": [
        [
            1.0,
            0.0,
            0.0,
            0.0
        ],
        [
            0.0,
            1.0,
            0.0,
            0.44545020067900487
        ],
        [
            0.0,
            0.0,
            1.0,
            0.0
        ],
        [
            0.0,
            0.0,
            0.0,
            1.0
        ]
    ]
}