{
    "cubes": [
        {
            "position": [
                1.5,
                0.0,
                0.5539673708646976
            ],
            "scale": [
                0.5,
                2.0,
                0.03
            ]
        }
    ],
    "cylinders": [
        {
            "position": [
                1.0166805823501703,
                0.08330673598992383,
                0.5
            ],
            "radius": 0.029657923940924934,
            "heigth": 0.2938809258512126
        },
        {
            "position": [
                1.0076664570424527,
                0.10773803868399573,
                0.5
            ],
            "radius": 0.05357760453980823,
            "heigth": 0.23073918216917855
        },
        {
            "position": [
                1.1506155099778246,
                0.24906515975860638,
                0.5
            ],
            "radius": 0.04897195703889841,
            "heigth": 0.48886776223879813
        },
        {
            "position": [
                1.0430498307387144,
                -0.2419901986623771,
                0.5
            ],
            "radius": 0.04926797847354965,
            "heigth": 0.3517115422010474
        }
    ],
    "target": [
        [
            1.0,
            0.0,
            0.0,
            1.1534894704818726
        ],
        [
            0.0,
            -0.9999999999999961,
            -8.742277974564334e-08,
            -0.001123561873100698
        ],
        [
            0.0,
            8.742277974564332e-08,
            -0.9999999999999961,
            0.6583824157714844
        ],
        [
            0.0,
            0.0,
            0.0,
            1.0
        ]
    ],
    "robot_base": [
        [
            1.0,
            0.0,
            0.0,
            0.0
        ],
        [
            0.0,
            1.0,
            0.0,
            0.11417496422922468
        ],
        [
            0.0,
            0.0,
            1.0,
            0.0
        ],
        [
            0.0,
            0.0,
            0.0,
            1.0
        ]
    ]
}