{
    "cubes": [
        {
            "position": [
                1.5,
                0.0,
                0.4101477087335965
            ],
            "scale": [
                0.5,
                2.0,
                0.03
            ]
        }
    ],
    "cylinders": [
        {
            "position": [
                1.0549545888601681,
                0.21421341637582703,
                0.5
            ],
            "radius": 0.033982995386389825,
            "heigth": 0.4804032263745956
        },
        {
            "position": [
                1.130118020469796,
                0.23462028345914016,
                0.5
            ],
            "radius": 0.0635312956455906,
            "heigth": 0.13900309000509126
        },
        {
            "position": [
                1.023182432955704,
                -0.11454534073070277,
                0.5
            ],
            "radius": 0.06838641944643248,
            "heigth": 0.40260746769216416
        },
        {
            "position": [
                1.16928301012758,
                0.22446075567942952,
                0.5
            ],
            "radius": 0.040932676363212545,
            "heigth": 0.24236102627113543
        }
    ],
    "target": [
        [
            1.0,
            0.0,
            0.0,
            1.1534894704818726
        ],
        [
            0.0,
            -0.9999999999999961,
            -8.742277974564334e-08,
            -0.001123561873100698
        ],
        [
            0.0,
            8.742277974564332e-08,
            -0.9999999999999961,
            0.6583824157714844
        ],
        [
            0.0,
            0.0,
            0.0,
            1.0
        ]
    ],
    "robot_base": [
        [
            1.0,
            0.0,
            0.0,
            0.0
        ],
        [
            0.0,
            1.0,
            0.0,
            0.3015772931949331
        ],
        [
            0.0,
            0.0,
            1.0,
            0.0
        ],
        [
            0.0,
            0.0,
            0.0,
            1.0
        ]
    ]
}