{
    "cubes": [
        {
            "position": [
                1.5,
                0.0,
                0.4060836254935179
            ],
            "scale": [
                0.5,
                2.0,
                0.03
            ]
        }
    ],
    "cylinders": [
        {
            "position": [
                1.1882502187016895,
                0.19097308704745042,
                0.5
            ],
            "radius": 0.0657820951462195,
            "heigth": 0.4964469490965906
        },
        {
            "position": [
                1.0028113782222507,
                0.19323636058023697,
                0.5
            ],
            "radius": 0.05944990826970244,
            "heigth": 0.34734867951868187
        },
        {
            "position": [
                1.1812243080391498,
                -0.04393647703054715,
                0.5
            ],
            "radius": 0.06707681104179596,
            "heigth": 0.10166128451346974
        },
        {
            "position": [
                1.0687403660376131,
                -0.04733353514214711,
                0.5
            ],
            "radius": 0.04651163983627743,
            "heigth": 0.16788953958801847
        }
    ],
    "target": [
        [
            1.0,
            0.0,
            0.0,
            1.1534894704818726
        ],
        [
            0.0,
            -0.9999999999999961,
            -8.742277974564334e-08,
            -0.001123561873100698
        ],
        [
            0.0,
            8.742277974564332e-08,
            -0.9999999999999961,
            0.6583824157714844
        ],
        [
            0.0,
            0.0,
            0.0,
            1.0
        ]
    ],
    "robot_base": [
        [
            1.0,
            0.0,
            0.0,
            0.0
        ],
        [
            0.0,
            1.0,
            0.0,
            0.09052526834123942
        ],
        [
            0.0,
            0.0,
            1.0,
            0.0
        ],
        [
            0.0,
            0.0,
            0.0,
            1.0
        ]
    ]
}