{
    "cubes": [
        {
            "position": [
                1.5,
                0.0,
                0.5411819601443424
            ],
            "scale": [
                0.5,
                2.0,
                0.03
            ]
        }
    ],
    "cylinders": [
        {
            "position": [
                1.1816280748070525,
                0.23920286866965207,
                0.5
            ],
            "radius": 0.03395976446107492,
            "heigth": 0.4582309475391261
        },
        {
            "position": [
                1.182233185967233,
                0.21298933125687974,
                0.5
            ],
            "radius": 0.061622406850816165,
            "heigth": 0.34650108872773816
        },
        {
            "position": [
                1.159482497690181,
                0.11460055993773333,
                0.5
            ],
            "radius": 0.05467319052103754,
            "heigth": 0.14435062084651984
        },
        {
            "position": [
                1.0020013392096645,
                -0.05475579224025562,
                0.5
            ],
            "radius": 0.028446421044289814,
            "heigth": 0.4315380748085938
        }
    ],
    "target": [
        [
            1.0,
            0.0,
            0.0,
            1.1534894704818726
        ],
        [
            0.0,
            -0.9999999999999961,
            -8.742277974564334e-08,
            -0.001123561873100698
        ],
        [
            0.0,
            8.742277974564332e-08,
            -0.9999999999999961,
            0.6583824157714844
        ],
        [
            0.0,
            0.0,
            0.0,
            1.0
        ]
    ],
    "robot_base": [
        [
            1.0,
            0.0,
            0.0,
            0.0
        ],
        [
            0.0,
            1.0,
            0.0,
            0.24581980588353614
        ],
        [
            0.0,
            0.0,
            1.0,
            0.0
        ],
        [
            0.0,
            0.0,
            0.0,
            1.0
        ]
    ]
}