{
    "cubes": [
        {
            "position": [
                1.5,
                0.0,
                0.5070366068794495
            ],
            "scale": [
                0.5,
                2.0,
                0.03
            ]
        }
    ],
    "cylinders": [
        {
            "position": [
                1.1388003267641353,
                -0.14837584498509043,
                0.5
            ],
            "radius": 0.026032384080511627,
            "heigth": 0.3575418992647103
        },
        {
            "position": [
                1.167929143852337,
                -0.20380279410148178,
                0.5
            ],
            "radius": 0.06888512817162114,
            "heigth": 0.27008320277377573
        },
        {
            "position": [
                1.0345126680417087,
                -0.22588057745740964,
                0.5
            ],
            "radius": 0.037444526910358704,
            "heigth": 0.4287732589307745
        },
        {
            "position": [
                1.1772343166122408,
                -0.2338974039660386,
                0.5
            ],
            "radius": 0.06337734005595425,
            "heigth": 0.3439031359918336
        }
    ],
    "target": [
        [
            1.0,
            0.0,
            0.0,
            1.1534894704818726
        ],
        [
            0.0,
            -0.9999999999999961,
            -8.742277974564334e-08,
            -0.001123561873100698
        ],
        [
            0.0,
            8.742277974564332e-08,
            -0.9999999999999961,
            0.6583824157714844
        ],
        [
            0.0,
            0.0,
            0.0,
            1.0
        ]
    ],
    "robot_base": [
        [
            1.0,
            0.0,
            0.0,
            0.0
        ],
        [
            0.0,
            1.0,
            0.0,
            -0.01778878619772395
        ],
        [
            0.0,
            0.0,
            1.0,
            0.0
        ],
        [
            0.0,
            0.0,
            0.0,
            1.0
        ]
    ]
}