{
    "cubes": [
        {
            "position": [
                1.5,
                0.0,
                0.5768065011007113
            ],
            "scale": [
                0.5,
                2.0,
                0.03
            ]
        }
    ],
    "cylinders": [
        {
            "position": [
                1.0396340472689773,
                -0.16947805744724814,
                0.5
            ],
            "radius": 0.038713858492331346,
            "heigth": 0.3001522012844362
        },
        {
            "position": [
                1.0350800075531792,
                -0.0861761936171706,
                0.5
            ],
            "radius": 0.023890037050675002,
            "heigth": 0.1983780705806958
        },
        {
            "position": [
                1.1983303020196172,
                0.11289773564796285,
                0.5
            ],
            "radius": 0.06451039373879369,
            "heigth": 0.10331544364641257
        },
        {
            "position": [
                1.1828079713448278,
                -0.15711231252959967,
                0.5
            ],
            "radius": 0.05057144894357703,
            "heigth": 0.11323229645024162
        }
    ],
    "target": [
        [
            1.0,
            0.0,
            0.0,
            1.1534894704818726
        ],
        [
            0.0,
            -0.9999999999999961,
            -8.742277974564334e-08,
            -0.001123561873100698
        ],
        [
            0.0,
            8.742277974564332e-08,
            -0.9999999999999961,
            0.6583824157714844
        ],
        [
            0.0,
            0.0,
            0.0,
            1.0
        ]
    ],
    "robot_base": [
        [
            1.0,
            0.0,
            0.0,
            0.0
        ],
        [
            0.0,
            1.0,
            0.0,
            0.23989395695033622
        ],
        [
            0.0,
            0.0,
            1.0,
            0.0
        ],
        [
            0.0,
            0.0,
            0.0,
            1.0
        ]
    ]
}