{
    "cubes": [
        {
            "position": [
                1.5,
                0.0,
                0.4094355876803793
            ],
            "scale": [
                0.5,
                2.0,
                0.03
            ]
        }
    ],
    "cylinders": [
        {
            "position": [
                1.1697394677865658,
                0.16614213608764938,
                0.5
            ],
            "radius": 0.03522026073759494,
            "heigth": 0.30485462782624134
        },
        {
            "position": [
                1.0721555477111893,
                -0.17322760167277917,
                0.5
            ],
            "radius": 0.06084376622169842,
            "heigth": 0.2846507918880462
        },
        {
            "position": [
                1.0667657784183866,
                0.19541237079814805,
                0.5
            ],
            "radius": 0.033160951942846434,
            "heigth": 0.4191584599283358
        },
        {
            "position": [
                1.0305265882201662,
                0.0749650630663653,
                0.5
            ],
            "radius": 0.0216765231049282,
            "heigth": 0.2881696026165709
        }
    ],
    "target": [
        [
            1.0,
            0.0,
            0.0,
            1.1534894704818726
        ],
        [
            0.0,
            -0.9999999999999961,
            -8.742277974564334e-08,
            -0.001123561873100698
        ],
        [
            0.0,
            8.742277974564332e-08,
            -0.9999999999999961,
            0.6583824157714844
        ],
        [
            0.0,
            0.0,
            0.0,
            1.0
        ]
    ],
    "robot_base": [
        [
            1.0,
            0.0,
            0.0,
            0.0
        ],
        [
            0.0,
            1.0,
            0.0,
            0.11314350058090916
        ],
        [
            0.0,
            0.0,
            1.0,
            0.0
        ],
        [
            0.0,
            0.0,
            0.0,
            1.0
        ]
    ]
}