{
    "cubes": [
        {
            "position": [
                1.5,
                0.0,
                0.4392196586047714
            ],
            "scale": [
                0.5,
                2.0,
                0.03
            ]
        }
    ],
    "cylinders": [
        {
            "position": [
                1.1727793718506172,
                -0.19897600862607107,
                0.5
            ],
            "radius": 0.06231706188392399,
            "heigth": 0.3970166738630199
        },
        {
            "position": [
                1.032671032486223,
                -0.07264149825117833,
                0.5
            ],
            "radius": 0.041939298358892305,
            "heigth": 0.3420227575392568
        },
        {
            "position": [
                1.1388174458899443,
                -0.23187711781683845,
                0.5
            ],
            "radius": 0.07647681106653723,
            "heigth": 0.2706449185183887
        },
        {
            "position": [
                1.0478886186315415,
                -0.14691245380722062,
                0.5
            ],
            "radius": 0.04074068151456518,
            "heigth": 0.4445571644376737
        }
    ],
    "target": [
        [
            1.0,
            0.0,
            0.0,
            1.1534894704818726
        ],
        [
            0.0,
            -0.9999999999999961,
            -8.742277974564334e-08,
            -0.001123561873100698
        ],
        [
            0.0,
            8.742277974564332e-08,
            -0.9999999999999961,
            0.6583824157714844
        ],
        [
            0.0,
            0.0,
            0.0,
            1.0
        ]
    ],
    "robot_base": [
        [
            1.0,
            0.0,
            0.0,
            0.0
        ],
        [
            0.0,
            1.0,
            0.0,
            -0.28994840678843015
        ],
        [
            0.0,
            0.0,
            1.0,
            0.0
        ],
        [
            0.0,
            0.0,
            0.0,
            1.0
        ]
    ]
}