{
    "cubes": [
        {
            "position": [
                1.5,
                0.0,
                0.5535162281347515
            ],
            "scale": [
                0.5,
                2.0,
                0.03
            ]
        }
    ],
    "cylinders": [
        {
            "position": [
                1.005125508008622,
                -0.15081810074338797,
                0.5
            ],
            "radius": 0.05891424148549686,
            "heigth": 0.10020952572510813
        },
        {
            "position": [
                1.1006590267774827,
                -0.17359133613531913,
                0.5
            ],
            "radius": 0.020130183797809356,
            "heigth": 0.3617185747815771
        },
        {
            "position": [
                1.0393038946352744,
                0.05158103410590087,
                0.5
            ],
            "radius": 0.07814937685831669,
            "heigth": 0.12360198897238835
        },
        {
            "position": [
                1.0555321503158819,
                0.08155337819819775,
                0.5
            ],
            "radius": 0.0370738817530646,
            "heigth": 0.18397466949447172
        }
    ],
    "target": [
        [
            1.0,
            0.0,
            0.0,
            1.1534894704818726
        ],
        [
            0.0,
            -0.9999999999999961,
            -8.742277974564334e-08,
            -0.001123561873100698
        ],
        [
            0.0,
            8.742277974564332e-08,
            -0.9999999999999961,
            0.6583824157714844
        ],
        [
            0.0,
            0.0,
            0.0,
            1.0
        ]
    ],
    "robot_base": [
        [
            1.0,
            0.0,
            0.0,
            0.0
        ],
        [
            0.0,
            1.0,
            0.0,
            -0.4963090328860501
        ],
        [
            0.0,
            0.0,
            1.0,
            0.0
        ],
        [
            0.0,
            0.0,
            0.0,
            1.0
        ]
    ]
}