{
    "cubes": [
        {
            "position": [
                1.5,
                0.0,
                0.4246075642081112
            ],
            "scale": [
                0.5,
                2.0,
                0.03
            ]
        }
    ],
    "cylinders": [
        {
            "position": [
                1.132976634092166,
                0.15128063459915347,
                0.5
            ],
            "radius": 0.02524244935566124,
            "heigth": 0.2935870956755138
        },
        {
            "position": [
                1.154937056433167,
                -0.22297353146123827,
                0.5
            ],
            "radius": 0.06799730019927244,
            "heigth": 0.3356343387642566
        },
        {
            "position": [
                1.1327607962974917,
                0.18860223283359212,
                0.5
            ],
            "radius": 0.031384594620515856,
            "heigth": 0.16481789235724367
        },
        {
            "position": [
                1.0771758704318486,
                0.24665260956261303,
                0.5
            ],
            "radius": 0.05658962001683783,
            "heigth": 0.19648374598395224
        }
    ],
    "target": [
        [
            1.0,
            0.0,
            0.0,
            1.1534894704818726
        ],
        [
            0.0,
            -0.9999999999999961,
            -8.742277974564334e-08,
            -0.001123561873100698
        ],
        [
            0.0,
            8.742277974564332e-08,
            -0.9999999999999961,
            0.6583824157714844
        ],
        [
            0.0,
            0.0,
            0.0,
            1.0
        ]
    ],
    "robot_base": [
        [
            1.0,
            0.0,
            0.0,
            0.0
        ],
        [
            0.0,
            1.0,
            0.0,
            -0.02342152690153565
        ],
        [
            0.0,
            0.0,
            1.0,
            0.0
        ],
        [
            0.0,
            0.0,
            0.0,
            1.0
        ]
    ]
}