{
    "cubes": [
        {
            "position": [
                1.5,
                0.0,
                0.4022508266941907
            ],
            "scale": [
                0.5,
                2.0,
                0.03
            ]
        }
    ],
    "cylinders": [
        {
            "position": [
                1.0729710662403074,
                -0.16893555930542037,
                0.5
            ],
            "radius": 0.038908354830780575,
            "heigth": 0.4753169561111839
        },
        {
            "position": [
                1.034308204896169,
                -0.2334165966647624,
                0.5
            ],
            "radius": 0.0685398594497765,
            "heigth": 0.4941356639039497
        },
        {
            "position": [
                1.0747418301321352,
                -0.1727735945891954,
                0.5
            ],
            "radius": 0.0741156492574809,
            "heigth": 0.44971259961019905
        },
        {
            "position": [
                1.044964976083479,
                -0.18217753940823328,
                0.5
            ],
            "radius": 0.03502800735117071,
            "heigth": 0.27983049842249663
        }
    ],
    "target": [
        [
            1.0,
            0.0,
            0.0,
            1.1534894704818726
        ],
        [
            0.0,
            -0.9999999999999961,
            -8.742277974564334e-08,
            -0.001123561873100698
        ],
        [
            0.0,
            8.742277974564332e-08,
            -0.9999999999999961,
            0.6583824157714844
        ],
        [
            0.0,
            0.0,
            0.0,
            1.0
        ]
    ],
    "robot_base": [
        [
            1.0,
            0.0,
            0.0,
            0.0
        ],
        [
            0.0,
            1.0,
            0.0,
            -0.33158078082869213
        ],
        [
            0.0,
            0.0,
            1.0,
            0.0
        ],
        [
            0.0,
            0.0,
            0.0,
            1.0
        ]
    ]
}