{
    "cubes": [
        {
            "position": [
                1.5,
                0.0,
                0.5135399711959951
            ],
            "scale": [
                0.5,
                2.0,
                0.03
            ]
        }
    ],
    "cylinders": [
        {
            "position": [
                1.1976109950153049,
                0.198843039739023,
                0.5
            ],
            "radius": 0.048190885551235164,
            "heigth": 0.2694378585659449
        },
        {
            "position": [
                1.0573851343481406,
                -0.23191289371234125,
                0.5
            ],
            "radius": 0.0685936950731201,
            "heigth": 0.42460968434568547
        },
        {
            "position": [
                1.0485514896276065,
                -0.11267539589071868,
                0.5
            ],
            "radius": 0.07064262664502169,
            "heigth": 0.11855722122342394
        },
        {
            "position": [
                1.0384198426088422,
                0.001082953395718067,
                0.5
            ],
            "radius": 0.02135241340947391,
            "heigth": 0.2221656470286016
        }
    ],
    "target": [
        [
            1.0,
            0.0,
            0.0,
            1.1534894704818726
        ],
        [
            0.0,
            -0.9999999999999961,
            -8.742277974564334e-08,
            -0.001123561873100698
        ],
        [
            0.0,
            8.742277974564332e-08,
            -0.9999999999999961,
            0.6583824157714844
        ],
        [
            0.0,
            0.0,
            0.0,
            1.0
        ]
    ],
    "robot_base": [
        [
            1.0,
            0.0,
            0.0,
            0.0
        ],
        [
            0.0,
            1.0,
            0.0,
            -0.0017446092627800835
        ],
        [
            0.0,
            0.0,
            1.0,
            0.0
        ],
        [
            0.0,
            0.0,
            0.0,
            1.0
        ]
    ]
}