{
    "cubes": [
        {
            "position": [
                1.5,
                0.0,
                0.5916153324636481
            ],
            "scale": [
                0.5,
                2.0,
                0.03
            ]
        }
    ],
    "cylinders": [
        {
            "position": [
                1.0140722292656124,
                -0.057436313889622614,
                0.5
            ],
            "radius": 0.07178410675371547,
            "heigth": 0.19506994426657587
        },
        {
            "position": [
                1.1286184146425797,
                -0.22466206484704332,
                0.5
            ],
            "radius": 0.023237766206273967,
            "heigth": 0.2652901340901481
        },
        {
            "position": [
                1.1434415319588558,
                -0.23173504890850222,
                0.5
            ],
            "radius": 0.066813354895702,
            "heigth": 0.26861335850597823
        },
        {
            "position": [
                1.059516921403337,
                -0.1081111068518889,
                0.5
            ],
            "radius": 0.03712925114087812,
            "heigth": 0.1376940658402581
        }
    ],
    "target": [
        [
            1.0,
            0.0,
            0.0,
            1.1534894704818726
        ],
        [
            0.0,
            -0.9999999999999961,
            -8.742277974564334e-08,
            -0.001123561873100698
        ],
        [
            0.0,
            8.742277974564332e-08,
            -0.9999999999999961,
            0.6583824157714844
        ],
        [
            0.0,
            0.0,
            0.0,
            1.0
        ]
    ],
    "robot_base": [
        [
            1.0,
            0.0,
            0.0,
            0.0
        ],
        [
            0.0,
            1.0,
            0.0,
            -0.3670621534679521
        ],
        [
            0.0,
            0.0,
            1.0,
            0.0
        ],
        [
            0.0,
            0.0,
            0.0,
            1.0
        ]
    ]
}