{
    "cubes": [
        {
            "position": [
                1.5,
                0.0,
                0.5301978062627762
            ],
            "scale": [
                0.5,
                2.0,
                0.03
            ]
        }
    ],
    "cylinders": [
        {
            "position": [
                1.0424286673451768,
                -0.05099388638287555,
                0.5
            ],
            "radius": 0.0436505639667463,
            "heigth": 0.16722302710078396
        },
        {
            "position": [
                1.1279995881469307,
                -0.2059109153158023,
                0.5
            ],
            "radius": 0.025705126723297025,
            "heigth": 0.23342695156087115
        },
        {
            "position": [
                1.1713763006450735,
                -0.21534844096819533,
                0.5
            ],
            "radius": 0.02872253127108708,
            "heigth": 0.30810238944566615
        },
        {
            "position": [
                1.0273182506081002,
                0.10908618011559906,
                0.5
            ],
            "radius": 0.07285187318185332,
            "heigth": 0.2648306129595702
        }
    ],
    "target": [
        [
            1.0,
            0.0,
            0.0,
            1.1534894704818726
        ],
        [
            0.0,
            -0.9999999999999961,
            -8.742277974564334e-08,
            -0.001123561873100698
        ],
        [
            0.0,
            8.742277974564332e-08,
            -0.9999999999999961,
            0.6583824157714844
        ],
        [
            0.0,
            0.0,
            0.0,
            1.0
        ]
    ],
    "robot_base": [
        [
            1.0,
            0.0,
            0.0,
            0.0
        ],
        [
            0.0,
            1.0,
            0.0,
            -0.2251046908891028
        ],
        [
            0.0,
            0.0,
            1.0,
            0.0
        ],
        [
            0.0,
            0.0,
            0.0,
            1.0
        ]
    ]
}