{
    "cubes": [
        {
            "position": [
                1.5,
                0.0,
                0.5075422608274598
            ],
            "scale": [
                0.5,
                2.0,
                0.03
            ]
        }
    ],
    "cylinders": [
        {
            "position": [
                1.0509726005146065,
                -0.23992284703050581,
                0.5
            ],
            "radius": 0.07202199957409604,
            "heigth": 0.137908610171755
        },
        {
            "position": [
                1.1323052376252163,
                0.2379442539520758,
                0.5
            ],
            "radius": 0.060644665149819726,
            "heigth": 0.13552603330563034
        },
        {
            "position": [
                1.059473740397973,
                -0.03586147332147038,
                0.5
            ],
            "radius": 0.0511814908602464,
            "heigth": 0.1923900351301347
        },
        {
            "position": [
                1.0080849482919965,
                0.0982534800847778,
                0.5
            ],
            "radius": 0.036449027441978823,
            "heigth": 0.30209399609086307
        }
    ],
    "target": [
        [
            1.0,
            0.0,
            0.0,
            1.1534894704818726
        ],
        [
            0.0,
            -0.9999999999999961,
            -8.742277974564334e-08,
            -0.001123561873100698
        ],
        [
            0.0,
            8.742277974564332e-08,
            -0.9999999999999961,
            0.6583824157714844
        ],
        [
            0.0,
            0.0,
            0.0,
            1.0
        ]
    ],
    "robot_base": [
        [
            1.0,
            0.0,
            0.0,
            0.0
        ],
        [
            0.0,
            1.0,
            0.0,
            0.3359051493370323
        ],
        [
            0.0,
            0.0,
            1.0,
            0.0
        ],
        [
            0.0,
            0.0,
            0.0,
            1.0
        ]
    ]
}