{
    "cubes": [
        {
            "position": [
                1.5,
                0.0,
                0.49338571396912484
            ],
            "scale": [
                0.5,
                2.0,
                0.03
            ]
        }
    ],
    "cylinders": [
        {
            "position": [
                1.1321825989317802,
                -0.23320757580034607,
                0.5
            ],
            "radius": 0.03770361471171215,
            "heigth": 0.14039680272130195
        },
        {
            "position": [
                1.0423721298596218,
                0.1240689586244047,
                0.5
            ],
            "radius": 0.07005649544456603,
            "heigth": 0.17092311708699715
        },
        {
            "position": [
                1.1443207580610455,
                -0.1994601437383422,
                0.5
            ],
            "radius": 0.03864231885850395,
            "heigth": 0.1567695286412438
        },
        {
            "position": [
                1.024519062000835,
                0.04833888169753642,
                0.5
            ],
            "radius": 0.055406938796380714,
            "heigth": 0.14164904139126547
        }
    ],
    "target": [
        [
            1.0,
            0.0,
            0.0,
            1.1534894704818726
        ],
        [
            0.0,
            -0.9999999999999961,
            -8.742277974564334e-08,
            -0.001123561873100698
        ],
        [
            0.0,
            8.742277974564332e-08,
            -0.9999999999999961,
            0.6583824157714844
        ],
        [
            0.0,
            0.0,
            0.0,
            1.0
        ]
    ],
    "robot_base": [
        [
            1.0,
            0.0,
            0.0,
            0.0
        ],
        [
            0.0,
            1.0,
            0.0,
            0.1310400936084487
        ],
        [
            0.0,
            0.0,
            1.0,
            0.0
        ],
        [
            0.0,
            0.0,
            0.0,
            1.0
        ]
    ]
}