{
    "cubes": [
        {
            "position": [
                1.5,
                0.0,
                0.43750477146271477
            ],
            "scale": [
                0.5,
                2.0,
                0.03
            ]
        }
    ],
    "cylinders": [
        {
            "position": [
                1.086193609772796,
                -0.15730164002041203,
                0.5
            ],
            "radius": 0.030878479544110937,
            "heigth": 0.3897323786784046
        },
        {
            "position": [
                1.0479350136907741,
                -0.20034228318511554,
                0.5
            ],
            "radius": 0.05303570892923097,
            "heigth": 0.24312831585627642
        },
        {
            "position": [
                1.1967977580884763,
                0.22766802211480175,
                0.5
            ],
            "radius": 0.038850177425133414,
            "heigth": 0.18219009674581588
        },
        {
            "position": [
                1.0369028241397185,
                -0.05327753758523851,
                0.5
            ],
            "radius": 0.0436400072881588,
            "heigth": 0.28198864290775794
        }
    ],
    "target": [
        [
            1.0,
            0.0,
            0.0,
            1.1534894704818726
        ],
        [
            0.0,
            -0.9999999999999961,
            -8.742277974564334e-08,
            -0.001123561873100698
        ],
        [
            0.0,
            8.742277974564332e-08,
            -0.9999999999999961,
            0.6583824157714844
        ],
        [
            0.0,
            0.0,
            0.0,
            1.0
        ]
    ],
    "robot_base": [
        [
            1.0,
            0.0,
            0.0,
            0.0
        ],
        [
            0.0,
            1.0,
            0.0,
            0.11095637930891333
        ],
        [
            0.0,
            0.0,
            1.0,
            0.0
        ],
        [
            0.0,
            0.0,
            0.0,
            1.0
        ]
    ]
}