{
    "cubes": [
        {
            "position": [
                1.5,
                0.0,
                0.40552096307119273
            ],
            "scale": [
                0.5,
                2.0,
                0.03
            ]
        }
    ],
    "cylinders": [
        {
            "position": [
                1.1392945004838717,
                -0.16105300554788843,
                0.5
            ],
            "radius": 0.024196634803118587,
            "heigth": 0.412939359949359
        },
        {
            "position": [
                1.153687282709627,
                -0.02988056833306163,
                0.5
            ],
            "radius": 0.026748547429872024,
            "heigth": 0.1017066071547547
        },
        {
            "position": [
                1.0658425019577218,
                -0.14450124398342395,
                0.5
            ],
            "radius": 0.022074526764966587,
            "heigth": 0.4467513957802451
        },
        {
            "position": [
                1.078331525802882,
                0.24923133987796242,
                0.5
            ],
            "radius": 0.04726043184647023,
            "heigth": 0.23274230764510281
        }
    ],
    "target": [
        [
            1.0,
            0.0,
            0.0,
            1.1534894704818726
        ],
        [
            0.0,
            -0.9999999999999961,
            -8.742277974564334e-08,
            -0.001123561873100698
        ],
        [
            0.0,
            8.742277974564332e-08,
            -0.9999999999999961,
            0.6583824157714844
        ],
        [
            0.0,
            0.0,
            0.0,
            1.0
        ]
    ],
    "robot_base": [
        [
            1.0,
            0.0,
            0.0,
            0.0
        ],
        [
            0.0,
            1.0,
            0.0,
            0.17089396051398664
        ],
        [
            0.0,
            0.0,
            1.0,
            0.0
        ],
        [
            0.0,
            0.0,
            0.0,
            1.0
        ]
    ]
}