{
    "cubes": [
        {
            "position": [
                1.5,
                0.0,
                0.4999960858845938
            ],
            "scale": [
                0.5,
                2.0,
                0.03
            ]
        }
    ],
    "cylinders": [
        {
            "position": [
                1.0543274887236382,
                -0.1730068205232127,
                0.5
            ],
            "radius": 0.030192318426154212,
            "heigth": 0.47146122162299514
        },
        {
            "position": [
                1.0152748689804845,
                -0.23269532894002248,
                0.5
            ],
            "radius": 0.026074508116142755,
            "heigth": 0.24534887559207122
        },
        {
            "position": [
                1.0536799931932523,
                -0.07710872396397717,
                0.5
            ],
            "radius": 0.03397076049502474,
            "heigth": 0.4453148260719159
        },
        {
            "position": [
                1.1828329115253555,
                0.18824587108734464,
                0.5
            ],
            "radius": 0.04153492873841849,
            "heigth": 0.15658932632622113
        }
    ],
    "target": [
        [
            1.0,
            0.0,
            0.0,
            1.1534894704818726
        ],
        [
            0.0,
            -0.9999999999999961,
            -8.742277974564334e-08,
            -0.001123561873100698
        ],
        [
            0.0,
            8.742277974564332e-08,
            -0.9999999999999961,
            0.6583824157714844
        ],
        [
            0.0,
            0.0,
            0.0,
            1.0
        ]
    ],
    "robot_base": [
        [
            1.0,
            0.0,
            0.0,
            0.0
        ],
        [
            0.0,
            1.0,
            0.0,
            -0.3608225664380267
        ],
        [
            0.0,
            0.0,
            1.0,
            0.0
        ],
        [
            0.0,
            0.0,
            0.0,
            1.0
        ]
    ]
}