{
    "cubes": [
        {
            "position": [
                1.5,
                0.0,
                0.40562331869792445
            ],
            "scale": [
                0.5,
                2.0,
                0.03
            ]
        }
    ],
    "cylinders": [
        {
            "position": [
                1.0522738878121654,
                0.08995895650392688,
                0.5
            ],
            "radius": 0.03968447772752154,
            "heigth": 0.24963312274550023
        },
        {
            "position": [
                1.0083290466342012,
                0.13007296054069567,
                0.5
            ],
            "radius": 0.020334207446495674,
            "heigth": 0.10878307757065528
        },
        {
            "position": [
                1.020616643623413,
                -0.19694337927176658,
                0.5
            ],
            "radius": 0.04843419574269046,
            "heigth": 0.16776562539078
        },
        {
            "position": [
                1.0603241736658087,
                -0.22510027137444238,
                0.5
            ],
            "radius": 0.07576575018580445,
            "heigth": 0.36557036517417824
        }
    ],
    "target": [
        [
            1.0,
            0.0,
            0.0,
            1.1534894704818726
        ],
        [
            0.0,
            -0.9999999999999961,
            -8.742277974564334e-08,
            -0.001123561873100698
        ],
        [
            0.0,
            8.742277974564332e-08,
            -0.9999999999999961,
            0.6583824157714844
        ],
        [
            0.0,
            0.0,
            0.0,
            1.0
        ]
    ],
    "robot_base": [
        [
            1.0,
            0.0,
            0.0,
            0.0
        ],
        [
            0.0,
            1.0,
            0.0,
            -0.033146811979967494
        ],
        [
            0.0,
            0.0,
            1.0,
            0.0
        ],
        [
            0.0,
            0.0,
            0.0,
            1.0
        ]
    ]
}