{
    "cubes": [
        {
            "position": [
                1.5,
                0.0,
                0.5663762168396425
            ],
            "scale": [
                0.5,
                2.0,
                0.03
            ]
        }
    ],
    "cylinders": [
        {
            "position": [
                1.0328878566273243,
                -0.18765430466511995,
                0.5
            ],
            "radius": 0.026569394436998975,
            "heigth": 0.39403285461541415
        },
        {
            "position": [
                1.1813498710630341,
                0.20018057221171653,
                0.5
            ],
            "radius": 0.054953974536318916,
            "heigth": 0.31895892137022464
        },
        {
            "position": [
                1.0177181468718561,
                -0.018347038208736843,
                0.5
            ],
            "radius": 0.054355568257793876,
            "heigth": 0.1608135317857075
        },
        {
            "position": [
                1.1657617905281268,
                0.07592454827009815,
                0.5
            ],
            "radius": 0.06852622882520107,
            "heigth": 0.12530153859406162
        }
    ],
    "target": [
        [
            1.0,
            0.0,
            0.0,
            1.1534894704818726
        ],
        [
            0.0,
            -0.9999999999999961,
            -8.742277974564334e-08,
            -0.001123561873100698
        ],
        [
            0.0,
            8.742277974564332e-08,
            -0.9999999999999961,
            0.6583824157714844
        ],
        [
            0.0,
            0.0,
            0.0,
            1.0
        ]
    ],
    "robot_base": [
        [
            1.0,
            0.0,
            0.0,
            0.0
        ],
        [
            0.0,
            1.0,
            0.0,
            0.3640297027782696
        ],
        [
            0.0,
            0.0,
            1.0,
            0.0
        ],
        [
            0.0,
            0.0,
            0.0,
            1.0
        ]
    ]
}