{
    "cubes": [
        {
            "position": [
                1.5,
                0.0,
                0.517447058140426
            ],
            "scale": [
                0.5,
                2.0,
                0.03
            ]
        }
    ],
    "cylinders": [
        {
            "position": [
                1.0251116453835283,
                -0.10565153677925399,
                0.5
            ],
            "radius": 0.07765119636453126,
            "heigth": 0.4413198609696679
        },
        {
            "position": [
                1.179095548804731,
                -0.22166789965548622,
                0.5
            ],
            "radius": 0.06950270366459806,
            "heigth": 0.16127942784023544
        },
        {
            "position": [
                1.0907671347377899,
                -0.24115213691477982,
                0.5
            ],
            "radius": 0.04322804204582901,
            "heigth": 0.41217599295410723
        },
        {
            "position": [
                1.0356602356783227,
                -0.1800355672072656,
                0.5
            ],
            "radius": 0.04510488416825527,
            "heigth": 0.4621138226793399
        }
    ],
    "target": [
        [
            1.0,
            0.0,
            0.0,
            1.1534894704818726
        ],
        [
            0.0,
            -0.9999999999999961,
            -8.742277974564334e-08,
            -0.001123561873100698
        ],
        [
            0.0,
            8.742277974564332e-08,
            -0.9999999999999961,
            0.6583824157714844
        ],
        [
            0.0,
            0.0,
            0.0,
            1.0
        ]
    ],
    "robot_base": [
        [
            1.0,
            0.0,
            0.0,
            0.0
        ],
        [
            0.0,
            1.0,
            0.0,
            -0.3828600916190119
        ],
        [
            0.0,
            0.0,
            1.0,
            0.0
        ],
        [
            0.0,
            0.0,
            0.0,
            1.0
        ]
    ]
}