{
    "cubes": [
        {
            "position": [
                1.5,
                0.0,
                0.5496950053880458
            ],
            "scale": [
                0.5,
                2.0,
                0.03
            ]
        }
    ],
    "cylinders": [
        {
            "position": [
                1.0411580313377762,
                0.1158711501616349,
                0.5
            ],
            "radius": 0.025443962442358786,
            "heigth": 0.2031665382210604
        },
        {
            "position": [
                1.019919281108276,
                -0.09421623054054434,
                0.5
            ],
            "radius": 0.022988609360862076,
            "heigth": 0.24772884251529323
        },
        {
            "position": [
                1.0158146011740496,
                0.1599105545324938,
                0.5
            ],
            "radius": 0.02217227357634251,
            "heigth": 0.2862022237557819
        },
        {
            "position": [
                1.0856485775702267,
                -0.01778314898441452,
                0.5
            ],
            "radius": 0.04264631493289889,
            "heigth": 0.1446556775653651
        }
    ],
    "target": [
        [
            1.0,
            0.0,
            0.0,
            1.1534894704818726
        ],
        [
            0.0,
            -0.9999999999999961,
            -8.742277974564334e-08,
            -0.001123561873100698
        ],
        [
            0.0,
            8.742277974564332e-08,
            -0.9999999999999961,
            0.6583824157714844
        ],
        [
            0.0,
            0.0,
            0.0,
            1.0
        ]
    ],
    "robot_base": [
        [
            1.0,
            0.0,
            0.0,
            0.0
        ],
        [
            0.0,
            1.0,
            0.0,
            -0.08307094767428402
        ],
        [
            0.0,
            0.0,
            1.0,
            0.0
        ],
        [
            0.0,
            0.0,
            0.0,
            1.0
        ]
    ]
}