{
    "cubes": [
        {
            "position": [
                1.5,
                0.0,
                0.5135275145168844
            ],
            "scale": [
                0.5,
                2.0,
                0.03
            ]
        }
    ],
    "cylinders": [
        {
            "position": [
                1.1356593376209392,
                0.18931408612506373,
                0.5
            ],
            "radius": 0.04188276797160562,
            "heigth": 0.4138313002796222
        },
        {
            "position": [
                1.117067218581449,
                0.19549473557008723,
                0.5
            ],
            "radius": 0.06839163066876558,
            "heigth": 0.49168882092688276
        },
        {
            "position": [
                1.12479497911337,
                0.18296702308261403,
                0.5
            ],
            "radius": 0.04833524901746042,
            "heigth": 0.2195600967965985
        },
        {
            "position": [
                1.086476382840557,
                -0.17392331716573262,
                0.5
            ],
            "radius": 0.03701188958142862,
            "heigth": 0.19466550287271456
        }
    ],
    "target": [
        [
            1.0,
            0.0,
            0.0,
            1.1534894704818726
        ],
        [
            0.0,
            -0.9999999999999961,
            -8.742277974564334e-08,
            -0.001123561873100698
        ],
        [
            0.0,
            8.742277974564332e-08,
            -0.9999999999999961,
            0.6583824157714844
        ],
        [
            0.0,
            0.0,
            0.0,
            1.0
        ]
    ],
    "robot_base": [
        [
            1.0,
            0.0,
            0.0,
            0.0
        ],
        [
            0.0,
            1.0,
            0.0,
            -0.38245048841159246
        ],
        [
            0.0,
            0.0,
            1.0,
            0.0
        ],
        [
            0.0,
            0.0,
            0.0,
            1.0
        ]
    ]
}