{
    "cubes": [
        {
            "position": [
                1.5,
                0.0,
                0.4053513650052826
            ],
            "scale": [
                0.5,
                2.0,
                0.03
            ]
        }
    ],
    "cylinders": [
        {
            "position": [
                1.0211077163863738,
                -0.11433959420979878,
                0.5
            ],
            "radius": 0.05039677044866289,
            "heigth": 0.2114272532079913
        },
        {
            "position": [
                1.0579084792686664,
                -0.08665606489951433,
                0.5
            ],
            "radius": 0.04684196231006024,
            "heigth": 0.22974775671076517
        },
        {
            "position": [
                1.1715993972904568,
                -0.24546447668921256,
                0.5
            ],
            "radius": 0.0608491727024707,
            "heigth": 0.3680384593363012
        },
        {
            "position": [
                1.0728254026855613,
                -0.1837274918061017,
                0.5
            ],
            "radius": 0.0690512383562349,
            "heigth": 0.47278384686495806
        }
    ],
    "target": [
        [
            1.0,
            0.0,
            0.0,
            1.1534894704818726
        ],
        [
            0.0,
            -0.9999999999999961,
            -8.742277974564334e-08,
            -0.001123561873100698
        ],
        [
            0.0,
            8.742277974564332e-08,
            -0.9999999999999961,
            0.6583824157714844
        ],
        [
            0.0,
            0.0,
            0.0,
            1.0
        ]
    ],
    "robot_base": [
        [
            1.0,
            0.0,
            0.0,
            0.0
        ],
        [
            0.0,
            1.0,
            0.0,
            -0.2977370295303884
        ],
        [
            0.0,
            0.0,
            1.0,
            0.0
        ],
        [
            0.0,
            0.0,
            0.0,
            1.0
        ]
    ]
}