{
    "cubes": [
        {
            "position": [
                1.5,
                0.0,
                0.43393220225541035
            ],
            "scale": [
                0.5,
                2.0,
                0.03
            ]
        }
    ],
    "cylinders": [
        {
            "position": [
                1.1095873581494822,
                -0.19315437541365205,
                0.5
            ],
            "radius": 0.05551913264047243,
            "heigth": 0.2728579869662823
        },
        {
            "position": [
                1.0860680151474063,
                0.23637328343464176,
                0.5
            ],
            "radius": 0.06922383239725728,
            "heigth": 0.16908338760163824
        },
        {
            "position": [
                1.0154206041348663,
                -0.05987106394617159,
                0.5
            ],
            "radius": 0.032110319620920494,
            "heigth": 0.33209467554891864
        },
        {
            "position": [
                1.102519425089712,
                -0.18263539439245802,
                0.5
            ],
            "radius": 0.04081137628031159,
            "heigth": 0.41872610019641876
        }
    ],
    "target": [
        [
            1.0,
            0.0,
            0.0,
            1.1534894704818726
        ],
        [
            0.0,
            -0.9999999999999961,
            -8.742277974564334e-08,
            -0.001123561873100698
        ],
        [
            0.0,
            8.742277974564332e-08,
            -0.9999999999999961,
            0.6583824157714844
        ],
        [
            0.0,
            0.0,
            0.0,
            1.0
        ]
    ],
    "robot_base": [
        [
            1.0,
            0.0,
            0.0,
            0.0
        ],
        [
            0.0,
            1.0,
            0.0,
            -0.4256001331387762
        ],
        [
            0.0,
            0.0,
            1.0,
            0.0
        ],
        [
            0.0,
            0.0,
            0.0,
            1.0
        ]
    ]
}