{
    "cubes": [
        {
            "position": [
                1.5,
                0.0,
                0.5575516357721102
            ],
            "scale": [
                0.5,
                2.0,
                0.03
            ]
        }
    ],
    "cylinders": [
        {
            "position": [
                1.1500818957631336,
                0.11794943547836095,
                0.5
            ],
            "radius": 0.04282331739435645,
            "heigth": 0.10846048969302366
        },
        {
            "position": [
                1.0478403332899768,
                -0.15520389644178584,
                0.5
            ],
            "radius": 0.020929387516859955,
            "heigth": 0.1902075029512439
        },
        {
            "position": [
                1.062110122519031,
                -0.05832103176465525,
                0.5
            ],
            "radius": 0.029127456751751643,
            "heigth": 0.3658507270917366
        },
        {
            "position": [
                1.098358448290051,
                0.17674355785984208,
                0.5
            ],
            "radius": 0.028954576213467233,
            "heigth": 0.2199476079054371
        }
    ],
    "target": [
        [
            1.0,
            0.0,
            0.0,
            1.1534894704818726
        ],
        [
            0.0,
            -0.9999999999999961,
            -8.742277974564334e-08,
            -0.001123561873100698
        ],
        [
            0.0,
            8.742277974564332e-08,
            -0.9999999999999961,
            0.6583824157714844
        ],
        [
            0.0,
            0.0,
            0.0,
            1.0
        ]
    ],
    "robot_base": [
        [
            1.0,
            0.0,
            0.0,
            0.0
        ],
        [
            0.0,
            1.0,
            0.0,
            -0.3412389236995679
        ],
        [
            0.0,
            0.0,
            1.0,
            0.0
        ],
        [
            0.0,
            0.0,
            0.0,
            1.0
        ]
    ]
}