{
    "cubes": [
        {
            "position": [
                1.5,
                0.0,
                0.4386404889998877
            ],
            "scale": [
                0.5,
                2.0,
                0.03
            ]
        }
    ],
    "cylinders": [
        {
            "position": [
                1.0353176484778677,
                0.08294066033079556,
                0.5
            ],
            "radius": 0.040500000897400745,
            "heigth": 0.1607398232595202
        },
        {
            "position": [
                1.0332106252748858,
                -0.016741917746268542,
                0.5
            ],
            "radius": 0.057436273766459676,
            "heigth": 0.2517014952908224
        },
        {
            "position": [
                1.0761539564018803,
                -0.20605580208223584,
                0.5
            ],
            "radius": 0.033335857768847656,
            "heigth": 0.11402158263488042
        },
        {
            "position": [
                1.0552257415755268,
                0.20652434378347323,
                0.5
            ],
            "radius": 0.06990794633753372,
            "heigth": 0.14447065523323552
        }
    ],
    "target": [
        [
            1.0,
            0.0,
            0.0,
            1.1534894704818726
        ],
        [
            0.0,
            -0.9999999999999961,
            -8.742277974564334e-08,
            -0.001123561873100698
        ],
        [
            0.0,
            8.742277974564332e-08,
            -0.9999999999999961,
            0.6583824157714844
        ],
        [
            0.0,
            0.0,
            0.0,
            1.0
        ]
    ],
    "robot_base": [
        [
            1.0,
            0.0,
            0.0,
            0.0
        ],
        [
            0.0,
            1.0,
            0.0,
            0.09738489624424795
        ],
        [
            0.0,
            0.0,
            1.0,
            0.0
        ],
        [
            0.0,
            0.0,
            0.0,
            1.0
        ]
    ]
}