{
    "cubes": [
        {
            "position": [
                1.5,
                0.0,
                0.5651297731263923
            ],
            "scale": [
                0.5,
                2.0,
                0.03
            ]
        }
    ],
    "cylinders": [
        {
            "position": [
                1.1767038760682027,
                0.08557140606541658,
                0.5
            ],
            "radius": 0.02734078313282437,
            "heigth": 0.17695091983148986
        },
        {
            "position": [
                1.1715815890751438,
                -0.2348302869929389,
                0.5
            ],
            "radius": 0.07620636918036944,
            "heigth": 0.10232861541804364
        },
        {
            "position": [
                1.0643814216406513,
                -0.12355015823501153,
                0.5
            ],
            "radius": 0.0710702061754515,
            "heigth": 0.10126660734713393
        },
        {
            "position": [
                1.1393310365475486,
                0.22037152568634527,
                0.5
            ],
            "radius": 0.061459478750916514,
            "heigth": 0.4173474462217947
        }
    ],
    "target": [
        [
            1.0,
            0.0,
            0.0,
            1.1534894704818726
        ],
        [
            0.0,
            -0.9999999999999961,
            -8.742277974564334e-08,
            -0.001123561873100698
        ],
        [
            0.0,
            8.742277974564332e-08,
            -0.9999999999999961,
            0.6583824157714844
        ],
        [
            0.0,
            0.0,
            0.0,
            1.0
        ]
    ],
    "robot_base": [
        [
            1.0,
            0.0,
            0.0,
            0.0
        ],
        [
            0.0,
            1.0,
            0.0,
            -0.046603676492477764
        ],
        [
            0.0,
            0.0,
            1.0,
            0.0
        ],
        [
            0.0,
            0.0,
            0.0,
            1.0
        ]
    ]
}