{
    "cubes": [
        {
            "position": [
                1.5,
                0.0,
                0.4256412956667938
            ],
            "scale": [
                0.5,
                2.0,
                0.03
            ]
        }
    ],
    "cylinders": [
        {
            "position": [
                1.076718604152802,
                0.1747223151941938,
                0.5
            ],
            "radius": 0.0731497176919727,
            "heigth": 0.3114916118738633
        },
        {
            "position": [
                1.0071995603043364,
                -0.07669211023721906,
                0.5
            ],
            "radius": 0.07515955856861395,
            "heigth": 0.1448601094364751
        },
        {
            "position": [
                1.100724660144683,
                -0.1633164420053509,
                0.5
            ],
            "radius": 0.05669571207883963,
            "heigth": 0.17990303979473704
        },
        {
            "position": [
                1.1438263852040993,
                0.17461382295309835,
                0.5
            ],
            "radius": 0.020672488701808184,
            "heigth": 0.2750025293726327
        }
    ],
    "target": [
        [
            1.0,
            0.0,
            0.0,
            1.1534894704818726
        ],
        [
            0.0,
            -0.9999999999999961,
            -8.742277974564334e-08,
            -0.001123561873100698
        ],
        [
            0.0,
            8.742277974564332e-08,
            -0.9999999999999961,
            0.6583824157714844
        ],
        [
            0.0,
            0.0,
            0.0,
            1.0
        ]
    ],
    "robot_base": [
        [
            1.0,
            0.0,
            0.0,
            0.0
        ],
        [
            0.0,
            1.0,
            0.0,
            -0.12793009557980417
        ],
        [
            0.0,
            0.0,
            1.0,
            0.0
        ],
        [
            0.0,
            0.0,
            0.0,
            1.0
        ]
    ]
}