{
    "cubes": [
        {
            "position": [
                1.5,
                0.0,
                0.5823413879419682
            ],
            "scale": [
                0.5,
                2.0,
                0.03
            ]
        }
    ],
    "cylinders": [
        {
            "position": [
                1.0664567638379288,
                -0.2001577764942024,
                0.5
            ],
            "radius": 0.05075541215523728,
            "heigth": 0.2180627835926709
        },
        {
            "position": [
                1.1465117374010818,
                -0.18010497334933273,
                0.5
            ],
            "radius": 0.045886654833173265,
            "heigth": 0.21805602397103588
        },
        {
            "position": [
                1.0791063216755379,
                0.24767600591321204,
                0.5
            ],
            "radius": 0.034599101027542614,
            "heigth": 0.33018673916429553
        },
        {
            "position": [
                1.062216231549794,
                0.09461157107353796,
                0.5
            ],
            "radius": 0.022632965069988516,
            "heigth": 0.23209067431380428
        }
    ],
    "target": [
        [
            1.0,
            0.0,
            0.0,
            1.1534894704818726
        ],
        [
            0.0,
            -0.9999999999999961,
            -8.742277974564334e-08,
            -0.001123561873100698
        ],
        [
            0.0,
            8.742277974564332e-08,
            -0.9999999999999961,
            0.6583824157714844
        ],
        [
            0.0,
            0.0,
            0.0,
            1.0
        ]
    ],
    "robot_base": [
        [
            1.0,
            0.0,
            0.0,
            0.0
        ],
        [
            0.0,
            1.0,
            0.0,
            0.47725117920604676
        ],
        [
            0.0,
            0.0,
            1.0,
            0.0
        ],
        [
            0.0,
            0.0,
            0.0,
            1.0
        ]
    ]
}