{
    "cubes": [
        {
            "position": [
                1.5,
                0.0,
                0.44802669270733997
            ],
            "scale": [
                0.5,
                2.0,
                0.03
            ]
        }
    ],
    "cylinders": [
        {
            "position": [
                1.1482750627367766,
                -0.2334498193441349,
                0.5
            ],
            "radius": 0.049632139166618516,
            "heigth": 0.1801773496660544
        },
        {
            "position": [
                1.1124883064729643,
                -0.1560337577758386,
                0.5
            ],
            "radius": 0.030566498326377835,
            "heigth": 0.3029652618829197
        },
        {
            "position": [
                1.170028567573432,
                -0.19636769404236087,
                0.5
            ],
            "radius": 0.03053609572776428,
            "heigth": 0.4256341584213304
        },
        {
            "position": [
                1.0999897472756943,
                0.15420106951584744,
                0.5
            ],
            "radius": 0.04168119055665571,
            "heigth": 0.1292394614153138
        }
    ],
    "target": [
        [
            1.0,
            0.0,
            0.0,
            1.1534894704818726
        ],
        [
            0.0,
            -0.9999999999999961,
            -8.742277974564334e-08,
            -0.001123561873100698
        ],
        [
            0.0,
            8.742277974564332e-08,
            -0.9999999999999961,
            0.6583824157714844
        ],
        [
            0.0,
            0.0,
            0.0,
            1.0
        ]
    ],
    "robot_base": [
        [
            1.0,
            0.0,
            0.0,
            0.0
        ],
        [
            0.0,
            1.0,
            0.0,
            -0.4400343356082089
        ],
        [
            0.0,
            0.0,
            1.0,
            0.0
        ],
        [
            0.0,
            0.0,
            0.0,
            1.0
        ]
    ]
}