{
    "cubes": [
        {
            "position": [
                1.5,
                0.0,
                0.5732337740802255
            ],
            "scale": [
                0.5,
                2.0,
                0.03
            ]
        }
    ],
    "cylinders": [
        {
            "position": [
                1.0216225248555106,
                0.14642729082171596,
                0.5
            ],
            "radius": 0.020187201973426022,
            "heigth": 0.34970593415841134
        },
        {
            "position": [
                1.0210699064276436,
                0.12472392820853195,
                0.5
            ],
            "radius": 0.0794337531597091,
            "heigth": 0.11971657061367147
        },
        {
            "position": [
                1.0286977621250704,
                -0.1457543339373868,
                0.5
            ],
            "radius": 0.0692023132364726,
            "heigth": 0.2981550987744754
        },
        {
            "position": [
                1.0121599969530446,
                0.18575040424284384,
                0.5
            ],
            "radius": 0.031646566210054974,
            "heigth": 0.40703561741786043
        }
    ],
    "target": [
        [
            1.0,
            0.0,
            0.0,
            1.1534894704818726
        ],
        [
            0.0,
            -0.9999999999999961,
            -8.742277974564334e-08,
            -0.001123561873100698
        ],
        [
            0.0,
            8.742277974564332e-08,
            -0.9999999999999961,
            0.6583824157714844
        ],
        [
            0.0,
            0.0,
            0.0,
            1.0
        ]
    ],
    "robot_base": [
        [
            1.0,
            0.0,
            0.0,
            0.0
        ],
        [
            0.0,
            1.0,
            0.0,
            0.3406372780788972
        ],
        [
            0.0,
            0.0,
            1.0,
            0.0
        ],
        [
            0.0,
            0.0,
            0.0,
            1.0
        ]
    ]
}