{
    "cubes": [
        {
            "position": [
                1.5,
                0.0,
                0.5554004322963645
            ],
            "scale": [
                0.5,
                2.0,
                0.03
            ]
        }
    ],
    "cylinders": [
        {
            "position": [
                1.1456123245776553,
                0.2488461537822178,
                0.5
            ],
            "radius": 0.03416880794454304,
            "heigth": 0.3581837007708699
        },
        {
            "position": [
                1.0356039564359047,
                -0.15322723748101458,
                0.5
            ],
            "radius": 0.06855911778084893,
            "heigth": 0.3351043538195322
        },
        {
            "position": [
                1.1304258266294893,
                -0.1712398969327003,
                0.5
            ],
            "radius": 0.056228136682975445,
            "heigth": 0.11483748657840998
        },
        {
            "position": [
                1.0245519038604594,
                0.23134512888068487,
                0.5
            ],
            "radius": 0.04434862448472157,
            "heigth": 0.47634165878988577
        }
    ],
    "target": [
        [
            1.0,
            0.0,
            0.0,
            1.1534894704818726
        ],
        [
            0.0,
            -0.9999999999999961,
            -8.742277974564334e-08,
            -0.001123561873100698
        ],
        [
            0.0,
            8.742277974564332e-08,
            -0.9999999999999961,
            0.6583824157714844
        ],
        [
            0.0,
            0.0,
            0.0,
            1.0
        ]
    ],
    "robot_base": [
        [
            1.0,
            0.0,
            0.0,
            0.0
        ],
        [
            0.0,
            1.0,
            0.0,
            -0.4131325600400081
        ],
        [
            0.0,
            0.0,
            1.0,
            0.0
        ],
        [
            0.0,
            0.0,
            0.0,
            1.0
        ]
    ]
}