{
    "cubes": [
        {
            "position": [
                1.5,
                0.0,
                0.43443847255770046
            ],
            "scale": [
                0.5,
                2.0,
                0.03
            ]
        }
    ],
    "cylinders": [
        {
            "position": [
                1.0160195727343522,
                0.17540188165994675,
                0.5
            ],
            "radius": 0.05907229072300701,
            "heigth": 0.10408247023182444
        },
        {
            "position": [
                1.0520558231426105,
                -0.21204533987342866,
                0.5
            ],
            "radius": 0.02327962186258413,
            "heigth": 0.49573025123799247
        },
        {
            "position": [
                1.187501499119407,
                0.179972013436193,
                0.5
            ],
            "radius": 0.05290064247919569,
            "heigth": 0.21802621797846594
        },
        {
            "position": [
                1.1791431648296218,
                -0.2296060087600844,
                0.5
            ],
            "radius": 0.055624805945854124,
            "heigth": 0.2763680695986408
        }
    ],
    "target": [
        [
            1.0,
            0.0,
            0.0,
            1.1534894704818726
        ],
        [
            0.0,
            -0.9999999999999961,
            -8.742277974564334e-08,
            -0.001123561873100698
        ],
        [
            0.0,
            8.742277974564332e-08,
            -0.9999999999999961,
            0.6583824157714844
        ],
        [
            0.0,
            0.0,
            0.0,
            1.0
        ]
    ],
    "robot_base": [
        [
            1.0,
            0.0,
            0.0,
            0.0
        ],
        [
            0.0,
            1.0,
            0.0,
            -0.056144390277373835
        ],
        [
            0.0,
            0.0,
            1.0,
            0.0
        ],
        [
            0.0,
            0.0,
            0.0,
            1.0
        ]
    ]
}