{
    "cubes": [
        {
            "position": [
                1.5,
                0.0,
                0.46047772435086615
            ],
            "scale": [
                0.5,
                2.0,
                0.03
            ]
        }
    ],
    "cylinders": [
        {
            "position": [
                1.0801956967589352,
                -0.23066706043704738,
                0.5
            ],
            "radius": 0.06560288899831355,
            "heigth": 0.13771410367851683
        },
        {
            "position": [
                1.005813907581201,
                0.2213410228617128,
                0.5
            ],
            "radius": 0.0704138100069585,
            "heigth": 0.16766131443428225
        },
        {
            "position": [
                1.0668621782623653,
                -0.1152589150132533,
                0.5
            ],
            "radius": 0.07617725001196154,
            "heigth": 0.14301849159265217
        },
        {
            "position": [
                1.1520583625888499,
                0.2103722205886343,
                0.5
            ],
            "radius": 0.023923769303580603,
            "heigth": 0.4012954378773036
        }
    ],
    "target": [
        [
            1.0,
            0.0,
            0.0,
            1.1534894704818726
        ],
        [
            0.0,
            -0.9999999999999961,
            -8.742277974564334e-08,
            -0.001123561873100698
        ],
        [
            0.0,
            8.742277974564332e-08,
            -0.9999999999999961,
            0.6583824157714844
        ],
        [
            0.0,
            0.0,
            0.0,
            1.0
        ]
    ],
    "robot_base": [
        [
            1.0,
            0.0,
            0.0,
            0.0
        ],
        [
            0.0,
            1.0,
            0.0,
            0.2873181317313087
        ],
        [
            0.0,
            0.0,
            1.0,
            0.0
        ],
        [
            0.0,
            0.0,
            0.0,
            1.0
        ]
    ]
}