{
    "cubes": [
        {
            "position": [
                1.5,
                0.0,
                0.5143893587259787
            ],
            "scale": [
                0.5,
                2.0,
                0.03
            ]
        }
    ],
    "cylinders": [
        {
            "position": [
                1.0624695807063236,
                -0.18076357048510305,
                0.5
            ],
            "radius": 0.022456259814108554,
            "heigth": 0.4868581112589999
        },
        {
            "position": [
                1.0205080997997302,
                -0.12882509428568523,
                0.5
            ],
            "radius": 0.07233641119671745,
            "heigth": 0.4607311256385064
        },
        {
            "position": [
                1.1680161215375093,
                -0.1790445915652868,
                0.5
            ],
            "radius": 0.03542170465913965,
            "heigth": 0.2842766718527875
        },
        {
            "position": [
                1.0192638587762957,
                -0.08319327916170194,
                0.5
            ],
            "radius": 0.04039773178206252,
            "heigth": 0.4354349642113449
        }
    ],
    "target": [
        [
            1.0,
            0.0,
            0.0,
            1.1534894704818726
        ],
        [
            0.0,
            -0.9999999999999961,
            -8.742277974564334e-08,
            -0.001123561873100698
        ],
        [
            0.0,
            8.742277974564332e-08,
            -0.9999999999999961,
            0.6583824157714844
        ],
        [
            0.0,
            0.0,
            0.0,
            1.0
        ]
    ],
    "robot_base": [
        [
            1.0,
            0.0,
            0.0,
            0.0
        ],
        [
            0.0,
            1.0,
            0.0,
            -0.4908103488156951
        ],
        [
            0.0,
            0.0,
            1.0,
            0.0
        ],
        [
            0.0,
            0.0,
            0.0,
            1.0
        ]
    ]
}