{
    "cubes": [
        {
            "position": [
                1.5,
                0.0,
                0.580802789411645
            ],
            "scale": [
                0.5,
                2.0,
                0.03
            ]
        }
    ],
    "cylinders": [
        {
            "position": [
                1.0065977654911191,
                -0.15580814549468697,
                0.5
            ],
            "radius": 0.07259966041191167,
            "heigth": 0.45144678052954446
        },
        {
            "position": [
                1.0714448410896826,
                0.20113059636517128,
                0.5
            ],
            "radius": 0.0485057098380781,
            "heigth": 0.35430580078150736
        },
        {
            "position": [
                1.0140861832524477,
                0.22309341497374197,
                0.5
            ],
            "radius": 0.04753440014180337,
            "heigth": 0.2953821381645939
        },
        {
            "position": [
                1.176365823461898,
                0.17262001083594902,
                0.5
            ],
            "radius": 0.02323452361247255,
            "heigth": 0.2687505427155624
        }
    ],
    "target": [
        [
            1.0,
            0.0,
            0.0,
            1.1534894704818726
        ],
        [
            0.0,
            -0.9999999999999961,
            -8.742277974564334e-08,
            -0.001123561873100698
        ],
        [
            0.0,
            8.742277974564332e-08,
            -0.9999999999999961,
            0.6583824157714844
        ],
        [
            0.0,
            0.0,
            0.0,
            1.0
        ]
    ],
    "robot_base": [
        [
            1.0,
            0.0,
            0.0,
            0.0
        ],
        [
            0.0,
            1.0,
            0.0,
            0.4392420073964435
        ],
        [
            0.0,
            0.0,
            1.0,
            0.0
        ],
        [
            0.0,
            0.0,
            0.0,
            1.0
        ]
    ]
}