{
    "cubes": [
        {
            "position": [
                1.5,
                0.0,
                0.4202885625351322
            ],
            "scale": [
                0.5,
                2.0,
                0.03
            ]
        }
    ],
    "cylinders": [
        {
            "position": [
                1.1808081254903355,
                -0.23041200050495897,
                0.5
            ],
            "radius": 0.06665788414343671,
            "heigth": 0.37674963460574945
        },
        {
            "position": [
                1.0551145185099624,
                0.20398504333393713,
                0.5
            ],
            "radius": 0.060693215988583266,
            "heigth": 0.3452531940382214
        },
        {
            "position": [
                1.0155187350101613,
                -0.23305749701550688,
                0.5
            ],
            "radius": 0.07713763050743701,
            "heigth": 0.4785521776217007
        },
        {
            "position": [
                1.0391011531636924,
                -0.2459952640303989,
                0.5
            ],
            "radius": 0.07397360613308496,
            "heigth": 0.16886942817533385
        }
    ],
    "target": [
        [
            1.0,
            0.0,
            0.0,
            1.1534894704818726
        ],
        [
            0.0,
            -0.9999999999999961,
            -8.742277974564334e-08,
            -0.001123561873100698
        ],
        [
            0.0,
            8.742277974564332e-08,
            -0.9999999999999961,
            0.6583824157714844
        ],
        [
            0.0,
            0.0,
            0.0,
            1.0
        ]
    ],
    "robot_base": [
        [
            1.0,
            0.0,
            0.0,
            0.0
        ],
        [
            0.0,
            1.0,
            0.0,
            0.059819493036670446
        ],
        [
            0.0,
            0.0,
            1.0,
            0.0
        ],
        [
            0.0,
            0.0,
            0.0,
            1.0
        ]
    ]
}