{
    "cubes": [
        {
            "position": [
                1.5,
                0.0,
                0.5147679497632148
            ],
            "scale": [
                0.5,
                2.0,
                0.03
            ]
        }
    ],
    "cylinders": [
        {
            "position": [
                1.1271412209644125,
                0.24981372615637326,
                0.5
            ],
            "radius": 0.05994263338930545,
            "heigth": 0.3307448075305061
        },
        {
            "position": [
                1.1761943415686718,
                0.2329418902461916,
                0.5
            ],
            "radius": 0.04683815214899924,
            "heigth": 0.1152608050189263
        },
        {
            "position": [
                1.144619389611688,
                0.2173915718672207,
                0.5
            ],
            "radius": 0.02007615131679984,
            "heigth": 0.1265777036376053
        },
        {
            "position": [
                1.0340839132792832,
                0.06054351686739001,
                0.5
            ],
            "radius": 0.03677232857211123,
            "heigth": 0.25088563950947373
        }
    ],
    "target": [
        [
            1.0,
            0.0,
            0.0,
            1.1534894704818726
        ],
        [
            0.0,
            -0.9999999999999961,
            -8.742277974564334e-08,
            -0.001123561873100698
        ],
        [
            0.0,
            8.742277974564332e-08,
            -0.9999999999999961,
            0.6583824157714844
        ],
        [
            0.0,
            0.0,
            0.0,
            1.0
        ]
    ],
    "robot_base": [
        [
            1.0,
            0.0,
            0.0,
            0.0
        ],
        [
            0.0,
            1.0,
            0.0,
            0.2562881722371655
        ],
        [
            0.0,
            0.0,
            1.0,
            0.0
        ],
        [
            0.0,
            0.0,
            0.0,
            1.0
        ]
    ]
}