{
    "cubes": [
        {
            "position": [
                1.5,
                0.0,
                0.45903957505261767
            ],
            "scale": [
                0.5,
                2.0,
                0.03
            ]
        }
    ],
    "cylinders": [
        {
            "position": [
                1.1917669116075023,
                -0.23275324615337062,
                0.5
            ],
            "radius": 0.07226865271291852,
            "heigth": 0.12582831508235903
        },
        {
            "position": [
                1.0147077907232165,
                0.019463865336936448,
                0.5
            ],
            "radius": 0.0610452242718945,
            "heigth": 0.11129936685682622
        },
        {
            "position": [
                1.1163973959712077,
                0.18175266088273562,
                0.5
            ],
            "radius": 0.03639556080769965,
            "heigth": 0.24047264272526084
        },
        {
            "position": [
                1.0751057216688362,
                -0.18987795456042555,
                0.5
            ],
            "radius": 0.07428101313669255,
            "heigth": 0.2448577750430908
        }
    ],
    "target": [
        [
            1.0,
            0.0,
            0.0,
            1.1534894704818726
        ],
        [
            0.0,
            -0.9999999999999961,
            -8.742277974564334e-08,
            -0.001123561873100698
        ],
        [
            0.0,
            8.742277974564332e-08,
            -0.9999999999999961,
            0.6583824157714844
        ],
        [
            0.0,
            0.0,
            0.0,
            1.0
        ]
    ],
    "robot_base": [
        [
            1.0,
            0.0,
            0.0,
            0.0
        ],
        [
            0.0,
            1.0,
            0.0,
            -0.29641220973723936
        ],
        [
            0.0,
            0.0,
            1.0,
            0.0
        ],
        [
            0.0,
            0.0,
            0.0,
            1.0
        ]
    ]
}