{
    "cubes": [
        {
            "position": [
                1.5,
                0.0,
                0.42894456786763735
            ],
            "scale": [
                0.5,
                2.0,
                0.03
            ]
        }
    ],
    "cylinders": [
        {
            "position": [
                1.1333954428561865,
                0.1814963597628878,
                0.5
            ],
            "radius": 0.05231531030755242,
            "heigth": 0.2007621139698368
        },
        {
            "position": [
                1.0215464048307423,
                0.13623881680977168,
                0.5
            ],
            "radius": 0.03091106106308241,
            "heigth": 0.15663699518638813
        },
        {
            "position": [
                1.0926015456691411,
                0.24764063896286936,
                0.5
            ],
            "radius": 0.07813344118096704,
            "heigth": 0.284176166683195
        },
        {
            "position": [
                1.1643886345370498,
                -0.08742814744911204,
                0.5
            ],
            "radius": 0.04157601140146476,
            "heigth": 0.16280617084329133
        }
    ],
    "target": [
        [
            1.0,
            0.0,
            0.0,
            1.1534894704818726
        ],
        [
            0.0,
            -0.9999999999999961,
            -8.742277974564334e-08,
            -0.001123561873100698
        ],
        [
            0.0,
            8.742277974564332e-08,
            -0.9999999999999961,
            0.6583824157714844
        ],
        [
            0.0,
            0.0,
            0.0,
            1.0
        ]
    ],
    "robot_base": [
        [
            1.0,
            0.0,
            0.0,
            0.0
        ],
        [
            0.0,
            1.0,
            0.0,
            0.0935902930801491
        ],
        [
            0.0,
            0.0,
            1.0,
            0.0
        ],
        [
            0.0,
            0.0,
            0.0,
            1.0
        ]
    ]
}