{
    "cubes": [
        {
            "position": [
                1.5,
                0.0,
                0.562695664443736
            ],
            "scale": [
                0.5,
                2.0,
                0.03
            ]
        }
    ],
    "cylinders": [
        {
            "position": [
                1.00102548319996,
                0.13360889272689513,
                0.5
            ],
            "radius": 0.04444350138497915,
            "heigth": 0.4285374847709904
        },
        {
            "position": [
                1.133827767568627,
                0.06778498392755083,
                0.5
            ],
            "radius": 0.02407130803266741,
            "heigth": 0.11347019612347523
        },
        {
            "position": [
                1.014120593424486,
                0.22200296582241985,
                0.5
            ],
            "radius": 0.026529001539199563,
            "heigth": 0.1591858629286658
        },
        {
            "position": [
                1.0338285418703177,
                -0.11172782450808288,
                0.5
            ],
            "radius": 0.028617596024902506,
            "heigth": 0.29903239997955455
        }
    ],
    "target": [
        [
            1.0,
            0.0,
            0.0,
            1.1534894704818726
        ],
        [
            0.0,
            -0.9999999999999961,
            -8.742277974564334e-08,
            -0.001123561873100698
        ],
        [
            0.0,
            8.742277974564332e-08,
            -0.9999999999999961,
            0.6583824157714844
        ],
        [
            0.0,
            0.0,
            0.0,
            1.0
        ]
    ],
    "robot_base": [
        [
            1.0,
            0.0,
            0.0,
            0.0
        ],
        [
            0.0,
            1.0,
            0.0,
            0.09947463118749555
        ],
        [
            0.0,
            0.0,
            1.0,
            0.0
        ],
        [
            0.0,
            0.0,
            0.0,
            1.0
        ]
    ]
}