{
    "cubes": [
        {
            "position": [
                1.5,
                0.0,
                0.4378472364453126
            ],
            "scale": [
                0.5,
                2.0,
                0.03
            ]
        }
    ],
    "cylinders": [
        {
            "position": [
                1.0741215683552374,
                -0.20045265723542588,
                0.5
            ],
            "radius": 0.03692099555333997,
            "heigth": 0.2721313014523365
        },
        {
            "position": [
                1.0366291098917422,
                -0.08771017446115026,
                0.5
            ],
            "radius": 0.021324092024328334,
            "heigth": 0.2639855420292824
        },
        {
            "position": [
                1.0384635518664604,
                -0.057358497820725274,
                0.5
            ],
            "radius": 0.06467713073114228,
            "heigth": 0.19794603568963992
        },
        {
            "position": [
                1.0654109486978356,
                0.19284721969118673,
                0.5
            ],
            "radius": 0.050675269529151704,
            "heigth": 0.2133747173269907
        }
    ],
    "target": [
        [
            1.0,
            0.0,
            0.0,
            1.1534894704818726
        ],
        [
            0.0,
            -0.9999999999999961,
            -8.742277974564334e-08,
            -0.001123561873100698
        ],
        [
            0.0,
            8.742277974564332e-08,
            -0.9999999999999961,
            0.6583824157714844
        ],
        [
            0.0,
            0.0,
            0.0,
            1.0
        ]
    ],
    "robot_base": [
        [
            1.0,
            0.0,
            0.0,
            0.0
        ],
        [
            0.0,
            1.0,
            0.0,
            -0.2129492252558025
        ],
        [
            0.0,
            0.0,
            1.0,
            0.0
        ],
        [
            0.0,
            0.0,
            0.0,
            1.0
        ]
    ]
}