{
    "cubes": [
        {
            "position": [
                1.5,
                0.0,
                0.4269792373511248
            ],
            "scale": [
                0.5,
                2.0,
                0.03
            ]
        }
    ],
    "cylinders": [
        {
            "position": [
                1.0437854283699175,
                -0.017001366603305534,
                0.5
            ],
            "radius": 0.029379767517309384,
            "heigth": 0.24310045853943424
        },
        {
            "position": [
                1.0552116664189892,
                -0.20731927680235473,
                0.5
            ],
            "radius": 0.04227255934760239,
            "heigth": 0.282105703875626
        },
        {
            "position": [
                1.1932685305697652,
                -0.20504826872130072,
                0.5
            ],
            "radius": 0.0711650858095379,
            "heigth": 0.3781613625922633
        },
        {
            "position": [
                1.1371116183522594,
                0.24641839477516297,
                0.5
            ],
            "radius": 0.06457590664354651,
            "heigth": 0.18124243478148955
        }
    ],
    "target": [
        [
            1.0,
            0.0,
            0.0,
            1.1534894704818726
        ],
        [
            0.0,
            -0.9999999999999961,
            -8.742277974564334e-08,
            -0.001123561873100698
        ],
        [
            0.0,
            8.742277974564332e-08,
            -0.9999999999999961,
            0.6583824157714844
        ],
        [
            0.0,
            0.0,
            0.0,
            1.0
        ]
    ],
    "robot_base": [
        [
            1.0,
            0.0,
            0.0,
            0.0
        ],
        [
            0.0,
            1.0,
            0.0,
            -0.2760314342781348
        ],
        [
            0.0,
            0.0,
            1.0,
            0.0
        ],
        [
            0.0,
            0.0,
            0.0,
            1.0
        ]
    ]
}