{
    "cubes": [
        {
            "position": [
                1.5,
                0.0,
                0.48586499631575863
            ],
            "scale": [
                0.5,
                2.0,
                0.03
            ]
        }
    ],
    "cylinders": [
        {
            "position": [
                1.147486277057725,
                0.09263780686953904,
                0.5
            ],
            "radius": 0.02226305008601848,
            "heigth": 0.1144884100674249
        },
        {
            "position": [
                1.0227009467525123,
                0.08581865704564728,
                0.5
            ],
            "radius": 0.07699916916366034,
            "heigth": 0.23888637127670423
        },
        {
            "position": [
                1.0365523289276541,
                -0.20941867293825717,
                0.5
            ],
            "radius": 0.044637508140802945,
            "heigth": 0.22172661875632915
        },
        {
            "position": [
                1.0677775932056879,
                -0.17494675521227476,
                0.5
            ],
            "radius": 0.0483468645614066,
            "heigth": 0.3363592321111297
        }
    ],
    "target": [
        [
            1.0,
            0.0,
            0.0,
            1.1534894704818726
        ],
        [
            0.0,
            -0.9999999999999961,
            -8.742277974564334e-08,
            -0.001123561873100698
        ],
        [
            0.0,
            8.742277974564332e-08,
            -0.9999999999999961,
            0.6583824157714844
        ],
        [
            0.0,
            0.0,
            0.0,
            1.0
        ]
    ],
    "robot_base": [
        [
            1.0,
            0.0,
            0.0,
            0.0
        ],
        [
            0.0,
            1.0,
            0.0,
            0.29816701186899064
        ],
        [
            0.0,
            0.0,
            1.0,
            0.0
        ],
        [
            0.0,
            0.0,
            0.0,
            1.0
        ]
    ]
}