{
    "cubes": [
        {
            "position": [
                1.5,
                0.0,
                0.4447026693191717
            ],
            "scale": [
                0.5,
                2.0,
                0.03
            ]
        }
    ],
    "cylinders": [
        {
            "position": [
                1.0106044926455133,
                -0.14455018682555587,
                0.5
            ],
            "radius": 0.027159064648059946,
            "heigth": 0.14296748592984432
        },
        {
            "position": [
                1.0473040377667415,
                -0.02534998173728986,
                0.5
            ],
            "radius": 0.03339161185345119,
            "heigth": 0.27003875353999285
        },
        {
            "position": [
                1.019961953230775,
                0.1658155508332575,
                0.5
            ],
            "radius": 0.06353506052193866,
            "heigth": 0.1586802639983403
        },
        {
            "position": [
                1.1970523360257708,
                -0.221522725075588,
                0.5
            ],
            "radius": 0.03830789304618118,
            "heigth": 0.3322672236559924
        }
    ],
    "target": [
        [
            1.0,
            0.0,
            0.0,
            1.1534894704818726
        ],
        [
            0.0,
            -0.9999999999999961,
            -8.742277974564334e-08,
            -0.001123561873100698
        ],
        [
            0.0,
            8.742277974564332e-08,
            -0.9999999999999961,
            0.6583824157714844
        ],
        [
            0.0,
            0.0,
            0.0,
            1.0
        ]
    ],
    "robot_base": [
        [
            1.0,
            0.0,
            0.0,
            0.0
        ],
        [
            0.0,
            1.0,
            0.0,
            0.22712171756052746
        ],
        [
            0.0,
            0.0,
            1.0,
            0.0
        ],
        [
            0.0,
            0.0,
            0.0,
            1.0
        ]
    ]
}