{
    "cubes": [
        {
            "position": [
                1.5,
                0.0,
                0.4922796166717411
            ],
            "scale": [
                0.5,
                2.0,
                0.03
            ]
        }
    ],
    "cylinders": [
        {
            "position": [
                1.043493625006763,
                -0.10785599792687056,
                0.5
            ],
            "radius": 0.05340732225748114,
            "heigth": 0.2837778456217268
        },
        {
            "position": [
                1.0636862178539095,
                -0.19720382506637685,
                0.5
            ],
            "radius": 0.05776333851121664,
            "heigth": 0.30864245469379836
        },
        {
            "position": [
                1.0796639125755962,
                0.23070637509399688,
                0.5
            ],
            "radius": 0.036533467234378995,
            "heigth": 0.45349669219523187
        },
        {
            "position": [
                1.1449458912895534,
                -0.18833203067119986,
                0.5
            ],
            "radius": 0.032927776483662144,
            "heigth": 0.22558905606825572
        }
    ],
    "target": [
        [
            1.0,
            0.0,
            0.0,
            1.1534894704818726
        ],
        [
            0.0,
            -0.9999999999999961,
            -8.742277974564334e-08,
            -0.001123561873100698
        ],
        [
            0.0,
            8.742277974564332e-08,
            -0.9999999999999961,
            0.6583824157714844
        ],
        [
            0.0,
            0.0,
            0.0,
            1.0
        ]
    ],
    "robot_base": [
        [
            1.0,
            0.0,
            0.0,
            0.0
        ],
        [
            0.0,
            1.0,
            0.0,
            0.16661543769713105
        ],
        [
            0.0,
            0.0,
            1.0,
            0.0
        ],
        [
            0.0,
            0.0,
            0.0,
            1.0
        ]
    ]
}