{
    "cubes": [
        {
            "position": [
                1.5,
                0.0,
                0.45679313796060195
            ],
            "scale": [
                0.5,
                2.0,
                0.03
            ]
        }
    ],
    "cylinders": [
        {
            "position": [
                1.001760024770798,
                -0.04586652594582569,
                0.5
            ],
            "radius": 0.054667356022611496,
            "heigth": 0.4975798514152139
        },
        {
            "position": [
                1.1919142758224814,
                -0.157012508803269,
                0.5
            ],
            "radius": 0.06906272797755109,
            "heigth": 0.1337073837509162
        },
        {
            "position": [
                1.0035972615408384,
                -0.18993886624370937,
                0.5
            ],
            "radius": 0.06256348901661554,
            "heigth": 0.39747945169912
        },
        {
            "position": [
                1.1853252406615282,
                -0.2072492636573836,
                0.5
            ],
            "radius": 0.07490126371352149,
            "heigth": 0.37344816113329005
        }
    ],
    "target": [
        [
            1.0,
            0.0,
            0.0,
            1.1534894704818726
        ],
        [
            0.0,
            -0.9999999999999961,
            -8.742277974564334e-08,
            -0.001123561873100698
        ],
        [
            0.0,
            8.742277974564332e-08,
            -0.9999999999999961,
            0.6583824157714844
        ],
        [
            0.0,
            0.0,
            0.0,
            1.0
        ]
    ],
    "robot_base": [
        [
            1.0,
            0.0,
            0.0,
            0.0
        ],
        [
            0.0,
            1.0,
            0.0,
            -0.36515857726885226
        ],
        [
            0.0,
            0.0,
            1.0,
            0.0
        ],
        [
            0.0,
            0.0,
            0.0,
            1.0
        ]
    ]
}