{
    "cubes": [
        {
            "position": [
                1.5,
                0.0,
                0.5452698358801937
            ],
            "scale": [
                0.5,
                2.0,
                0.03
            ]
        }
    ],
    "cylinders": [
        {
            "position": [
                1.193515789438833,
                0.22565800787514456,
                0.5
            ],
            "radius": 0.028077332229166842,
            "heigth": 0.2689299931999249
        },
        {
            "position": [
                1.0336197355663082,
                0.23222842152523826,
                0.5
            ],
            "radius": 0.029943200940864015,
            "heigth": 0.2489661601245931
        },
        {
            "position": [
                1.0245278825780904,
                0.19268727403996516,
                0.5
            ],
            "radius": 0.05430304261441332,
            "heigth": 0.16003529749719886
        },
        {
            "position": [
                1.091859340891243,
                0.22130981497167174,
                0.5
            ],
            "radius": 0.07523847050811286,
            "heigth": 0.4194746130889678
        }
    ],
    "target": [
        [
            1.0,
            0.0,
            0.0,
            1.1534894704818726
        ],
        [
            0.0,
            -0.9999999999999961,
            -8.742277974564334e-08,
            -0.001123561873100698
        ],
        [
            0.0,
            8.742277974564332e-08,
            -0.9999999999999961,
            0.6583824157714844
        ],
        [
            0.0,
            0.0,
            0.0,
            1.0
        ]
    ],
    "robot_base": [
        [
            1.0,
            0.0,
            0.0,
            0.0
        ],
        [
            0.0,
            1.0,
            0.0,
            0.06724024795795502
        ],
        [
            0.0,
            0.0,
            1.0,
            0.0
        ],
        [
            0.0,
            0.0,
            0.0,
            1.0
        ]
    ]
}