{
    "cubes": [
        {
            "position": [
                1.5,
                0.0,
                0.44904653541799344
            ],
            "scale": [
                0.5,
                2.0,
                0.03
            ]
        }
    ],
    "cylinders": [
        {
            "position": [
                1.117965981811013,
                -0.18647232748278808,
                0.5
            ],
            "radius": 0.06561095295462627,
            "heigth": 0.27694136774229783
        },
        {
            "position": [
                1.041472569814077,
                -0.1459896031184868,
                0.5
            ],
            "radius": 0.06619357833281761,
            "heigth": 0.1852807979476626
        },
        {
            "position": [
                1.0687802288642163,
                -0.21815299999665683,
                0.5
            ],
            "radius": 0.05601724075358643,
            "heigth": 0.17459206285601397
        },
        {
            "position": [
                1.070151108081051,
                0.20131800378247305,
                0.5
            ],
            "radius": 0.06038529746667041,
            "heigth": 0.44081250727587545
        }
    ],
    "target": [
        [
            1.0,
            0.0,
            0.0,
            1.1534894704818726
        ],
        [
            0.0,
            -0.9999999999999961,
            -8.742277974564334e-08,
            -0.001123561873100698
        ],
        [
            0.0,
            8.742277974564332e-08,
            -0.9999999999999961,
            0.6583824157714844
        ],
        [
            0.0,
            0.0,
            0.0,
            1.0
        ]
    ],
    "robot_base": [
        [
            1.0,
            0.0,
            0.0,
            0.0
        ],
        [
            0.0,
            1.0,
            0.0,
            -0.4519775703463801
        ],
        [
            0.0,
            0.0,
            1.0,
            0.0
        ],
        [
            0.0,
            0.0,
            0.0,
            1.0
        ]
    ]
}