{
    "cubes": [
        {
            "position": [
                1.5,
                0.0,
                0.5581413706620454
            ],
            "scale": [
                0.5,
                2.0,
                0.03
            ]
        }
    ],
    "cylinders": [
        {
            "position": [
                1.1668299839540797,
                0.17581979038992607,
                0.5
            ],
            "radius": 0.06708786377386602,
            "heigth": 0.16665331513048848
        },
        {
            "position": [
                1.0649162483675956,
                0.19177338496925567,
                0.5
            ],
            "radius": 0.021503186515491216,
            "heigth": 0.34262310776782656
        },
        {
            "position": [
                1.063346902975163,
                -0.1294203903433364,
                0.5
            ],
            "radius": 0.05653596427366383,
            "heigth": 0.1502243257910288
        },
        {
            "position": [
                1.1574558651306819,
                0.21021994195968324,
                0.5
            ],
            "radius": 0.07855026982198005,
            "heigth": 0.10727091344094178
        }
    ],
    "target": [
        [
            1.0,
            0.0,
            0.0,
            1.1534894704818726
        ],
        [
            0.0,
            -0.9999999999999961,
            -8.742277974564334e-08,
            -0.001123561873100698
        ],
        [
            0.0,
            8.742277974564332e-08,
            -0.9999999999999961,
            0.6583824157714844
        ],
        [
            0.0,
            0.0,
            0.0,
            1.0
        ]
    ],
    "robot_base": [
        [
            1.0,
            0.0,
            0.0,
            0.0
        ],
        [
            0.0,
            1.0,
            0.0,
            -0.2925609166004516
        ],
        [
            0.0,
            0.0,
            1.0,
            0.0
        ],
        [
            0.0,
            0.0,
            0.0,
            1.0
        ]
    ]
}