{
    "cubes": [
        {
            "position": [
                1.5,
                0.0,
                0.5722892087460977
            ],
            "scale": [
                0.5,
                2.0,
                0.03
            ]
        }
    ],
    "cylinders": [
        {
            "position": [
                1.0406257577889935,
                -0.083540360463837,
                0.5
            ],
            "radius": 0.028250912371415752,
            "heigth": 0.41054325875684516
        },
        {
            "position": [
                1.1091202730347414,
                0.14852687683512916,
                0.5
            ],
            "radius": 0.024559320474324055,
            "heigth": 0.20668174996808347
        },
        {
            "position": [
                1.086961084223972,
                -0.1536039101361929,
                0.5
            ],
            "radius": 0.046526167191115665,
            "heigth": 0.25915783976433093
        },
        {
            "position": [
                1.0146340521252244,
                -0.16898582935026474,
                0.5
            ],
            "radius": 0.04708224531009676,
            "heigth": 0.40017863885976734
        }
    ],
    "target": [
        [
            1.0,
            0.0,
            0.0,
            1.1534894704818726
        ],
        [
            0.0,
            -0.9999999999999961,
            -8.742277974564334e-08,
            -0.001123561873100698
        ],
        [
            0.0,
            8.742277974564332e-08,
            -0.9999999999999961,
            0.6583824157714844
        ],
        [
            0.0,
            0.0,
            0.0,
            1.0
        ]
    ],
    "robot_base": [
        [
            1.0,
            0.0,
            0.0,
            0.0
        ],
        [
            0.0,
            1.0,
            0.0,
            0.09852613341637417
        ],
        [
            0.0,
            0.0,
            1.0,
            0.0
        ],
        [
            0.0,
            0.0,
            0.0,
            1.0
        ]
    ]
}