{
    "cubes": [
        {
            "position": [
                1.5,
                0.0,
                0.40286100062975905
            ],
            "scale": [
                0.5,
                2.0,
                0.03
            ]
        }
    ],
    "cylinders": [
        {
            "position": [
                1.0227146592366538,
                -0.1116659036586839,
                0.5
            ],
            "radius": 0.06473458507011678,
            "heigth": 0.37660614500409223
        },
        {
            "position": [
                1.0345447978296018,
                -0.23287408170509588,
                0.5
            ],
            "radius": 0.07622195367859358,
            "heigth": 0.3531961409971654
        },
        {
            "position": [
                1.0209396300248859,
                -0.07912647847267262,
                0.5
            ],
            "radius": 0.037284544219905666,
            "heigth": 0.436231365753076
        },
        {
            "position": [
                1.1263414916153491,
                -0.11265294026027045,
                0.5
            ],
            "radius": 0.07233490777393088,
            "heigth": 0.13790192600602136
        }
    ],
    "target": [
        [
            1.0,
            0.0,
            0.0,
            1.1534894704818726
        ],
        [
            0.0,
            -0.9999999999999961,
            -8.742277974564334e-08,
            -0.001123561873100698
        ],
        [
            0.0,
            8.742277974564332e-08,
            -0.9999999999999961,
            0.6583824157714844
        ],
        [
            0.0,
            0.0,
            0.0,
            1.0
        ]
    ],
    "robot_base": [
        [
            1.0,
            0.0,
            0.0,
            0.0
        ],
        [
            0.0,
            1.0,
            0.0,
            -0.14402702176019822
        ],
        [
            0.0,
            0.0,
            1.0,
            0.0
        ],
        [
            0.0,
            0.0,
            0.0,
            1.0
        ]
    ]
}