{
    "cubes": [
        {
            "position": [
                1.5,
                0.0,
                0.5810599548818784
            ],
            "scale": [
                0.5,
                2.0,
                0.03
            ]
        }
    ],
    "cylinders": [
        {
            "position": [
                1.000714607384302,
                -0.05702456544607559,
                0.5
            ],
            "radius": 0.06098672670189531,
            "heigth": 0.15763270908632665
        },
        {
            "position": [
                1.060686423405145,
                0.08353323480679459,
                0.5
            ],
            "radius": 0.03070431187422265,
            "heigth": 0.15939378646160102
        },
        {
            "position": [
                1.016187433357928,
                0.24718107406648032,
                0.5
            ],
            "radius": 0.07869931661718574,
            "heigth": 0.15347695361728497
        },
        {
            "position": [
                1.033576078550603,
                -0.017407029750260872,
                0.5
            ],
            "radius": 0.046255300705091706,
            "heigth": 0.2040462838816906
        }
    ],
    "target": [
        [
            1.0,
            0.0,
            0.0,
            1.1534894704818726
        ],
        [
            0.0,
            -0.9999999999999961,
            -8.742277974564334e-08,
            -0.001123561873100698
        ],
        [
            0.0,
            8.742277974564332e-08,
            -0.9999999999999961,
            0.6583824157714844
        ],
        [
            0.0,
            0.0,
            0.0,
            1.0
        ]
    ],
    "robot_base": [
        [
            1.0,
            0.0,
            0.0,
            0.0
        ],
        [
            0.0,
            1.0,
            0.0,
            0.3225907817705921
        ],
        [
            0.0,
            0.0,
            1.0,
            0.0
        ],
        [
            0.0,
            0.0,
            0.0,
            1.0
        ]
    ]
}