{
    "cubes": [
        {
            "position": [
                1.5,
                0.0,
                0.5036263124739131
            ],
            "scale": [
                0.5,
                2.0,
                0.03
            ]
        }
    ],
    "cylinders": [
        {
            "position": [
                1.1733078883922403,
                0.24293035087854853,
                0.5
            ],
            "radius": 0.020806645763472516,
            "heigth": 0.3132248730419128
        },
        {
            "position": [
                1.0130957568833316,
                -0.18696947666990427,
                0.5
            ],
            "radius": 0.06624971830083834,
            "heigth": 0.4440483180840443
        },
        {
            "position": [
                1.0646455950181455,
                -0.1422749524991161,
                0.5
            ],
            "radius": 0.022692585289861206,
            "heigth": 0.18486378479864035
        },
        {
            "position": [
                1.163196884521041,
                -0.22093517678438618,
                0.5
            ],
            "radius": 0.055751896019620606,
            "heigth": 0.13901077856545113
        }
    ],
    "target": [
        [
            1.0,
            0.0,
            0.0,
            1.1534894704818726
        ],
        [
            0.0,
            -0.9999999999999961,
            -8.742277974564334e-08,
            -0.001123561873100698
        ],
        [
            0.0,
            8.742277974564332e-08,
            -0.9999999999999961,
            0.6583824157714844
        ],
        [
            0.0,
            0.0,
            0.0,
            1.0
        ]
    ],
    "robot_base": [
        [
            1.0,
            0.0,
            0.0,
            0.0
        ],
        [
            0.0,
            1.0,
            0.0,
            -0.3914813263176884
        ],
        [
            0.0,
            0.0,
            1.0,
            0.0
        ],
        [
            0.0,
            0.0,
            0.0,
            1.0
        ]
    ]
}