{
    "cubes": [
        {
            "position": [
                1.5,
                0.0,
                0.5199316485558042
            ],
            "scale": [
                0.5,
                2.0,
                0.03
            ]
        }
    ],
    "cylinders": [
        {
            "position": [
                1.029967857948694,
                0.17931752678097557,
                0.5
            ],
            "radius": 0.03755352739612036,
            "heigth": 0.250097165822447
        },
        {
            "position": [
                1.0255916693636615,
                0.15838305414571774,
                0.5
            ],
            "radius": 0.028864965478455726,
            "heigth": 0.2980726740102845
        },
        {
            "position": [
                1.0259475088544436,
                0.18043886791101782,
                0.5
            ],
            "radius": 0.03212546443529825,
            "heigth": 0.15598966669177522
        },
        {
            "position": [
                1.0375744603046315,
                -0.05939657598253667,
                0.5
            ],
            "radius": 0.04677101915407268,
            "heigth": 0.3834811253650047
        }
    ],
    "target": [
        [
            1.0,
            0.0,
            0.0,
            1.1534894704818726
        ],
        [
            0.0,
            -0.9999999999999961,
            -8.742277974564334e-08,
            -0.001123561873100698
        ],
        [
            0.0,
            8.742277974564332e-08,
            -0.9999999999999961,
            0.6583824157714844
        ],
        [
            0.0,
            0.0,
            0.0,
            1.0
        ]
    ],
    "robot_base": [
        [
            1.0,
            0.0,
            0.0,
            0.0
        ],
        [
            0.0,
            1.0,
            0.0,
            0.4255354364840105
        ],
        [
            0.0,
            0.0,
            1.0,
            0.0
        ],
        [
            0.0,
            0.0,
            0.0,
            1.0
        ]
    ]
}