{
    "cubes": [
        {
            "position": [
                1.5,
                0.0,
                0.5316875988825438
            ],
            "scale": [
                0.5,
                2.0,
                0.03
            ]
        }
    ],
    "cylinders": [
        {
            "position": [
                1.0993855243352582,
                -0.20478555786191383,
                0.5
            ],
            "radius": 0.07143364813668909,
            "heigth": 0.30116628023696723
        },
        {
            "position": [
                1.1551427854080305,
                -0.17815772119079226,
                0.5
            ],
            "radius": 0.03561157773080073,
            "heigth": 0.1794870252067911
        },
        {
            "position": [
                1.0637128640132087,
                0.13973410963012828,
                0.5
            ],
            "radius": 0.020276190103544613,
            "heigth": 0.2581908576201217
        },
        {
            "position": [
                1.1490804199880933,
                0.1662154323844181,
                0.5
            ],
            "radius": 0.025587190598246122,
            "heigth": 0.32792018744711726
        }
    ],
    "target": [
        [
            1.0,
            0.0,
            0.0,
            1.1534894704818726
        ],
        [
            0.0,
            -0.9999999999999961,
            -8.742277974564334e-08,
            -0.001123561873100698
        ],
        [
            0.0,
            8.742277974564332e-08,
            -0.9999999999999961,
            0.6583824157714844
        ],
        [
            0.0,
            0.0,
            0.0,
            1.0
        ]
    ],
    "robot_base": [
        [
            1.0,
            0.0,
            0.0,
            0.0
        ],
        [
            0.0,
            1.0,
            0.0,
            -0.46762017733889605
        ],
        [
            0.0,
            0.0,
            1.0,
            0.0
        ],
        [
            0.0,
            0.0,
            0.0,
            1.0
        ]
    ]
}