{
    "cubes": [
        {
            "position": [
                1.5,
                0.0,
                0.5708036363931723
            ],
            "scale": [
                0.5,
                2.0,
                0.03
            ]
        }
    ],
    "cylinders": [
        {
            "position": [
                1.001625410546211,
                -0.08738190729549228,
                0.5
            ],
            "radius": 0.029699913429781167,
            "heigth": 0.26940092822021755
        },
        {
            "position": [
                1.127247714284656,
                -0.22931643256858708,
                0.5
            ],
            "radius": 0.026779727137758894,
            "heigth": 0.3637985924437007
        },
        {
            "position": [
                1.1303939533104184,
                0.14464759889524198,
                0.5
            ],
            "radius": 0.06062615869508398,
            "heigth": 0.16254023220151936
        },
        {
            "position": [
                1.1238758794419297,
                0.20709141007737736,
                0.5
            ],
            "radius": 0.05047038356187031,
            "heigth": 0.37303560738382463
        }
    ],
    "target": [
        [
            1.0,
            0.0,
            0.0,
            1.1534894704818726
        ],
        [
            0.0,
            -0.9999999999999961,
            -8.742277974564334e-08,
            -0.001123561873100698
        ],
        [
            0.0,
            8.742277974564332e-08,
            -0.9999999999999961,
            0.6583824157714844
        ],
        [
            0.0,
            0.0,
            0.0,
            1.0
        ]
    ],
    "robot_base": [
        [
            1.0,
            0.0,
            0.0,
            0.0
        ],
        [
            0.0,
            1.0,
            0.0,
            0.08142496625823115
        ],
        [
            0.0,
            0.0,
            1.0,
            0.0
        ],
        [
            0.0,
            0.0,
            0.0,
            1.0
        ]
    ]
}