{
    "cubes": [
        {
            "position": [
                1.5,
                0.0,
                0.534467526469316
            ],
            "scale": [
                0.5,
                2.0,
                0.03
            ]
        }
    ],
    "cylinders": [
        {
            "position": [
                1.1682748943479522,
                0.23428228015840125,
                0.5
            ],
            "radius": 0.07974575075034479,
            "heigth": 0.16155569467938197
        },
        {
            "position": [
                1.0714923783822081,
                -0.24976475334167014,
                0.5
            ],
            "radius": 0.029957923870206092,
            "heigth": 0.21781155243201836
        },
        {
            "position": [
                1.1439751754000573,
                -0.20911893159988587,
                0.5
            ],
            "radius": 0.023039251503150247,
            "heigth": 0.4765461119109273
        },
        {
            "position": [
                1.0357522914791353,
                -0.04626193396077055,
                0.5
            ],
            "radius": 0.05153436845956846,
            "heigth": 0.27034059531696564
        }
    ],
    "target": [
        [
            1.0,
            0.0,
            0.0,
            1.1534894704818726
        ],
        [
            0.0,
            -0.9999999999999961,
            -8.742277974564334e-08,
            -0.001123561873100698
        ],
        [
            0.0,
            8.742277974564332e-08,
            -0.9999999999999961,
            0.6583824157714844
        ],
        [
            0.0,
            0.0,
            0.0,
            1.0
        ]
    ],
    "robot_base": [
        [
            1.0,
            0.0,
            0.0,
            0.0
        ],
        [
            0.0,
            1.0,
            0.0,
            0.2836376398518414
        ],
        [
            0.0,
            0.0,
            1.0,
            0.0
        ],
        [
            0.0,
            0.0,
            0.0,
            1.0
        ]
    ]
}