{
    "cubes": [
        {
            "position": [
                1.5,
                0.0,
                0.59936784774776
            ],
            "scale": [
                0.5,
                2.0,
                0.03
            ]
        }
    ],
    "cylinders": [
        {
            "position": [
                1.0378948188148767,
                -0.15083767501014467,
                0.5
            ],
            "radius": 0.023756321069123017,
            "heigth": 0.49327968024185476
        },
        {
            "position": [
                1.0496084135632877,
                -0.2333225214945745,
                0.5
            ],
            "radius": 0.06116602122491814,
            "heigth": 0.2808049656463453
        },
        {
            "position": [
                1.0357190426898293,
                0.1273015399897151,
                0.5
            ],
            "radius": 0.05811426768495921,
            "heigth": 0.12294659361925013
        },
        {
            "position": [
                1.0885475351211031,
                0.24643562250100842,
                0.5
            ],
            "radius": 0.021212444670169358,
            "heigth": 0.15264035192831132
        }
    ],
    "target": [
        [
            1.0,
            0.0,
            0.0,
            1.1534894704818726
        ],
        [
            0.0,
            -0.9999999999999961,
            -8.742277974564334e-08,
            -0.001123561873100698
        ],
        [
            0.0,
            8.742277974564332e-08,
            -0.9999999999999961,
            0.6583824157714844
        ],
        [
            0.0,
            0.0,
            0.0,
            1.0
        ]
    ],
    "robot_base": [
        [
            1.0,
            0.0,
            0.0,
            0.0
        ],
        [
            0.0,
            1.0,
            0.0,
            0.1350077694464925
        ],
        [
            0.0,
            0.0,
            1.0,
            0.0
        ],
        [
            0.0,
            0.0,
            0.0,
            1.0
        ]
    ]
}