{
    "cubes": [
        {
            "position": [
                1.5,
                0.0,
                0.5807098828417003
            ],
            "scale": [
                0.5,
                2.0,
                0.03
            ]
        }
    ],
    "cylinders": [
        {
            "position": [
                1.0952132837429502,
                0.24938558505355057,
                0.5
            ],
            "radius": 0.07579468919347579,
            "heigth": 0.25939685017083913
        },
        {
            "position": [
                1.0396077119004634,
                -0.24938785431966565,
                0.5
            ],
            "radius": 0.03050918698576583,
            "heigth": 0.3511318483056481
        },
        {
            "position": [
                1.0924664044418502,
                0.01775066196802877,
                0.5
            ],
            "radius": 0.06672618420918319,
            "heigth": 0.1303963591564849
        },
        {
            "position": [
                1.1701524266263612,
                -0.24667991833310854,
                0.5
            ],
            "radius": 0.03673961256861014,
            "heigth": 0.2513864201682804
        }
    ],
    "target": [
        [
            1.0,
            0.0,
            0.0,
            1.1534894704818726
        ],
        [
            0.0,
            -0.9999999999999961,
            -8.742277974564334e-08,
            -0.001123561873100698
        ],
        [
            0.0,
            8.742277974564332e-08,
            -0.9999999999999961,
            0.6583824157714844
        ],
        [
            0.0,
            0.0,
            0.0,
            1.0
        ]
    ],
    "robot_base": [
        [
            1.0,
            0.0,
            0.0,
            0.0
        ],
        [
            0.0,
            1.0,
            0.0,
            0.40493712872943455
        ],
        [
            0.0,
            0.0,
            1.0,
            0.0
        ],
        [
            0.0,
            0.0,
            0.0,
            1.0
        ]
    ]
}