{
    "cubes": [
        {
            "position": [
                1.5,
                0.0,
                0.48903216831359625
            ],
            "scale": [
                0.5,
                2.0,
                0.03
            ]
        }
    ],
    "cylinders": [
        {
            "position": [
                1.1888043057620161,
                -0.22933320783696748,
                0.5
            ],
            "radius": 0.05568104574706255,
            "heigth": 0.47232564266284105
        },
        {
            "position": [
                1.0241118807176075,
                -0.16570692180610835,
                0.5
            ],
            "radius": 0.07689217432351735,
            "heigth": 0.29103431030926263
        },
        {
            "position": [
                1.0786593925421275,
                0.16388536784292596,
                0.5
            ],
            "radius": 0.027382501793155226,
            "heigth": 0.4395439689980623
        },
        {
            "position": [
                1.0495423362084613,
                -0.21193506728644806,
                0.5
            ],
            "radius": 0.02576449297123088,
            "heigth": 0.2981195453732228
        }
    ],
    "target": [
        [
            1.0,
            0.0,
            0.0,
            1.1534894704818726
        ],
        [
            0.0,
            -0.9999999999999961,
            -8.742277974564334e-08,
            -0.001123561873100698
        ],
        [
            0.0,
            8.742277974564332e-08,
            -0.9999999999999961,
            0.6583824157714844
        ],
        [
            0.0,
            0.0,
            0.0,
            1.0
        ]
    ],
    "robot_base": [
        [
            1.0,
            0.0,
            0.0,
            0.0
        ],
        [
            0.0,
            1.0,
            0.0,
            -0.3167516407838984
        ],
        [
            0.0,
            0.0,
            1.0,
            0.0
        ],
        [
            0.0,
            0.0,
            0.0,
            1.0
        ]
    ]
}