{
    "cubes": [
        {
            "position": [
                1.5,
                0.0,
                0.5273349368671559
            ],
            "scale": [
                0.5,
                2.0,
                0.03
            ]
        }
    ],
    "cylinders": [
        {
            "position": [
                1.180320315877257,
                0.17837787284431866,
                0.5
            ],
            "radius": 0.04713671923787087,
            "heigth": 0.20641435073516504
        },
        {
            "position": [
                1.173330570557739,
                -0.09906420902521562,
                0.5
            ],
            "radius": 0.025147100791209083,
            "heigth": 0.1621382647565774
        },
        {
            "position": [
                1.045910408314746,
                0.023987309904620446,
                0.5
            ],
            "radius": 0.06386558390746602,
            "heigth": 0.21874062410300887
        },
        {
            "position": [
                1.0290876825744775,
                -0.09049468952264944,
                0.5
            ],
            "radius": 0.03757994778015443,
            "heigth": 0.45594558540570057
        }
    ],
    "target": [
        [
            1.0,
            0.0,
            0.0,
            1.1534894704818726
        ],
        [
            0.0,
            -0.9999999999999961,
            -8.742277974564334e-08,
            -0.001123561873100698
        ],
        [
            0.0,
            8.742277974564332e-08,
            -0.9999999999999961,
            0.6583824157714844
        ],
        [
            0.0,
            0.0,
            0.0,
            1.0
        ]
    ],
    "robot_base": [
        [
            1.0,
            0.0,
            0.0,
            0.0
        ],
        [
            0.0,
            1.0,
            0.0,
            0.07602809531363452
        ],
        [
            0.0,
            0.0,
            1.0,
            0.0
        ],
        [
            0.0,
            0.0,
            0.0,
            1.0
        ]
    ]
}