{
    "cubes": [
        {
            "position": [
                1.5,
                0.0,
                0.5464356588592283
            ],
            "scale": [
                0.5,
                2.0,
                0.03
            ]
        }
    ],
    "cylinders": [
        {
            "position": [
                1.1001869411328937,
                -0.23208801525698647,
                0.5
            ],
            "radius": 0.07549641848320025,
            "heigth": 0.2800603831679657
        },
        {
            "position": [
                1.0283774472631166,
                -0.12078367318866551,
                0.5
            ],
            "radius": 0.05212302007269313,
            "heigth": 0.13323186235199544
        },
        {
            "position": [
                1.0684225848065934,
                -0.13861373851819375,
                0.5
            ],
            "radius": 0.05310088715904744,
            "heigth": 0.36788313853266214
        },
        {
            "position": [
                1.0826102784177452,
                -0.01830925517231724,
                0.5
            ],
            "radius": 0.025026833952850273,
            "heigth": 0.15600248209210493
        }
    ],
    "target": [
        [
            1.0,
            0.0,
            0.0,
            1.1534894704818726
        ],
        [
            0.0,
            -0.9999999999999961,
            -8.742277974564334e-08,
            -0.001123561873100698
        ],
        [
            0.0,
            8.742277974564332e-08,
            -0.9999999999999961,
            0.6583824157714844
        ],
        [
            0.0,
            0.0,
            0.0,
            1.0
        ]
    ],
    "robot_base": [
        [
            1.0,
            0.0,
            0.0,
            0.0
        ],
        [
            0.0,
            1.0,
            0.0,
            -0.3412265593885031
        ],
        [
            0.0,
            0.0,
            1.0,
            0.0
        ],
        [
            0.0,
            0.0,
            0.0,
            1.0
        ]
    ]
}