{
    "cubes": [
        {
            "position": [
                1.5,
                0.0,
                0.42566090361561093
            ],
            "scale": [
                0.5,
                2.0,
                0.03
            ]
        }
    ],
    "cylinders": [
        {
            "position": [
                1.0819635759986501,
                0.24600531285946203,
                0.5
            ],
            "radius": 0.0578552168245796,
            "heigth": 0.4942822756194849
        },
        {
            "position": [
                1.1974153964548055,
                -0.12182027036217602,
                0.5
            ],
            "radius": 0.05575195713265011,
            "heigth": 0.15208284218247659
        },
        {
            "position": [
                1.0203529314908348,
                0.04197317549369439,
                0.5
            ],
            "radius": 0.07468101822666484,
            "heigth": 0.21035154673364787
        },
        {
            "position": [
                1.0267920803052257,
                0.006718900061907673,
                0.5
            ],
            "radius": 0.035318766579616294,
            "heigth": 0.12373698982430195
        }
    ],
    "target": [
        [
            1.0,
            0.0,
            0.0,
            1.1534894704818726
        ],
        [
            0.0,
            -0.9999999999999961,
            -8.742277974564334e-08,
            -0.001123561873100698
        ],
        [
            0.0,
            8.742277974564332e-08,
            -0.9999999999999961,
            0.6583824157714844
        ],
        [
            0.0,
            0.0,
            0.0,
            1.0
        ]
    ],
    "robot_base": [
        [
            1.0,
            0.0,
            0.0,
            0.0
        ],
        [
            0.0,
            1.0,
            0.0,
            -0.27243248423246613
        ],
        [
            0.0,
            0.0,
            1.0,
            0.0
        ],
        [
            0.0,
            0.0,
            0.0,
            1.0
        ]
    ]
}