{
    "cubes": [
        {
            "position": [
                1.5,
                0.0,
                0.4277063385820251
            ],
            "scale": [
                0.5,
                2.0,
                0.03
            ]
        }
    ],
    "cylinders": [
        {
            "position": [
                1.0318180838887003,
                -0.11070840398585047,
                0.5
            ],
            "radius": 0.06386145032760925,
            "heigth": 0.36968193874378513
        },
        {
            "position": [
                1.141146765027826,
                -0.18228614633217166,
                0.5
            ],
            "radius": 0.035159783404115574,
            "heigth": 0.15268140328486152
        },
        {
            "position": [
                1.094351193709723,
                -0.2026141760606291,
                0.5
            ],
            "radius": 0.06533191656340119,
            "heigth": 0.2822493266256041
        },
        {
            "position": [
                1.1784293508817476,
                0.19800911318725967,
                0.5
            ],
            "radius": 0.02112991740602211,
            "heigth": 0.2720898418328206
        }
    ],
    "target": [
        [
            1.0,
            0.0,
            0.0,
            1.1534894704818726
        ],
        [
            0.0,
            -0.9999999999999961,
            -8.742277974564334e-08,
            -0.001123561873100698
        ],
        [
            0.0,
            8.742277974564332e-08,
            -0.9999999999999961,
            0.6583824157714844
        ],
        [
            0.0,
            0.0,
            0.0,
            1.0
        ]
    ],
    "robot_base": [
        [
            1.0,
            0.0,
            0.0,
            0.0
        ],
        [
            0.0,
            1.0,
            0.0,
            0.18974106089707177
        ],
        [
            0.0,
            0.0,
            1.0,
            0.0
        ],
        [
            0.0,
            0.0,
            0.0,
            1.0
        ]
    ]
}