{
    "cubes": [
        {
            "position": [
                1.5,
                0.0,
                0.5473493814724428
            ],
            "scale": [
                0.5,
                2.0,
                0.03
            ]
        }
    ],
    "cylinders": [
        {
            "position": [
                1.0462778060474864,
                0.047118736519216,
                0.5
            ],
            "radius": 0.04465525440696163,
            "heigth": 0.18884436163182672
        },
        {
            "position": [
                1.0588196038138087,
                -0.0695443047927683,
                0.5
            ],
            "radius": 0.040099336396541445,
            "heigth": 0.42103725433277817
        },
        {
            "position": [
                1.0139325104067585,
                -0.12221212296054496,
                0.5
            ],
            "radius": 0.043273429348676055,
            "heigth": 0.24060514960392101
        },
        {
            "position": [
                1.0690984719451078,
                -0.15445905674846533,
                0.5
            ],
            "radius": 0.05234559804821862,
            "heigth": 0.2767737882624177
        }
    ],
    "target": [
        [
            1.0,
            0.0,
            0.0,
            1.1534894704818726
        ],
        [
            0.0,
            -0.9999999999999961,
            -8.742277974564334e-08,
            -0.001123561873100698
        ],
        [
            0.0,
            8.742277974564332e-08,
            -0.9999999999999961,
            0.6583824157714844
        ],
        [
            0.0,
            0.0,
            0.0,
            1.0
        ]
    ],
    "robot_base": [
        [
            1.0,
            0.0,
            0.0,
            0.0
        ],
        [
            0.0,
            1.0,
            0.0,
            0.027150752841743397
        ],
        [
            0.0,
            0.0,
            1.0,
            0.0
        ],
        [
            0.0,
            0.0,
            0.0,
            1.0
        ]
    ]
}