{
    "cubes": [
        {
            "position": [
                1.5,
                0.0,
                0.47607167724567484
            ],
            "scale": [
                0.5,
                2.0,
                0.03
            ]
        }
    ],
    "cylinders": [
        {
            "position": [
                1.0061282938895826,
                -0.10928415430534133,
                0.5
            ],
            "radius": 0.028548274057496367,
            "heigth": 0.21638499152420934
        },
        {
            "position": [
                1.1736221008099832,
                0.15805458850182702,
                0.5
            ],
            "radius": 0.020515889867468714,
            "heigth": 0.17262798038337646
        },
        {
            "position": [
                1.0691632697410385,
                0.2057600469107153,
                0.5
            ],
            "radius": 0.04744903413771154,
            "heigth": 0.1535898402746913
        },
        {
            "position": [
                1.0218088266925076,
                0.12826741172372952,
                0.5
            ],
            "radius": 0.029922239568777393,
            "heigth": 0.3021453215598895
        }
    ],
    "target": [
        [
            1.0,
            0.0,
            0.0,
            1.1534894704818726
        ],
        [
            0.0,
            -0.9999999999999961,
            -8.742277974564334e-08,
            -0.001123561873100698
        ],
        [
            0.0,
            8.742277974564332e-08,
            -0.9999999999999961,
            0.6583824157714844
        ],
        [
            0.0,
            0.0,
            0.0,
            1.0
        ]
    ],
    "robot_base": [
        [
            1.0,
            0.0,
            0.0,
            0.0
        ],
        [
            0.0,
            1.0,
            0.0,
            0.42782840767004515
        ],
        [
            0.0,
            0.0,
            1.0,
            0.0
        ],
        [
            0.0,
            0.0,
            0.0,
            1.0
        ]
    ]
}