{
    "cubes": [
        {
            "position": [
                1.5,
                0.0,
                0.4537153036319127
            ],
            "scale": [
                0.5,
                2.0,
                0.03
            ]
        }
    ],
    "cylinders": [
        {
            "position": [
                1.0385443942220511,
                0.15323985444155624,
                0.5
            ],
            "radius": 0.033601966627661975,
            "heigth": 0.22546998791305575
        },
        {
            "position": [
                1.025869512810379,
                0.19792380134408438,
                0.5
            ],
            "radius": 0.03048119110682075,
            "heigth": 0.4034419452297901
        },
        {
            "position": [
                1.1472945731792201,
                0.2016576427179449,
                0.5
            ],
            "radius": 0.05704777073463524,
            "heigth": 0.2647724121140145
        },
        {
            "position": [
                1.164620898706871,
                -0.07198621633400004,
                0.5
            ],
            "radius": 0.064353072390482,
            "heigth": 0.12364740138438927
        }
    ],
    "target": [
        [
            1.0,
            0.0,
            0.0,
            1.1534894704818726
        ],
        [
            0.0,
            -0.9999999999999961,
            -8.742277974564334e-08,
            -0.001123561873100698
        ],
        [
            0.0,
            8.742277974564332e-08,
            -0.9999999999999961,
            0.6583824157714844
        ],
        [
            0.0,
            0.0,
            0.0,
            1.0
        ]
    ],
    "robot_base": [
        [
            1.0,
            0.0,
            0.0,
            0.0
        ],
        [
            0.0,
            1.0,
            0.0,
            0.1121827826925158
        ],
        [
            0.0,
            0.0,
            1.0,
            0.0
        ],
        [
            0.0,
            0.0,
            0.0,
            1.0
        ]
    ]
}