{
    "cubes": [
        {
            "position": [
                1.5,
                0.0,
                0.5193635352203647
            ],
            "scale": [
                0.5,
                2.0,
                0.03
            ]
        }
    ],
    "cylinders": [
        {
            "position": [
                1.1030020327140084,
                0.21551978992213933,
                0.5
            ],
            "radius": 0.07040071552872326,
            "heigth": 0.14065111989396956
        },
        {
            "position": [
                1.0411352079060467,
                -0.07698569740970562,
                0.5
            ],
            "radius": 0.044194144146582195,
            "heigth": 0.26931560273760624
        },
        {
            "position": [
                1.0552168093484386,
                -0.24059572494609394,
                0.5
            ],
            "radius": 0.027612794128675275,
            "heigth": 0.27650901372291403
        },
        {
            "position": [
                1.194373430749705,
                0.247079755469519,
                0.5
            ],
            "radius": 0.04856289504823948,
            "heigth": 0.45824875636248746
        }
    ],
    "target": [
        [
            1.0,
            0.0,
            0.0,
            1.1534894704818726
        ],
        [
            0.0,
            -0.9999999999999961,
            -8.742277974564334e-08,
            -0.001123561873100698
        ],
        [
            0.0,
            8.742277974564332e-08,
            -0.9999999999999961,
            0.6583824157714844
        ],
        [
            0.0,
            0.0,
            0.0,
            1.0
        ]
    ],
    "robot_base": [
        [
            1.0,
            0.0,
            0.0,
            0.0
        ],
        [
            0.0,
            1.0,
            0.0,
            -0.07606657985258847
        ],
        [
            0.0,
            0.0,
            1.0,
            0.0
        ],
        [
            0.0,
            0.0,
            0.0,
            1.0
        ]
    ]
}