{
    "cubes": [
        {
            "position": [
                1.5,
                0.0,
                0.49124067064464644
            ],
            "scale": [
                0.5,
                2.0,
                0.03
            ]
        }
    ],
    "cylinders": [
        {
            "position": [
                1.0266723225958332,
                0.1417907949579426,
                0.5
            ],
            "radius": 0.04514816703343634,
            "heigth": 0.1646713755097469
        },
        {
            "position": [
                1.106796902471751,
                -0.2253764065498885,
                0.5
            ],
            "radius": 0.03502532318274927,
            "heigth": 0.2339010769060443
        },
        {
            "position": [
                1.1630322114959148,
                -0.08500189258124785,
                0.5
            ],
            "radius": 0.03940759958862301,
            "heigth": 0.12521513035275478
        },
        {
            "position": [
                1.0403324248929755,
                -0.20042168173405517,
                0.5
            ],
            "radius": 0.041107172005046475,
            "heigth": 0.15731899454588444
        }
    ],
    "target": [
        [
            1.0,
            0.0,
            0.0,
            1.1534894704818726
        ],
        [
            0.0,
            -0.9999999999999961,
            -8.742277974564334e-08,
            -0.001123561873100698
        ],
        [
            0.0,
            8.742277974564332e-08,
            -0.9999999999999961,
            0.6583824157714844
        ],
        [
            0.0,
            0.0,
            0.0,
            1.0
        ]
    ],
    "robot_base": [
        [
            1.0,
            0.0,
            0.0,
            0.0
        ],
        [
            0.0,
            1.0,
            0.0,
            0.024200949685364348
        ],
        [
            0.0,
            0.0,
            1.0,
            0.0
        ],
        [
            0.0,
            0.0,
            0.0,
            1.0
        ]
    ]
}