{
    "cubes": [
        {
            "position": [
                1.5,
                0.0,
                0.4924895929837537
            ],
            "scale": [
                0.5,
                2.0,
                0.03
            ]
        }
    ],
    "cylinders": [
        {
            "position": [
                1.0326008158422995,
                0.013939649803680454,
                0.5
            ],
            "radius": 0.07339372234748183,
            "heigth": 0.15733894321295752
        },
        {
            "position": [
                1.1420849492729936,
                0.20614564836344368,
                0.5
            ],
            "radius": 0.02075817942180743,
            "heigth": 0.31854727791727955
        },
        {
            "position": [
                1.0041132490362248,
                -0.09588092175213242,
                0.5
            ],
            "radius": 0.06993552727027771,
            "heigth": 0.3995232754368632
        },
        {
            "position": [
                1.0525151525397283,
                -0.16001886902170276,
                0.5
            ],
            "radius": 0.05598620183917,
            "heigth": 0.46840883275183537
        }
    ],
    "target": [
        [
            1.0,
            0.0,
            0.0,
            1.1534894704818726
        ],
        [
            0.0,
            -0.9999999999999961,
            -8.742277974564334e-08,
            -0.001123561873100698
        ],
        [
            0.0,
            8.742277974564332e-08,
            -0.9999999999999961,
            0.6583824157714844
        ],
        [
            0.0,
            0.0,
            0.0,
            1.0
        ]
    ],
    "robot_base": [
        [
            1.0,
            0.0,
            0.0,
            0.0
        ],
        [
            0.0,
            1.0,
            0.0,
            -0.21805776852824443
        ],
        [
            0.0,
            0.0,
            1.0,
            0.0
        ],
        [
            0.0,
            0.0,
            0.0,
            1.0
        ]
    ]
}