{
    "cubes": [
        {
            "position": [
                1.5,
                0.0,
                0.5147115073604218
            ],
            "scale": [
                0.5,
                2.0,
                0.03
            ]
        }
    ],
    "cylinders": [
        {
            "position": [
                1.0856445023742334,
                0.1719143964594015,
                0.5
            ],
            "radius": 0.04306870183966051,
            "heigth": 0.4897306324535923
        },
        {
            "position": [
                1.101190272259384,
                0.1764809327085312,
                0.5
            ],
            "radius": 0.0534630611637934,
            "heigth": 0.24376106528120178
        },
        {
            "position": [
                1.0530460132758979,
                0.022560358913996215,
                0.5
            ],
            "radius": 0.04511528219420081,
            "heigth": 0.18318934559879851
        },
        {
            "position": [
                1.057426040722939,
                -0.08115222413891526,
                0.5
            ],
            "radius": 0.035823210903168354,
            "heigth": 0.2122888430563228
        }
    ],
    "target": [
        [
            1.0,
            0.0,
            0.0,
            1.1534894704818726
        ],
        [
            0.0,
            -0.9999999999999961,
            -8.742277974564334e-08,
            -0.001123561873100698
        ],
        [
            0.0,
            8.742277974564332e-08,
            -0.9999999999999961,
            0.6583824157714844
        ],
        [
            0.0,
            0.0,
            0.0,
            1.0
        ]
    ],
    "robot_base": [
        [
            1.0,
            0.0,
            0.0,
            0.0
        ],
        [
            0.0,
            1.0,
            0.0,
            0.09097759672995542
        ],
        [
            0.0,
            0.0,
            1.0,
            0.0
        ],
        [
            0.0,
            0.0,
            0.0,
            1.0
        ]
    ]
}