{
    "cubes": [
        {
            "position": [
                1.5,
                0.0,
                0.5500196022722331
            ],
            "scale": [
                0.5,
                2.0,
                0.03
            ]
        }
    ],
    "cylinders": [
        {
            "position": [
                1.0264682768701265,
                -0.1344900959372612,
                0.5
            ],
            "radius": 0.05585026588192799,
            "heigth": 0.3749757616895527
        },
        {
            "position": [
                1.0288925609522384,
                0.11347783426989039,
                0.5
            ],
            "radius": 0.07402831347903341,
            "heigth": 0.14905967157593272
        },
        {
            "position": [
                1.179764599988013,
                0.08442327464342714,
                0.5
            ],
            "radius": 0.0371067891141955,
            "heigth": 0.11193281445956463
        },
        {
            "position": [
                1.0646082260542153,
                0.03192294652232586,
                0.5
            ],
            "radius": 0.07585627502422584,
            "heigth": 0.10267150513652486
        }
    ],
    "target": [
        [
            1.0,
            0.0,
            0.0,
            1.1534894704818726
        ],
        [
            0.0,
            -0.9999999999999961,
            -8.742277974564334e-08,
            -0.001123561873100698
        ],
        [
            0.0,
            8.742277974564332e-08,
            -0.9999999999999961,
            0.6583824157714844
        ],
        [
            0.0,
            0.0,
            0.0,
            1.0
        ]
    ],
    "robot_base": [
        [
            1.0,
            0.0,
            0.0,
            0.0
        ],
        [
            0.0,
            1.0,
            0.0,
            -0.05507281654658225
        ],
        [
            0.0,
            0.0,
            1.0,
            0.0
        ],
        [
            0.0,
            0.0,
            0.0,
            1.0
        ]
    ]
}