{
    "cubes": [
        {
            "position": [
                1.5,
                0.0,
                0.4959393300326169
            ],
            "scale": [
                0.5,
                2.0,
                0.03
            ]
        }
    ],
    "cylinders": [
        {
            "position": [
                1.1594833716141923,
                -0.21869939826719986,
                0.5
            ],
            "radius": 0.05333483690632103,
            "heigth": 0.11340952660767159
        },
        {
            "position": [
                1.1238275796696986,
                -0.19305420228034004,
                0.5
            ],
            "radius": 0.07044672999205936,
            "heigth": 0.31206480183231255
        },
        {
            "position": [
                1.0293694115471363,
                -0.05183133267318879,
                0.5
            ],
            "radius": 0.06250898250064418,
            "heigth": 0.24214375452874404
        },
        {
            "position": [
                1.0972288961211207,
                0.18427063288427642,
                0.5
            ],
            "radius": 0.05332046569456716,
            "heigth": 0.38348200015786144
        }
    ],
    "target": [
        [
            1.0,
            0.0,
            0.0,
            1.1534894704818726
        ],
        [
            0.0,
            -0.9999999999999961,
            -8.742277974564334e-08,
            -0.001123561873100698
        ],
        [
            0.0,
            8.742277974564332e-08,
            -0.9999999999999961,
            0.6583824157714844
        ],
        [
            0.0,
            0.0,
            0.0,
            1.0
        ]
    ],
    "robot_base": [
        [
            1.0,
            0.0,
            0.0,
            0.0
        ],
        [
            0.0,
            1.0,
            0.0,
            -0.00027705508895192743
        ],
        [
            0.0,
            0.0,
            1.0,
            0.0
        ],
        [
            0.0,
            0.0,
            0.0,
            1.0
        ]
    ]
}