{
    "cubes": [
        {
            "position": [
                1.5,
                0.0,
                0.4330468718931394
            ],
            "scale": [
                0.5,
                2.0,
                0.03
            ]
        }
    ],
    "cylinders": [
        {
            "position": [
                1.0444664701166635,
                -0.15266198247539886,
                0.5
            ],
            "radius": 0.03228440944887664,
            "heigth": 0.4252173657754351
        },
        {
            "position": [
                1.048143379872545,
                -0.04594018140773232,
                0.5
            ],
            "radius": 0.060584250414375415,
            "heigth": 0.24765456876475297
        },
        {
            "position": [
                1.0569871711644447,
                0.21519105991010684,
                0.5
            ],
            "radius": 0.04142428205124578,
            "heigth": 0.27902171885002325
        },
        {
            "position": [
                1.1492694043279728,
                0.18792222907630418,
                0.5
            ],
            "radius": 0.07651099175455353,
            "heigth": 0.10996398806703633
        }
    ],
    "target": [
        [
            1.0,
            0.0,
            0.0,
            1.1534894704818726
        ],
        [
            0.0,
            -0.9999999999999961,
            -8.742277974564334e-08,
            -0.001123561873100698
        ],
        [
            0.0,
            8.742277974564332e-08,
            -0.9999999999999961,
            0.6583824157714844
        ],
        [
            0.0,
            0.0,
            0.0,
            1.0
        ]
    ],
    "robot_base": [
        [
            1.0,
            0.0,
            0.0,
            0.0
        ],
        [
            0.0,
            1.0,
            0.0,
            0.47550758226102485
        ],
        [
            0.0,
            0.0,
            1.0,
            0.0
        ],
        [
            0.0,
            0.0,
            0.0,
            1.0
        ]
    ]
}