{
    "cubes": [
        {
            "position": [
                1.5,
                0.0,
                0.448899780493237
            ],
            "scale": [
                0.5,
                2.0,
                0.03
            ]
        }
    ],
    "cylinders": [
        {
            "position": [
                1.0968768966063376,
                -0.19639862475832742,
                0.5
            ],
            "radius": 0.043557433268404264,
            "heigth": 0.3487276790869709
        },
        {
            "position": [
                1.0386414018033177,
                -0.022945149095843387,
                0.5
            ],
            "radius": 0.034358435411340205,
            "heigth": 0.24951052772213073
        },
        {
            "position": [
                1.0406066920789374,
                0.0975788051113145,
                0.5
            ],
            "radius": 0.06925138544376722,
            "heigth": 0.17244807462057765
        },
        {
            "position": [
                1.0752525004008753,
                -0.14581357426337554,
                0.5
            ],
            "radius": 0.02912693650352581,
            "heigth": 0.13447114073881666
        }
    ],
    "target": [
        [
            1.0,
            0.0,
            0.0,
            1.1534894704818726
        ],
        [
            0.0,
            -0.9999999999999961,
            -8.742277974564334e-08,
            -0.001123561873100698
        ],
        [
            0.0,
            8.742277974564332e-08,
            -0.9999999999999961,
            0.6583824157714844
        ],
        [
            0.0,
            0.0,
            0.0,
            1.0
        ]
    ],
    "robot_base": [
        [
            1.0,
            0.0,
            0.0,
            0.0
        ],
        [
            0.0,
            1.0,
            0.0,
            0.18434901342481025
        ],
        [
            0.0,
            0.0,
            1.0,
            0.0
        ],
        [
            0.0,
            0.0,
            0.0,
            1.0
        ]
    ]
}