{
    "cubes": [
        {
            "position": [
                1.5,
                0.0,
                0.45495117575028543
            ],
            "scale": [
                0.5,
                2.0,
                0.03
            ]
        }
    ],
    "cylinders": [
        {
            "position": [
                1.0643013926032716,
                -0.2249278670066241,
                0.5
            ],
            "radius": 0.06354039003719639,
            "heigth": 0.27125469570957866
        },
        {
            "position": [
                1.1113931373013919,
                0.1762787525848471,
                0.5
            ],
            "radius": 0.045721086907659025,
            "heigth": 0.38774194862331957
        },
        {
            "position": [
                1.0987747712715286,
                0.18270126202657633,
                0.5
            ],
            "radius": 0.0645202721268365,
            "heigth": 0.2198491901119744
        },
        {
            "position": [
                1.0938972328474255,
                0.19702891066107803,
                0.5
            ],
            "radius": 0.0769548761873471,
            "heigth": 0.16639009250853667
        }
    ],
    "target": [
        [
            1.0,
            0.0,
            0.0,
            1.1534894704818726
        ],
        [
            0.0,
            -0.9999999999999961,
            -8.742277974564334e-08,
            -0.001123561873100698
        ],
        [
            0.0,
            8.742277974564332e-08,
            -0.9999999999999961,
            0.6583824157714844
        ],
        [
            0.0,
            0.0,
            0.0,
            1.0
        ]
    ],
    "robot_base": [
        [
            1.0,
            0.0,
            0.0,
            0.0
        ],
        [
            0.0,
            1.0,
            0.0,
            0.2790263446892586
        ],
        [
            0.0,
            0.0,
            1.0,
            0.0
        ],
        [
            0.0,
            0.0,
            0.0,
            1.0
        ]
    ]
}