{
    "cubes": [
        {
            "position": [
                1.5,
                0.0,
                0.5558530591435296
            ],
            "scale": [
                0.5,
                2.0,
                0.03
            ]
        }
    ],
    "cylinders": [
        {
            "position": [
                1.170153454682946,
                0.23834764090653382,
                0.5
            ],
            "radius": 0.0716879622535326,
            "heigth": 0.4146243857755283
        },
        {
            "position": [
                1.0216871435587542,
                -0.14888019062029006,
                0.5
            ],
            "radius": 0.025214405580737436,
            "heigth": 0.3006834919995316
        },
        {
            "position": [
                1.0048001243360876,
                -0.08329620462686965,
                0.5
            ],
            "radius": 0.05447388120573429,
            "heigth": 0.3237454976675329
        },
        {
            "position": [
                1.1238771052126189,
                -0.1915109864299595,
                0.5
            ],
            "radius": 0.07101106182613767,
            "heigth": 0.1404449727615587
        }
    ],
    "target": [
        [
            1.0,
            0.0,
            0.0,
            1.1534894704818726
        ],
        [
            0.0,
            -0.9999999999999961,
            -8.742277974564334e-08,
            -0.001123561873100698
        ],
        [
            0.0,
            8.742277974564332e-08,
            -0.9999999999999961,
            0.6583824157714844
        ],
        [
            0.0,
            0.0,
            0.0,
            1.0
        ]
    ],
    "robot_base": [
        [
            1.0,
            0.0,
            0.0,
            0.0
        ],
        [
            0.0,
            1.0,
            0.0,
            0.3906062212095406
        ],
        [
            0.0,
            0.0,
            1.0,
            0.0
        ],
        [
            0.0,
            0.0,
            0.0,
            1.0
        ]
    ]
}