{
    "cubes": [
        {
            "position": [
                1.5,
                0.0,
                0.4333065266839661
            ],
            "scale": [
                0.5,
                2.0,
                0.03
            ]
        }
    ],
    "cylinders": [
        {
            "position": [
                1.0436951207730496,
                0.24397026986566767,
                0.5
            ],
            "radius": 0.0366387007805684,
            "heigth": 0.2926872743999198
        },
        {
            "position": [
                1.0281373326247571,
                -0.08528152104496906,
                0.5
            ],
            "radius": 0.02930280753960267,
            "heigth": 0.48332849867098676
        },
        {
            "position": [
                1.1385970167076156,
                0.18577751831110506,
                0.5
            ],
            "radius": 0.04436946206849909,
            "heigth": 0.40994313583632513
        },
        {
            "position": [
                1.0585580366307568,
                0.031015278171738048,
                0.5
            ],
            "radius": 0.020850123640473735,
            "heigth": 0.1318864350767967
        }
    ],
    "target": [
        [
            1.0,
            0.0,
            0.0,
            1.1534894704818726
        ],
        [
            0.0,
            -0.9999999999999961,
            -8.742277974564334e-08,
            -0.001123561873100698
        ],
        [
            0.0,
            8.742277974564332e-08,
            -0.9999999999999961,
            0.6583824157714844
        ],
        [
            0.0,
            0.0,
            0.0,
            1.0
        ]
    ],
    "robot_base": [
        [
            1.0,
            0.0,
            0.0,
            0.0
        ],
        [
            0.0,
            1.0,
            0.0,
            0.4698501835210356
        ],
        [
            0.0,
            0.0,
            1.0,
            0.0
        ],
        [
            0.0,
            0.0,
            0.0,
            1.0
        ]
    ]
}