{
    "cubes": [
        {
            "position": [
                1.5,
                0.0,
                0.4028111585298812
            ],
            "scale": [
                0.5,
                2.0,
                0.03
            ]
        }
    ],
    "cylinders": [
        {
            "position": [
                1.0454955872886216,
                -0.06879899264053213,
                0.5
            ],
            "radius": 0.0531975427724203,
            "heigth": 0.30330535946648735
        },
        {
            "position": [
                1.1981472827608552,
                -0.13849321352130162,
                0.5
            ],
            "radius": 0.045930406335646955,
            "heigth": 0.16071864966827126
        },
        {
            "position": [
                1.0695594930304795,
                -0.13129937431317124,
                0.5
            ],
            "radius": 0.02022353860060608,
            "heigth": 0.15309213485097184
        },
        {
            "position": [
                1.063528870234637,
                -0.16737692472901033,
                0.5
            ],
            "radius": 0.06030038544862647,
            "heigth": 0.4473563542559855
        }
    ],
    "target": [
        [
            1.0,
            0.0,
            0.0,
            1.1534894704818726
        ],
        [
            0.0,
            -0.9999999999999961,
            -8.742277974564334e-08,
            -0.001123561873100698
        ],
        [
            0.0,
            8.742277974564332e-08,
            -0.9999999999999961,
            0.6583824157714844
        ],
        [
            0.0,
            0.0,
            0.0,
            1.0
        ]
    ],
    "robot_base": [
        [
            1.0,
            0.0,
            0.0,
            0.0
        ],
        [
            0.0,
            1.0,
            0.0,
            0.21132079019365602
        ],
        [
            0.0,
            0.0,
            1.0,
            0.0
        ],
        [
            0.0,
            0.0,
            0.0,
            1.0
        ]
    ]
}