{
    "cubes": [
        {
            "position": [
                1.5,
                0.0,
                0.46802599866170136
            ],
            "scale": [
                0.5,
                2.0,
                0.03
            ]
        }
    ],
    "cylinders": [
        {
            "position": [
                1.0079528213023936,
                -0.24210535850644793,
                0.5
            ],
            "radius": 0.07058452852978167,
            "heigth": 0.13202257711333873
        },
        {
            "position": [
                1.1169419887687153,
                -0.2216588305271629,
                0.5
            ],
            "radius": 0.04225869063676503,
            "heigth": 0.2782762129631422
        },
        {
            "position": [
                1.0131034006867539,
                -0.24853355897999152,
                0.5
            ],
            "radius": 0.05835075924344019,
            "heigth": 0.4466920437491905
        },
        {
            "position": [
                1.0463005706580613,
                -0.08552082555263618,
                0.5
            ],
            "radius": 0.047067140359291916,
            "heigth": 0.45484554478453837
        }
    ],
    "target": [
        [
            1.0,
            0.0,
            0.0,
            1.1534894704818726
        ],
        [
            0.0,
            -0.9999999999999961,
            -8.742277974564334e-08,
            -0.001123561873100698
        ],
        [
            0.0,
            8.742277974564332e-08,
            -0.9999999999999961,
            0.6583824157714844
        ],
        [
            0.0,
            0.0,
            0.0,
            1.0
        ]
    ],
    "robot_base": [
        [
            1.0,
            0.0,
            0.0,
            0.0
        ],
        [
            0.0,
            1.0,
            0.0,
            0.4290212903310924
        ],
        [
            0.0,
            0.0,
            1.0,
            0.0
        ],
        [
            0.0,
            0.0,
            0.0,
            1.0
        ]
    ]
}