{
    "cubes": [
        {
            "position": [
                1.5,
                0.0,
                0.4938040506291664
            ],
            "scale": [
                0.5,
                2.0,
                0.03
            ]
        }
    ],
    "cylinders": [
        {
            "position": [
                1.1106181088825775,
                0.2166810078596078,
                0.5
            ],
            "radius": 0.038560020465965864,
            "heigth": 0.12228368059157654
        },
        {
            "position": [
                1.0084801173443876,
                -0.24085924000643316,
                0.5
            ],
            "radius": 0.031375232017508074,
            "heigth": 0.3999939509535817
        },
        {
            "position": [
                1.0446521680951464,
                0.011284203636104606,
                0.5
            ],
            "radius": 0.0367121328022296,
            "heigth": 0.23716187766272676
        },
        {
            "position": [
                1.0564533716717401,
                -0.13968182960753073,
                0.5
            ],
            "radius": 0.02428884645475217,
            "heigth": 0.1022304115073864
        }
    ],
    "target": [
        [
            1.0,
            0.0,
            0.0,
            1.1534894704818726
        ],
        [
            0.0,
            -0.9999999999999961,
            -8.742277974564334e-08,
            -0.001123561873100698
        ],
        [
            0.0,
            8.742277974564332e-08,
            -0.9999999999999961,
            0.6583824157714844
        ],
        [
            0.0,
            0.0,
            0.0,
            1.0
        ]
    ],
    "robot_base": [
        [
            1.0,
            0.0,
            0.0,
            0.0
        ],
        [
            0.0,
            1.0,
            0.0,
            0.465466368148996
        ],
        [
            0.0,
            0.0,
            1.0,
            0.0
        ],
        [
            0.0,
            0.0,
            0.0,
            1.0
        ]
    ]
}