{
    "cubes": [
        {
            "position": [
                1.5,
                0.0,
                0.5277460081571194
            ],
            "scale": [
                0.5,
                2.0,
                0.03
            ]
        }
    ],
    "cylinders": [
        {
            "position": [
                1.0505373697543494,
                -0.24896824159075082,
                0.5
            ],
            "radius": 0.022327937251078348,
            "heigth": 0.47568313851211785
        },
        {
            "position": [
                1.1685121568417178,
                0.050387931628753824,
                0.5
            ],
            "radius": 0.06711415306904281,
            "heigth": 0.10601294945600348
        },
        {
            "position": [
                1.0022675591716683,
                -0.06416458610043163,
                0.5
            ],
            "radius": 0.07314850594266692,
            "heigth": 0.39914466680801886
        },
        {
            "position": [
                1.017128971921212,
                0.15296625048486606,
                0.5
            ],
            "radius": 0.05404836588646124,
            "heigth": 0.154203203959717
        }
    ],
    "target": [
        [
            1.0,
            0.0,
            0.0,
            1.1534894704818726
        ],
        [
            0.0,
            -0.9999999999999961,
            -8.742277974564334e-08,
            -0.001123561873100698
        ],
        [
            0.0,
            8.742277974564332e-08,
            -0.9999999999999961,
            0.6583824157714844
        ],
        [
            0.0,
            0.0,
            0.0,
            1.0
        ]
    ],
    "robot_base": [
        [
            1.0,
            0.0,
            0.0,
            0.0
        ],
        [
            0.0,
            1.0,
            0.0,
            -0.2712513337847551
        ],
        [
            0.0,
            0.0,
            1.0,
            0.0
        ],
        [
            0.0,
            0.0,
            0.0,
            1.0
        ]
    ]
}