{
    "cubes": [
        {
            "position": [
                1.5,
                0.0,
                0.41352608045147976
            ],
            "scale": [
                0.5,
                2.0,
                0.03
            ]
        }
    ],
    "cylinders": [
        {
            "position": [
                1.0474640092604053,
                -0.23126030103136985,
                0.5
            ],
            "radius": 0.04257505574952919,
            "heigth": 0.19108071960362544
        },
        {
            "position": [
                1.152748213489881,
                -0.11616299597272772,
                0.5
            ],
            "radius": 0.05819395271563874,
            "heigth": 0.13774770326108293
        },
        {
            "position": [
                1.103691516320478,
                0.015090202520330609,
                0.5
            ],
            "radius": 0.027424033016077345,
            "heigth": 0.1333953475977575
        },
        {
            "position": [
                1.1975149419525497,
                0.1592478262093045,
                0.5
            ],
            "radius": 0.07751076814289304,
            "heigth": 0.16182882309127902
        }
    ],
    "target": [
        [
            1.0,
            0.0,
            0.0,
            1.1534894704818726
        ],
        [
            0.0,
            -0.9999999999999961,
            -8.742277974564334e-08,
            -0.001123561873100698
        ],
        [
            0.0,
            8.742277974564332e-08,
            -0.9999999999999961,
            0.6583824157714844
        ],
        [
            0.0,
            0.0,
            0.0,
            1.0
        ]
    ],
    "robot_base": [
        [
            1.0,
            0.0,
            0.0,
            0.0
        ],
        [
            0.0,
            1.0,
            0.0,
            0.31455074042982556
        ],
        [
            0.0,
            0.0,
            1.0,
            0.0
        ],
        [
            0.0,
            0.0,
            0.0,
            1.0
        ]
    ]
}