{
    "cubes": [
        {
            "position": [
                1.5,
                0.0,
                0.5540566349707033
            ],
            "scale": [
                0.5,
                2.0,
                0.03
            ]
        }
    ],
    "cylinders": [
        {
            "position": [
                1.0297109742110562,
                0.13650975925473463,
                0.5
            ],
            "radius": 0.07046448523395345,
            "heigth": 0.22987142947088887
        },
        {
            "position": [
                1.1386834791777676,
                -0.14307339803800467,
                0.5
            ],
            "radius": 0.026023958458821876,
            "heigth": 0.11295511471112755
        },
        {
            "position": [
                1.1606743762563065,
                0.24938238061756918,
                0.5
            ],
            "radius": 0.07350980967647783,
            "heigth": 0.3348708360239747
        },
        {
            "position": [
                1.0449484542611769,
                0.24455717429599144,
                0.5
            ],
            "radius": 0.07051239752854246,
            "heigth": 0.24306496789056936
        }
    ],
    "target": [
        [
            1.0,
            0.0,
            0.0,
            1.1534894704818726
        ],
        [
            0.0,
            -0.9999999999999961,
            -8.742277974564334e-08,
            -0.001123561873100698
        ],
        [
            0.0,
            8.742277974564332e-08,
            -0.9999999999999961,
            0.6583824157714844
        ],
        [
            0.0,
            0.0,
            0.0,
            1.0
        ]
    ],
    "robot_base": [
        [
            1.0,
            0.0,
            0.0,
            0.0
        ],
        [
            0.0,
            1.0,
            0.0,
            0.471905422809086
        ],
        [
            0.0,
            0.0,
            1.0,
            0.0
        ],
        [
            0.0,
            0.0,
            0.0,
            1.0
        ]
    ]
}