{
    "cubes": [
        {
            "position": [
                1.5,
                0.0,
                0.5881983120089458
            ],
            "scale": [
                0.5,
                2.0,
                0.03
            ]
        }
    ],
    "cylinders": [
        {
            "position": [
                1.1732723873632378,
                -0.19368144885216004,
                0.5
            ],
            "radius": 0.050044542120455726,
            "heigth": 0.23172723180484972
        },
        {
            "position": [
                1.123938803567608,
                -0.025108750406622415,
                0.5
            ],
            "radius": 0.02874602026811677,
            "heigth": 0.10828723880545994
        },
        {
            "position": [
                1.0186168280998236,
                0.217357245996748,
                0.5
            ],
            "radius": 0.02360320230361399,
            "heigth": 0.30700773308079665
        },
        {
            "position": [
                1.1629880963166501,
                0.1828918175337731,
                0.5
            ],
            "radius": 0.05422067483347951,
            "heigth": 0.2598251082949858
        }
    ],
    "target": [
        [
            1.0,
            0.0,
            0.0,
            1.1534894704818726
        ],
        [
            0.0,
            -0.9999999999999961,
            -8.742277974564334e-08,
            -0.001123561873100698
        ],
        [
            0.0,
            8.742277974564332e-08,
            -0.9999999999999961,
            0.6583824157714844
        ],
        [
            0.0,
            0.0,
            0.0,
            1.0
        ]
    ],
    "robot_base": [
        [
            1.0,
            0.0,
            0.0,
            0.0
        ],
        [
            0.0,
            1.0,
            0.0,
            0.01558576465413386
        ],
        [
            0.0,
            0.0,
            1.0,
            0.0
        ],
        [
            0.0,
            0.0,
            0.0,
            1.0
        ]
    ]
}