{
    "cubes": [
        {
            "position": [
                1.5,
                0.0,
                0.42878667286046956
            ],
            "scale": [
                0.5,
                2.0,
                0.03
            ]
        }
    ],
    "cylinders": [
        {
            "position": [
                1.0815407711618363,
                -0.19643519476467347,
                0.5
            ],
            "radius": 0.06101382583680748,
            "heigth": 0.3931920805060189
        },
        {
            "position": [
                1.0620647213258896,
                -0.1350117792056722,
                0.5
            ],
            "radius": 0.05542498084728112,
            "heigth": 0.11535038704024354
        },
        {
            "position": [
                1.0850350534072808,
                -0.21194197703433665,
                0.5
            ],
            "radius": 0.07305376341489865,
            "heigth": 0.1309321222238329
        },
        {
            "position": [
                1.163436565902544,
                -0.17765323579608155,
                0.5
            ],
            "radius": 0.06740136883063652,
            "heigth": 0.13119379121893854
        }
    ],
    "target": [
        [
            1.0,
            0.0,
            0.0,
            1.1534894704818726
        ],
        [
            0.0,
            -0.9999999999999961,
            -8.742277974564334e-08,
            -0.001123561873100698
        ],
        [
            0.0,
            8.742277974564332e-08,
            -0.9999999999999961,
            0.6583824157714844
        ],
        [
            0.0,
            0.0,
            0.0,
            1.0
        ]
    ],
    "robot_base": [
        [
            1.0,
            0.0,
            0.0,
            0.0
        ],
        [
            0.0,
            1.0,
            0.0,
            -0.3911600212186179
        ],
        [
            0.0,
            0.0,
            1.0,
            0.0
        ],
        [
            0.0,
            0.0,
            0.0,
            1.0
        ]
    ]
}