{
    "cubes": [
        {
            "position": [
                1.5,
                0.0,
                0.5575454489145902
            ],
            "scale": [
                0.5,
                2.0,
                0.03
            ]
        }
    ],
    "cylinders": [
        {
            "position": [
                1.0154655186377601,
                -0.030155522456197126,
                0.5
            ],
            "radius": 0.05060969049455513,
            "heigth": 0.17622972101869208
        },
        {
            "position": [
                1.065863997268412,
                -0.24645302042365297,
                0.5
            ],
            "radius": 0.035704128753874007,
            "heigth": 0.17416767969191738
        },
        {
            "position": [
                1.0068308659516596,
                -0.08500796527599314,
                0.5
            ],
            "radius": 0.023098350964452202,
            "heigth": 0.3323023888905777
        },
        {
            "position": [
                1.1014964835489478,
                0.192639980243631,
                0.5
            ],
            "radius": 0.07243859207928738,
            "heigth": 0.2994921253626585
        }
    ],
    "target": [
        [
            1.0,
            0.0,
            0.0,
            1.1534894704818726
        ],
        [
            0.0,
            -0.9999999999999961,
            -8.742277974564334e-08,
            -0.001123561873100698
        ],
        [
            0.0,
            8.742277974564332e-08,
            -0.9999999999999961,
            0.6583824157714844
        ],
        [
            0.0,
            0.0,
            0.0,
            1.0
        ]
    ],
    "robot_base": [
        [
            1.0,
            0.0,
            0.0,
            0.0
        ],
        [
            0.0,
            1.0,
            0.0,
            0.21586576263494484
        ],
        [
            0.0,
            0.0,
            1.0,
            0.0
        ],
        [
            0.0,
            0.0,
            0.0,
            1.0
        ]
    ]
}