{
    "cubes": [
        {
            "position": [
                1.5,
                0.0,
                0.46907858933153157
            ],
            "scale": [
                0.5,
                2.0,
                0.03
            ]
        }
    ],
    "cylinders": [
        {
            "position": [
                1.1001078154985444,
                -0.18410696325728088,
                0.5
            ],
            "radius": 0.04505493039923235,
            "heigth": 0.36721759970885154
        },
        {
            "position": [
                1.0874464725636355,
                -0.22198964111987113,
                0.5
            ],
            "radius": 0.07805920400098923,
            "heigth": 0.48834149131024984
        },
        {
            "position": [
                1.1152479640972959,
                -0.2152539815231574,
                0.5
            ],
            "radius": 0.03448176796065794,
            "heigth": 0.41893284489799976
        },
        {
            "position": [
                1.0305357482624569,
                -0.015260275385131084,
                0.5
            ],
            "radius": 0.0447529460959515,
            "heigth": 0.13797578720140458
        }
    ],
    "target": [
        [
            1.0,
            0.0,
            0.0,
            1.1534894704818726
        ],
        [
            0.0,
            -0.9999999999999961,
            -8.742277974564334e-08,
            -0.001123561873100698
        ],
        [
            0.0,
            8.742277974564332e-08,
            -0.9999999999999961,
            0.6583824157714844
        ],
        [
            0.0,
            0.0,
            0.0,
            1.0
        ]
    ],
    "robot_base": [
        [
            1.0,
            0.0,
            0.0,
            0.0
        ],
        [
            0.0,
            1.0,
            0.0,
            0.2645233608682339
        ],
        [
            0.0,
            0.0,
            1.0,
            0.0
        ],
        [
            0.0,
            0.0,
            0.0,
            1.0
        ]
    ]
}