{
    "cubes": [
        {
            "position": [
                1.5,
                0.0,
                0.5812380797224691
            ],
            "scale": [
                0.5,
                2.0,
                0.03
            ]
        }
    ],
    "cylinders": [
        {
            "position": [
                1.101436415347679,
                0.03744259748210066,
                0.5
            ],
            "radius": 0.038031636263867546,
            "heigth": 0.13519915232691254
        },
        {
            "position": [
                1.0939094775388365,
                0.19477454385627946,
                0.5
            ],
            "radius": 0.040397672486083266,
            "heigth": 0.3474408424642633
        },
        {
            "position": [
                1.0096638158935545,
                0.1261400295969865,
                0.5
            ],
            "radius": 0.07954466867465848,
            "heigth": 0.10857613810083959
        },
        {
            "position": [
                1.0342909275329184,
                0.2187941500319887,
                0.5
            ],
            "radius": 0.029622415347998053,
            "heigth": 0.4654655647600154
        }
    ],
    "target": [
        [
            1.0,
            0.0,
            0.0,
            1.1534894704818726
        ],
        [
            0.0,
            -0.9999999999999961,
            -8.742277974564334e-08,
            -0.001123561873100698
        ],
        [
            0.0,
            8.742277974564332e-08,
            -0.9999999999999961,
            0.6583824157714844
        ],
        [
            0.0,
            0.0,
            0.0,
            1.0
        ]
    ],
    "robot_base": [
        [
            1.0,
            0.0,
            0.0,
            0.0
        ],
        [
            0.0,
            1.0,
            0.0,
            -0.0007700563903513258
        ],
        [
            0.0,
            0.0,
            1.0,
            0.0
        ],
        [
            0.0,
            0.0,
            0.0,
            1.0
        ]
    ]
}