{
    "cubes": [
        {
            "position": [
                1.5,
                0.0,
                0.5706540422260395
            ],
            "scale": [
                0.5,
                2.0,
                0.03
            ]
        }
    ],
    "cylinders": [
        {
            "position": [
                1.0473371096617856,
                -0.03480324099089427,
                0.5
            ],
            "radius": 0.06433403703645715,
            "heigth": 0.1468603640092781
        },
        {
            "position": [
                1.176631762176272,
                -3.8018625833913244e-05,
                0.5
            ],
            "radius": 0.04840743553289613,
            "heigth": 0.12783132843659556
        },
        {
            "position": [
                1.0740518301402329,
                -0.18264413981297695,
                0.5
            ],
            "radius": 0.0683007458398984,
            "heigth": 0.2794647416725543
        },
        {
            "position": [
                1.1385185879852748,
                -0.16294933674417178,
                0.5
            ],
            "radius": 0.04121401897573844,
            "heigth": 0.14491808484253507
        }
    ],
    "target": [
        [
            1.0,
            0.0,
            0.0,
            1.1534894704818726
        ],
        [
            0.0,
            -0.9999999999999961,
            -8.742277974564334e-08,
            -0.001123561873100698
        ],
        [
            0.0,
            8.742277974564332e-08,
            -0.9999999999999961,
            0.6583824157714844
        ],
        [
            0.0,
            0.0,
            0.0,
            1.0
        ]
    ],
    "robot_base": [
        [
            1.0,
            0.0,
            0.0,
            0.0
        ],
        [
            0.0,
            1.0,
            0.0,
            -0.2229950211516587
        ],
        [
            0.0,
            0.0,
            1.0,
            0.0
        ],
        [
            0.0,
            0.0,
            0.0,
            1.0
        ]
    ]
}