{
    "cubes": [
        {
            "position": [
                1.5,
                0.0,
                0.5328551459877954
            ],
            "scale": [
                0.5,
                2.0,
                0.03
            ]
        }
    ],
    "cylinders": [
        {
            "position": [
                1.1801615252236348,
                0.19915241775297615,
                0.5
            ],
            "radius": 0.07986142484312456,
            "heigth": 0.16362521215233244
        },
        {
            "position": [
                1.031033418426211,
                0.20696807524267918,
                0.5
            ],
            "radius": 0.05286366850317549,
            "heigth": 0.2580459634478317
        },
        {
            "position": [
                1.1100305749702277,
                0.20417441876697606,
                0.5
            ],
            "radius": 0.04299752763045478,
            "heigth": 0.3532412055370159
        },
        {
            "position": [
                1.0465213530500084,
                0.23127260495395036,
                0.5
            ],
            "radius": 0.04679705534641393,
            "heigth": 0.11926045160448318
        }
    ],
    "target": [
        [
            1.0,
            0.0,
            0.0,
            1.1534894704818726
        ],
        [
            0.0,
            -0.9999999999999961,
            -8.742277974564334e-08,
            -0.001123561873100698
        ],
        [
            0.0,
            8.742277974564332e-08,
            -0.9999999999999961,
            0.6583824157714844
        ],
        [
            0.0,
            0.0,
            0.0,
            1.0
        ]
    ],
    "robot_base": [
        [
            1.0,
            0.0,
            0.0,
            0.0
        ],
        [
            0.0,
            1.0,
            0.0,
            0.09423265842821038
        ],
        [
            0.0,
            0.0,
            1.0,
            0.0
        ],
        [
            0.0,
            0.0,
            0.0,
            1.0
        ]
    ]
}