{
    "cubes": [
        {
            "position": [
                1.5,
                0.0,
                0.5108762265939444
            ],
            "scale": [
                0.5,
                2.0,
                0.03
            ]
        }
    ],
    "cylinders": [
        {
            "position": [
                1.0588894875735761,
                -0.08282473047098471,
                0.5
            ],
            "radius": 0.049910333091967685,
            "heigth": 0.13180549655368326
        },
        {
            "position": [
                1.1590043331709308,
                -0.21945648497037795,
                0.5
            ],
            "radius": 0.032788016167993816,
            "heigth": 0.15966865321850493
        },
        {
            "position": [
                1.0466425574084701,
                0.1905408519136611,
                0.5
            ],
            "radius": 0.03397907747147569,
            "heigth": 0.34333855859655926
        },
        {
            "position": [
                1.0601420315103027,
                -0.20271890235352952,
                0.5
            ],
            "radius": 0.06372397758297131,
            "heigth": 0.3605329079471195
        }
    ],
    "target": [
        [
            1.0,
            0.0,
            0.0,
            1.1534894704818726
        ],
        [
            0.0,
            -0.9999999999999961,
            -8.742277974564334e-08,
            -0.001123561873100698
        ],
        [
            0.0,
            8.742277974564332e-08,
            -0.9999999999999961,
            0.6583824157714844
        ],
        [
            0.0,
            0.0,
            0.0,
            1.0
        ]
    ],
    "robot_base": [
        [
            1.0,
            0.0,
            0.0,
            0.0
        ],
        [
            0.0,
            1.0,
            0.0,
            -0.06472353823434107
        ],
        [
            0.0,
            0.0,
            1.0,
            0.0
        ],
        [
            0.0,
            0.0,
            0.0,
            1.0
        ]
    ]
}