{
    "cubes": [
        {
            "position": [
                1.5,
                0.0,
                0.4899879349639711
            ],
            "scale": [
                0.5,
                2.0,
                0.03
            ]
        }
    ],
    "cylinders": [
        {
            "position": [
                1.16697398349487,
                -0.1555116661730952,
                0.5
            ],
            "radius": 0.027565325574955873,
            "heigth": 0.2697314013215643
        },
        {
            "position": [
                1.0436441370007847,
                0.12421034193928315,
                0.5
            ],
            "radius": 0.021370546886727196,
            "heigth": 0.16425911968395246
        },
        {
            "position": [
                1.192083893534343,
                0.09207220883679751,
                0.5
            ],
            "radius": 0.03292639737365984,
            "heigth": 0.10345947835971041
        },
        {
            "position": [
                1.06289634331274,
                0.14737670151444054,
                0.5
            ],
            "radius": 0.07601619936158514,
            "heigth": 0.1899863251451559
        }
    ],
    "target": [
        [
            1.0,
            0.0,
            0.0,
            1.1534894704818726
        ],
        [
            0.0,
            -0.9999999999999961,
            -8.742277974564334e-08,
            -0.001123561873100698
        ],
        [
            0.0,
            8.742277974564332e-08,
            -0.9999999999999961,
            0.6583824157714844
        ],
        [
            0.0,
            0.0,
            0.0,
            1.0
        ]
    ],
    "robot_base": [
        [
            1.0,
            0.0,
            0.0,
            0.0
        ],
        [
            0.0,
            1.0,
            0.0,
            0.13964369555804668
        ],
        [
            0.0,
            0.0,
            1.0,
            0.0
        ],
        [
            0.0,
            0.0,
            0.0,
            1.0
        ]
    ]
}