{
    "cubes": [
        {
            "position": [
                1.5,
                0.0,
                0.4801860215605495
            ],
            "scale": [
                0.5,
                2.0,
                0.03
            ]
        }
    ],
    "cylinders": [
        {
            "position": [
                1.0094003386951382,
                0.214259482011738,
                0.5
            ],
            "radius": 0.04042851408359928,
            "heigth": 0.10908323377399454
        },
        {
            "position": [
                1.0392292807997112,
                -0.19612118636264386,
                0.5
            ],
            "radius": 0.025135652154341645,
            "heigth": 0.33653182660328596
        },
        {
            "position": [
                1.1332159362012035,
                0.1902079672579795,
                0.5
            ],
            "radius": 0.04853132190456362,
            "heigth": 0.1635709374017446
        },
        {
            "position": [
                1.0675042924834806,
                0.23203470876492738,
                0.5
            ],
            "radius": 0.07291670737945305,
            "heigth": 0.26388445581380104
        }
    ],
    "target": [
        [
            1.0,
            0.0,
            0.0,
            1.1534894704818726
        ],
        [
            0.0,
            -0.9999999999999961,
            -8.742277974564334e-08,
            -0.001123561873100698
        ],
        [
            0.0,
            8.742277974564332e-08,
            -0.9999999999999961,
            0.6583824157714844
        ],
        [
            0.0,
            0.0,
            0.0,
            1.0
        ]
    ],
    "robot_base": [
        [
            1.0,
            0.0,
            0.0,
            0.0
        ],
        [
            0.0,
            1.0,
            0.0,
            -0.12156087366823642
        ],
        [
            0.0,
            0.0,
            1.0,
            0.0
        ],
        [
            0.0,
            0.0,
            0.0,
            1.0
        ]
    ]
}