{
    "cubes": [
        {
            "position": [
                1.5,
                0.0,
                0.4294612841232873
            ],
            "scale": [
                0.5,
                2.0,
                0.03
            ]
        }
    ],
    "cylinders": [
        {
            "position": [
                1.1020085996267044,
                0.22536706351914926,
                0.5
            ],
            "radius": 0.033503734094554066,
            "heigth": 0.3602918074201729
        },
        {
            "position": [
                1.0552341134306058,
                0.18616690941466618,
                0.5
            ],
            "radius": 0.059783672019691925,
            "heigth": 0.21543506048531152
        },
        {
            "position": [
                1.030406822953737,
                -0.17700600579312192,
                0.5
            ],
            "radius": 0.025568963086169284,
            "heigth": 0.4868029942606651
        },
        {
            "position": [
                1.0501302528780532,
                -0.006607917740918956,
                0.5
            ],
            "radius": 0.06836226943572615,
            "heigth": 0.12854296463798678
        }
    ],
    "target": [
        [
            1.0,
            0.0,
            0.0,
            1.1534894704818726
        ],
        [
            0.0,
            -0.9999999999999961,
            -8.742277974564334e-08,
            -0.001123561873100698
        ],
        [
            0.0,
            8.742277974564332e-08,
            -0.9999999999999961,
            0.6583824157714844
        ],
        [
            0.0,
            0.0,
            0.0,
            1.0
        ]
    ],
    "robot_base": [
        [
            1.0,
            0.0,
            0.0,
            0.0
        ],
        [
            0.0,
            1.0,
            0.0,
            0.1024155925499306
        ],
        [
            0.0,
            0.0,
            1.0,
            0.0
        ],
        [
            0.0,
            0.0,
            0.0,
            1.0
        ]
    ]
}