{
    "cubes": [
        {
            "position": [
                1.5,
                0.0,
                0.43484960494789654
            ],
            "scale": [
                0.5,
                2.0,
                0.03
            ]
        }
    ],
    "cylinders": [
        {
            "position": [
                1.1381269985191294,
                0.17313323611544645,
                0.5
            ],
            "radius": 0.048043703383406064,
            "heigth": 0.36680314779926704
        },
        {
            "position": [
                1.0236158241146596,
                0.21962865693140338,
                0.5
            ],
            "radius": 0.026873516033191356,
            "heigth": 0.16786561827825677
        },
        {
            "position": [
                1.1616791192284088,
                0.1464856070316672,
                0.5
            ],
            "radius": 0.04277733391460003,
            "heigth": 0.135960984608758
        },
        {
            "position": [
                1.153669074618252,
                -0.04175076007868245,
                0.5
            ],
            "radius": 0.07357828952958094,
            "heigth": 0.10454972815128671
        }
    ],
    "target": [
        [
            1.0,
            0.0,
            0.0,
            1.1534894704818726
        ],
        [
            0.0,
            -0.9999999999999961,
            -8.742277974564334e-08,
            -0.001123561873100698
        ],
        [
            0.0,
            8.742277974564332e-08,
            -0.9999999999999961,
            0.6583824157714844
        ],
        [
            0.0,
            0.0,
            0.0,
            1.0
        ]
    ],
    "robot_base": [
        [
            1.0,
            0.0,
            0.0,
            0.0
        ],
        [
            0.0,
            1.0,
            0.0,
            0.10218902146992759
        ],
        [
            0.0,
            0.0,
            1.0,
            0.0
        ],
        [
            0.0,
            0.0,
            0.0,
            1.0
        ]
    ]
}