{
    "cubes": [
        {
            "position": [
                1.5,
                0.0,
                0.5440740334960965
            ],
            "scale": [
                0.5,
                2.0,
                0.03
            ]
        }
    ],
    "cylinders": [
        {
            "position": [
                1.0403238059906945,
                -0.234273898405513,
                0.5
            ],
            "radius": 0.07087801933167848,
            "heigth": 0.4175984239507226
        },
        {
            "position": [
                1.132307506963997,
                -0.22600790195597698,
                0.5
            ],
            "radius": 0.03936918310391993,
            "heigth": 0.4463153956030217
        },
        {
            "position": [
                1.1141188482494946,
                0.0063068299397461836,
                0.5
            ],
            "radius": 0.04966102138859966,
            "heigth": 0.1023523780485643
        },
        {
            "position": [
                1.1644768290200604,
                -0.14357824094501948,
                0.5
            ],
            "radius": 0.02128398898642032,
            "heigth": 0.33983211124336904
        }
    ],
    "target": [
        [
            1.0,
            0.0,
            0.0,
            1.1534894704818726
        ],
        [
            0.0,
            -0.9999999999999961,
            -8.742277974564334e-08,
            -0.001123561873100698
        ],
        [
            0.0,
            8.742277974564332e-08,
            -0.9999999999999961,
            0.6583824157714844
        ],
        [
            0.0,
            0.0,
            0.0,
            1.0
        ]
    ],
    "robot_base": [
        [
            1.0,
            0.0,
            0.0,
            0.0
        ],
        [
            0.0,
            1.0,
            0.0,
            -0.4051574923140846
        ],
        [
            0.0,
            0.0,
            1.0,
            0.0
        ],
        [
            0.0,
            0.0,
            0.0,
            1.0
        ]
    ]
}