{
    "cubes": [
        {
            "position": [
                1.5,
                0.0,
                0.43563797435147267
            ],
            "scale": [
                0.5,
                2.0,
                0.03
            ]
        }
    ],
    "cylinders": [
        {
            "position": [
                1.192868993276127,
                0.23148178435711397,
                0.5
            ],
            "radius": 0.06601937366632285,
            "heigth": 0.3472570517078974
        },
        {
            "position": [
                1.1810854093213154,
                0.1721476753036023,
                0.5
            ],
            "radius": 0.03711815980437423,
            "heigth": 0.41321715204285
        },
        {
            "position": [
                1.0233114406147021,
                -0.16921830287425577,
                0.5
            ],
            "radius": 0.07820387336296503,
            "heigth": 0.18843118892492428
        },
        {
            "position": [
                1.0427698845740263,
                0.1469771697862256,
                0.5
            ],
            "radius": 0.07997626909744386,
            "heigth": 0.2401120543299826
        }
    ],
    "target": [
        [
            1.0,
            0.0,
            0.0,
            1.1534894704818726
        ],
        [
            0.0,
            -0.9999999999999961,
            -8.742277974564334e-08,
            -0.001123561873100698
        ],
        [
            0.0,
            8.742277974564332e-08,
            -0.9999999999999961,
            0.6583824157714844
        ],
        [
            0.0,
            0.0,
            0.0,
            1.0
        ]
    ],
    "robot_base": [
        [
            1.0,
            0.0,
            0.0,
            0.0
        ],
        [
            0.0,
            1.0,
            0.0,
            0.3612257674525923
        ],
        [
            0.0,
            0.0,
            1.0,
            0.0
        ],
        [
            0.0,
            0.0,
            0.0,
            1.0
        ]
    ]
}