{
    "cubes": [
        {
            "position": [
                1.5,
                0.0,
                0.40341781665998055
            ],
            "scale": [
                0.5,
                2.0,
                0.03
            ]
        }
    ],
    "cylinders": [
        {
            "position": [
                1.0301919084250428,
                0.21358491303725236,
                0.5
            ],
            "radius": 0.02878925593393053,
            "heigth": 0.3087684696744437
        },
        {
            "position": [
                1.1339253278356576,
                0.19979325845998303,
                0.5
            ],
            "radius": 0.024372194882065993,
            "heigth": 0.4077019493820332
        },
        {
            "position": [
                1.1508602432434862,
                -0.16977473263259352,
                0.5
            ],
            "radius": 0.03402908311399156,
            "heigth": 0.3466384067082675
        },
        {
            "position": [
                1.0683273124937278,
                -0.21892811345182334,
                0.5
            ],
            "radius": 0.05364129996881751,
            "heigth": 0.3261833116925337
        }
    ],
    "target": [
        [
            1.0,
            0.0,
            0.0,
            1.1534894704818726
        ],
        [
            0.0,
            -0.9999999999999961,
            -8.742277974564334e-08,
            -0.001123561873100698
        ],
        [
            0.0,
            8.742277974564332e-08,
            -0.9999999999999961,
            0.6583824157714844
        ],
        [
            0.0,
            0.0,
            0.0,
            1.0
        ]
    ],
    "robot_base": [
        [
            1.0,
            0.0,
            0.0,
            0.0
        ],
        [
            0.0,
            1.0,
            0.0,
            -0.07269929795918395
        ],
        [
            0.0,
            0.0,
            1.0,
            0.0
        ],
        [
            0.0,
            0.0,
            0.0,
            1.0
        ]
    ]
}