{
    "cubes": [
        {
            "position": [
                1.5,
                0.0,
                0.4580889774318448
            ],
            "scale": [
                0.5,
                2.0,
                0.03
            ]
        }
    ],
    "cylinders": [
        {
            "position": [
                1.1215953031349344,
                0.19314339637655675,
                0.5
            ],
            "radius": 0.03803689756523316,
            "heigth": 0.4820584550800545
        },
        {
            "position": [
                1.0363989482063278,
                0.125165532080372,
                0.5
            ],
            "radius": 0.06325771655568682,
            "heigth": 0.16541873407323093
        },
        {
            "position": [
                1.1326507743982484,
                -0.2397160631192321,
                0.5
            ],
            "radius": 0.07814282645374229,
            "heigth": 0.31143177123373644
        },
        {
            "position": [
                1.152025265883746,
                -0.16107273255606064,
                0.5
            ],
            "radius": 0.02731196006233345,
            "heigth": 0.11530677144980224
        }
    ],
    "target": [
        [
            1.0,
            0.0,
            0.0,
            1.1534894704818726
        ],
        [
            0.0,
            -0.9999999999999961,
            -8.742277974564334e-08,
            -0.001123561873100698
        ],
        [
            0.0,
            8.742277974564332e-08,
            -0.9999999999999961,
            0.6583824157714844
        ],
        [
            0.0,
            0.0,
            0.0,
            1.0
        ]
    ],
    "robot_base": [
        [
            1.0,
            0.0,
            0.0,
            0.0
        ],
        [
            0.0,
            1.0,
            0.0,
            0.48681422273449204
        ],
        [
            0.0,
            0.0,
            1.0,
            0.0
        ],
        [
            0.0,
            0.0,
            0.0,
            1.0
        ]
    ]
}