{
    "cubes": [
        {
            "position": [
                1.5,
                0.0,
                0.5118322580426045
            ],
            "scale": [
                0.5,
                2.0,
                0.03
            ]
        }
    ],
    "cylinders": [
        {
            "position": [
                1.1782197413309847,
                0.15554844510254023,
                0.5
            ],
            "radius": 0.03700497627029147,
            "heigth": 0.21031051765438502
        },
        {
            "position": [
                1.1653606989441458,
                -0.040391226282517956,
                0.5
            ],
            "radius": 0.03189751454568823,
            "heigth": 0.12501551401460026
        },
        {
            "position": [
                1.0561404153164045,
                0.17247268372424096,
                0.5
            ],
            "radius": 0.06296598301325568,
            "heigth": 0.12129860536683441
        },
        {
            "position": [
                1.01992517152502,
                -0.17420921677015255,
                0.5
            ],
            "radius": 0.034589792976523245,
            "heigth": 0.24279556038214495
        }
    ],
    "target": [
        [
            1.0,
            0.0,
            0.0,
            1.1534894704818726
        ],
        [
            0.0,
            -0.9999999999999961,
            -8.742277974564334e-08,
            -0.001123561873100698
        ],
        [
            0.0,
            8.742277974564332e-08,
            -0.9999999999999961,
            0.6583824157714844
        ],
        [
            0.0,
            0.0,
            0.0,
            1.0
        ]
    ],
    "robot_base": [
        [
            1.0,
            0.0,
            0.0,
            0.0
        ],
        [
            0.0,
            1.0,
            0.0,
            0.4330664382077909
        ],
        [
            0.0,
            0.0,
            1.0,
            0.0
        ],
        [
            0.0,
            0.0,
            0.0,
            1.0
        ]
    ]
}