{
    "cubes": [
        {
            "position": [
                1.5,
                0.0,
                0.45831953565784417
            ],
            "scale": [
                0.5,
                2.0,
                0.03
            ]
        }
    ],
    "cylinders": [
        {
            "position": [
                1.058714638209675,
                -0.12503791711470963,
                0.5
            ],
            "radius": 0.051530866085154954,
            "heigth": 0.4292376460140662
        },
        {
            "position": [
                1.0280622811701607,
                0.1698067967511474,
                0.5
            ],
            "radius": 0.05009473170257936,
            "heigth": 0.25685894886152405
        },
        {
            "position": [
                1.0743783963573763,
                -0.22645609215373058,
                0.5
            ],
            "radius": 0.05231470165890843,
            "heigth": 0.4705264395162422
        },
        {
            "position": [
                1.1017235530728147,
                -0.21897556016101583,
                0.5
            ],
            "radius": 0.04803355622447397,
            "heigth": 0.10003439327120282
        }
    ],
    "target": [
        [
            1.0,
            0.0,
            0.0,
            1.1534894704818726
        ],
        [
            0.0,
            -0.9999999999999961,
            -8.742277974564334e-08,
            -0.001123561873100698
        ],
        [
            0.0,
            8.742277974564332e-08,
            -0.9999999999999961,
            0.6583824157714844
        ],
        [
            0.0,
            0.0,
            0.0,
            1.0
        ]
    ],
    "robot_base": [
        [
            1.0,
            0.0,
            0.0,
            0.0
        ],
        [
            0.0,
            1.0,
            0.0,
            0.4789559961767549
        ],
        [
            0.0,
            0.0,
            1.0,
            0.0
        ],
        [
            0.0,
            0.0,
            0.0,
            1.0
        ]
    ]
}