{
    "cubes": [
        {
            "position": [
                1.5,
                0.0,
                0.5218999252341382
            ],
            "scale": [
                0.5,
                2.0,
                0.03
            ]
        }
    ],
    "cylinders": [
        {
            "position": [
                1.095133846749406,
                0.2099537108313465,
                0.5
            ],
            "radius": 0.023716773183856173,
            "heigth": 0.34172797652368037
        },
        {
            "position": [
                1.0332521457303578,
                -0.19761020379678884,
                0.5
            ],
            "radius": 0.05567771577617858,
            "heigth": 0.19163992074369268
        },
        {
            "position": [
                1.1998790865184263,
                0.21461206653406367,
                0.5
            ],
            "radius": 0.04820370881847813,
            "heigth": 0.3961378707853868
        },
        {
            "position": [
                1.0326312392069334,
                -0.14573375658059273,
                0.5
            ],
            "radius": 0.05725658284821635,
            "heigth": 0.49445762910125535
        }
    ],
    "target": [
        [
            1.0,
            0.0,
            0.0,
            1.1534894704818726
        ],
        [
            0.0,
            -0.9999999999999961,
            -8.742277974564334e-08,
            -0.001123561873100698
        ],
        [
            0.0,
            8.742277974564332e-08,
            -0.9999999999999961,
            0.6583824157714844
        ],
        [
            0.0,
            0.0,
            0.0,
            1.0
        ]
    ],
    "robot_base": [
        [
            1.0,
            0.0,
            0.0,
            0.0
        ],
        [
            0.0,
            1.0,
            0.0,
            0.04335211020326302
        ],
        [
            0.0,
            0.0,
            1.0,
            0.0
        ],
        [
            0.0,
            0.0,
            0.0,
            1.0
        ]
    ]
}