{
    "cubes": [
        {
            "position": [
                1.5,
                0.0,
                0.5315309302130942
            ],
            "scale": [
                0.5,
                2.0,
                0.03
            ]
        }
    ],
    "cylinders": [
        {
            "position": [
                1.1781032553795718,
                0.2281575422046006,
                0.5
            ],
            "radius": 0.021142461604459206,
            "heigth": 0.27890962397937197
        },
        {
            "position": [
                1.0020578296292935,
                -0.043054506877560406,
                0.5
            ],
            "radius": 0.03542760071680083,
            "heigth": 0.18240550291964175
        },
        {
            "position": [
                1.028740514425506,
                -0.13883633876874907,
                0.5
            ],
            "radius": 0.054328406787956356,
            "heigth": 0.29709469547966805
        },
        {
            "position": [
                1.1907743898946674,
                -0.20884572929315848,
                0.5
            ],
            "radius": 0.05726657528674425,
            "heigth": 0.4155916298743681
        }
    ],
    "target": [
        [
            1.0,
            0.0,
            0.0,
            1.1534894704818726
        ],
        [
            0.0,
            -0.9999999999999961,
            -8.742277974564334e-08,
            -0.001123561873100698
        ],
        [
            0.0,
            8.742277974564332e-08,
            -0.9999999999999961,
            0.6583824157714844
        ],
        [
            0.0,
            0.0,
            0.0,
            1.0
        ]
    ],
    "robot_base": [
        [
            1.0,
            0.0,
            0.0,
            0.0
        ],
        [
            0.0,
            1.0,
            0.0,
            -0.02742229942810781
        ],
        [
            0.0,
            0.0,
            1.0,
            0.0
        ],
        [
            0.0,
            0.0,
            0.0,
            1.0
        ]
    ]
}