{
    "cubes": [
        {
            "position": [
                1.5,
                0.0,
                0.4455975065915366
            ],
            "scale": [
                0.5,
                2.0,
                0.03
            ]
        }
    ],
    "cylinders": [
        {
            "position": [
                1.0248470181103257,
                -0.0268136799452674,
                0.5
            ],
            "radius": 0.03243361694458967,
            "heigth": 0.46543595681507616
        },
        {
            "position": [
                1.0343819759837058,
                0.04805005964984005,
                0.5
            ],
            "radius": 0.06468140192171586,
            "heigth": 0.27744885488391
        },
        {
            "position": [
                1.151013657458719,
                -0.12846286284793518,
                0.5
            ],
            "radius": 0.06089923517188527,
            "heigth": 0.10839870765276774
        },
        {
            "position": [
                1.0297826680508397,
                0.22634768588259513,
                0.5
            ],
            "radius": 0.07254076140587085,
            "heigth": 0.14589860355648224
        }
    ],
    "target": [
        [
            1.0,
            0.0,
            0.0,
            1.1534894704818726
        ],
        [
            0.0,
            -0.9999999999999961,
            -8.742277974564334e-08,
            -0.001123561873100698
        ],
        [
            0.0,
            8.742277974564332e-08,
            -0.9999999999999961,
            0.6583824157714844
        ],
        [
            0.0,
            0.0,
            0.0,
            1.0
        ]
    ],
    "robot_base": [
        [
            1.0,
            0.0,
            0.0,
            0.0
        ],
        [
            0.0,
            1.0,
            0.0,
            0.06702424345050728
        ],
        [
            0.0,
            0.0,
            1.0,
            0.0
        ],
        [
            0.0,
            0.0,
            0.0,
            1.0
        ]
    ]
}