{
    "cubes": [
        {
            "position": [
                1.5,
                0.0,
                0.5065042342517604
            ],
            "scale": [
                0.5,
                2.0,
                0.03
            ]
        }
    ],
    "cylinders": [
        {
            "position": [
                1.1208345737098084,
                0.24688285387635966,
                0.5
            ],
            "radius": 0.026743936745644233,
            "heigth": 0.159645983420922
        },
        {
            "position": [
                1.147158632022225,
                -0.21122072048744395,
                0.5
            ],
            "radius": 0.06475361081467053,
            "heigth": 0.31366159816223566
        },
        {
            "position": [
                1.0099520630171712,
                -0.07544881559100541,
                0.5
            ],
            "radius": 0.0497195522400061,
            "heigth": 0.12215970744413333
        },
        {
            "position": [
                1.0459058275115145,
                0.16289916725199516,
                0.5
            ],
            "radius": 0.051117878832873845,
            "heigth": 0.3235980426026278
        }
    ],
    "target": [
        [
            1.0,
            0.0,
            0.0,
            1.1534894704818726
        ],
        [
            0.0,
            -0.9999999999999961,
            -8.742277974564334e-08,
            -0.001123561873100698
        ],
        [
            0.0,
            8.742277974564332e-08,
            -0.9999999999999961,
            0.6583824157714844
        ],
        [
            0.0,
            0.0,
            0.0,
            1.0
        ]
    ],
    "robot_base": [
        [
            1.0,
            0.0,
            0.0,
            0.0
        ],
        [
            0.0,
            1.0,
            0.0,
            0.4215790699841997
        ],
        [
            0.0,
            0.0,
            1.0,
            0.0
        ],
        [
            0.0,
            0.0,
            0.0,
            1.0
        ]
    ]
}