{
    "cubes": [
        {
            "position": [
                1.5,
                0.0,
                0.4877896821816597
            ],
            "scale": [
                0.5,
                2.0,
                0.03
            ]
        }
    ],
    "cylinders": [
        {
            "position": [
                1.145605288919422,
                0.13414961017104782,
                0.5
            ],
            "radius": 0.02623285874778398,
            "heigth": 0.11662153472740375
        },
        {
            "position": [
                1.164217247191922,
                0.18278946367993149,
                0.5
            ],
            "radius": 0.03097167165705074,
            "heigth": 0.3422585223182717
        },
        {
            "position": [
                1.0302305796519842,
                -0.13922012571297693,
                0.5
            ],
            "radius": 0.07037706371893655,
            "heigth": 0.4641628321139745
        },
        {
            "position": [
                1.066738538395562,
                -0.1400280444384372,
                0.5
            ],
            "radius": 0.031587034007689585,
            "heigth": 0.3910847606528465
        }
    ],
    "target": [
        [
            1.0,
            0.0,
            0.0,
            1.1534894704818726
        ],
        [
            0.0,
            -0.9999999999999961,
            -8.742277974564334e-08,
            -0.001123561873100698
        ],
        [
            0.0,
            8.742277974564332e-08,
            -0.9999999999999961,
            0.6583824157714844
        ],
        [
            0.0,
            0.0,
            0.0,
            1.0
        ]
    ],
    "robot_base": [
        [
            1.0,
            0.0,
            0.0,
            0.0
        ],
        [
            0.0,
            1.0,
            0.0,
            -0.2025830758115078
        ],
        [
            0.0,
            0.0,
            1.0,
            0.0
        ],
        [
            0.0,
            0.0,
            0.0,
            1.0
        ]
    ]
}