{
    "cubes": [
        {
            "position": [
                1.5,
                0.0,
                0.5790173473096671
            ],
            "scale": [
                0.5,
                2.0,
                0.03
            ]
        }
    ],
    "cylinders": [
        {
            "position": [
                1.0427493555952234,
                0.06930920743027119,
                0.5
            ],
            "radius": 0.04137566227504198,
            "heigth": 0.13974681494478985
        },
        {
            "position": [
                1.1478599243444334,
                0.22457609725637762,
                0.5
            ],
            "radius": 0.06804124821399439,
            "heigth": 0.22432017305170437
        },
        {
            "position": [
                1.0008095903172591,
                -0.10100535673358246,
                0.5
            ],
            "radius": 0.02779314306178187,
            "heigth": 0.40724475924443004
        },
        {
            "position": [
                1.0143055149773172,
                0.1898987466950806,
                0.5
            ],
            "radius": 0.029687208307360137,
            "heigth": 0.1911313655858008
        }
    ],
    "target": [
        [
            1.0,
            0.0,
            0.0,
            1.1534894704818726
        ],
        [
            0.0,
            -0.9999999999999961,
            -8.742277974564334e-08,
            -0.001123561873100698
        ],
        [
            0.0,
            8.742277974564332e-08,
            -0.9999999999999961,
            0.6583824157714844
        ],
        [
            0.0,
            0.0,
            0.0,
            1.0
        ]
    ],
    "robot_base": [
        [
            1.0,
            0.0,
            0.0,
            0.0
        ],
        [
            0.0,
            1.0,
            0.0,
            -0.20513990559052409
        ],
        [
            0.0,
            0.0,
            1.0,
            0.0
        ],
        [
            0.0,
            0.0,
            0.0,
            1.0
        ]
    ]
}