{
    "cubes": [
        {
            "position": [
                1.5,
                0.0,
                0.5982368829033111
            ],
            "scale": [
                0.5,
                2.0,
                0.03
            ]
        }
    ],
    "cylinders": [
        {
            "position": [
                1.0636566235804803,
                -0.0725732409780317,
                0.5
            ],
            "radius": 0.03213800379620697,
            "heigth": 0.4059508307982013
        },
        {
            "position": [
                1.0159458094896665,
                -0.07039692549885401,
                0.5
            ],
            "radius": 0.03718001749235225,
            "heigth": 0.49002184115996705
        },
        {
            "position": [
                1.1575330192719415,
                0.08132025055573272,
                0.5
            ],
            "radius": 0.052903851449976495,
            "heigth": 0.11005558052908457
        },
        {
            "position": [
                1.198310556728874,
                -0.23216424440360384,
                0.5
            ],
            "radius": 0.062211235544954224,
            "heigth": 0.4865514253724098
        }
    ],
    "target": [
        [
            1.0,
            0.0,
            0.0,
            1.1534894704818726
        ],
        [
            0.0,
            -0.9999999999999961,
            -8.742277974564334e-08,
            -0.001123561873100698
        ],
        [
            0.0,
            8.742277974564332e-08,
            -0.9999999999999961,
            0.6583824157714844
        ],
        [
            0.0,
            0.0,
            0.0,
            1.0
        ]
    ],
    "robot_base": [
        [
            1.0,
            0.0,
            0.0,
            0.0
        ],
        [
            0.0,
            1.0,
            0.0,
            0.18950614807166621
        ],
        [
            0.0,
            0.0,
            1.0,
            0.0
        ],
        [
            0.0,
            0.0,
            0.0,
            1.0
        ]
    ]
}