{
    "cubes": [
        {
            "position": [
                1.5,
                0.0,
                0.5675033870755297
            ],
            "scale": [
                0.5,
                2.0,
                0.03
            ]
        }
    ],
    "cylinders": [
        {
            "position": [
                1.0083956835314092,
                0.2179480008623917,
                0.5
            ],
            "radius": 0.048302479206205756,
            "heigth": 0.29139333165722303
        },
        {
            "position": [
                1.1106361458361222,
                0.22600840411691225,
                0.5
            ],
            "radius": 0.033529272201339,
            "heigth": 0.4392452555913259
        },
        {
            "position": [
                1.1332487030109708,
                -0.17345190708045005,
                0.5
            ],
            "radius": 0.02780303471038214,
            "heigth": 0.13341973225744125
        },
        {
            "position": [
                1.029966428879675,
                0.22824441267297058,
                0.5
            ],
            "radius": 0.058818292646302506,
            "heigth": 0.2822048222713453
        }
    ],
    "target": [
        [
            1.0,
            0.0,
            0.0,
            1.1534894704818726
        ],
        [
            0.0,
            -0.9999999999999961,
            -8.742277974564334e-08,
            -0.001123561873100698
        ],
        [
            0.0,
            8.742277974564332e-08,
            -0.9999999999999961,
            0.6583824157714844
        ],
        [
            0.0,
            0.0,
            0.0,
            1.0
        ]
    ],
    "robot_base": [
        [
            1.0,
            0.0,
            0.0,
            0.0
        ],
        [
            0.0,
            1.0,
            0.0,
            0.09195197218634099
        ],
        [
            0.0,
            0.0,
            1.0,
            0.0
        ],
        [
            0.0,
            0.0,
            0.0,
            1.0
        ]
    ]
}