{
    "cubes": [
        {
            "position": [
                1.5,
                0.0,
                0.5845055801667003
            ],
            "scale": [
                0.5,
                2.0,
                0.03
            ]
        }
    ],
    "cylinders": [
        {
            "position": [
                1.1336592844530125,
                0.21928986055208077,
                0.5
            ],
            "radius": 0.05112370787686098,
            "heigth": 0.15533155385183564
        },
        {
            "position": [
                1.0892190876545123,
                0.23666229311480613,
                0.5
            ],
            "radius": 0.06623785489049128,
            "heigth": 0.24433579844704323
        },
        {
            "position": [
                1.0096529944615087,
                0.19660652152520997,
                0.5
            ],
            "radius": 0.06517311824194658,
            "heigth": 0.22679852246172272
        },
        {
            "position": [
                1.0165849053972182,
                0.04359380370383742,
                0.5
            ],
            "radius": 0.07703356563283523,
            "heigth": 0.25572054605896954
        }
    ],
    "target": [
        [
            1.0,
            0.0,
            0.0,
            1.1534894704818726
        ],
        [
            0.0,
            -0.9999999999999961,
            -8.742277974564334e-08,
            -0.001123561873100698
        ],
        [
            0.0,
            8.742277974564332e-08,
            -0.9999999999999961,
            0.6583824157714844
        ],
        [
            0.0,
            0.0,
            0.0,
            1.0
        ]
    ],
    "robot_base": [
        [
            1.0,
            0.0,
            0.0,
            0.0
        ],
        [
            0.0,
            1.0,
            0.0,
            -0.20981952672510729
        ],
        [
            0.0,
            0.0,
            1.0,
            0.0
        ],
        [
            0.0,
            0.0,
            0.0,
            1.0
        ]
    ]
}