{
    "cubes": [
        {
            "position": [
                1.5,
                0.0,
                0.5102205472343173
            ],
            "scale": [
                0.5,
                2.0,
                0.03
            ]
        }
    ],
    "cylinders": [
        {
            "position": [
                1.0458569461341032,
                -0.04250326571730578,
                0.5
            ],
            "radius": 0.04740126437103476,
            "heigth": 0.2564664494048913
        },
        {
            "position": [
                1.0521618471635203,
                -0.23367576610454466,
                0.5
            ],
            "radius": 0.024683318252726166,
            "heigth": 0.12843335825592936
        },
        {
            "position": [
                1.0647240527621562,
                -0.04939825240539408,
                0.5
            ],
            "radius": 0.04257067066279353,
            "heigth": 0.14443078883975008
        },
        {
            "position": [
                1.0313013340770503,
                -0.17804372458376844,
                0.5
            ],
            "radius": 0.07257494140261159,
            "heigth": 0.20445720440271947
        }
    ],
    "target": [
        [
            1.0,
            0.0,
            0.0,
            1.1534894704818726
        ],
        [
            0.0,
            -0.9999999999999961,
            -8.742277974564334e-08,
            -0.001123561873100698
        ],
        [
            0.0,
            8.742277974564332e-08,
            -0.9999999999999961,
            0.6583824157714844
        ],
        [
            0.0,
            0.0,
            0.0,
            1.0
        ]
    ],
    "robot_base": [
        [
            1.0,
            0.0,
            0.0,
            0.0
        ],
        [
            0.0,
            1.0,
            0.0,
            0.04190603840023188
        ],
        [
            0.0,
            0.0,
            1.0,
            0.0
        ],
        [
            0.0,
            0.0,
            0.0,
            1.0
        ]
    ]
}