{
    "cubes": [
        {
            "position": [
                1.5,
                0.0,
                0.5497548894773168
            ],
            "scale": [
                0.5,
                2.0,
                0.03
            ]
        }
    ],
    "cylinders": [
        {
            "position": [
                1.0117760756657534,
                0.1845046630810281,
                0.5
            ],
            "radius": 0.034511550092154716,
            "heigth": 0.49159321464905087
        },
        {
            "position": [
                1.008667688430502,
                0.1538924692335623,
                0.5
            ],
            "radius": 0.021679424617597143,
            "heigth": 0.34203717409892875
        },
        {
            "position": [
                1.074211805892947,
                -0.19015404173554684,
                0.5
            ],
            "radius": 0.06786623064947284,
            "heigth": 0.183546864137275
        },
        {
            "position": [
                1.0471831645797385,
                0.03215703481392057,
                0.5
            ],
            "radius": 0.06707032974851179,
            "heigth": 0.11536151268926365
        }
    ],
    "target": [
        [
            1.0,
            0.0,
            0.0,
            1.1534894704818726
        ],
        [
            0.0,
            -0.9999999999999961,
            -8.742277974564334e-08,
            -0.001123561873100698
        ],
        [
            0.0,
            8.742277974564332e-08,
            -0.9999999999999961,
            0.6583824157714844
        ],
        [
            0.0,
            0.0,
            0.0,
            1.0
        ]
    ],
    "robot_base": [
        [
            1.0,
            0.0,
            0.0,
            0.0
        ],
        [
            0.0,
            1.0,
            0.0,
            0.3437472722928051
        ],
        [
            0.0,
            0.0,
            1.0,
            0.0
        ],
        [
            0.0,
            0.0,
            0.0,
            1.0
        ]
    ]
}