{
    "cubes": [
        {
            "position": [
                1.5,
                0.0,
                0.4907055445361984
            ],
            "scale": [
                0.5,
                2.0,
                0.03
            ]
        }
    ],
    "cylinders": [
        {
            "position": [
                1.047507811387873,
                -0.16544627950479812,
                0.5
            ],
            "radius": 0.03149805480089011,
            "heigth": 0.19332714709308402
        },
        {
            "position": [
                1.0156934147845342,
                0.025385978659414277,
                0.5
            ],
            "radius": 0.04433435477709387,
            "heigth": 0.2136930150031357
        },
        {
            "position": [
                1.13105413123649,
                0.23854964426502023,
                0.5
            ],
            "radius": 0.02879415424417743,
            "heigth": 0.3843607529637532
        },
        {
            "position": [
                1.1351040255865836,
                0.18041769157962517,
                0.5
            ],
            "radius": 0.03822889467123153,
            "heigth": 0.24335150544375247
        }
    ],
    "target": [
        [
            1.0,
            0.0,
            0.0,
            1.1534894704818726
        ],
        [
            0.0,
            -0.9999999999999961,
            -8.742277974564334e-08,
            -0.001123561873100698
        ],
        [
            0.0,
            8.742277974564332e-08,
            -0.9999999999999961,
            0.6583824157714844
        ],
        [
            0.0,
            0.0,
            0.0,
            1.0
        ]
    ],
    "robot_base": [
        [
            1.0,
            0.0,
            0.0,
            0.0
        ],
        [
            0.0,
            1.0,
            0.0,
            0.1561118426926047
        ],
        [
            0.0,
            0.0,
            1.0,
            0.0
        ],
        [
            0.0,
            0.0,
            0.0,
            1.0
        ]
    ]
}