{
    "cubes": [
        {
            "position": [
                1.5,
                0.0,
                0.568408059326245
            ],
            "scale": [
                0.5,
                2.0,
                0.03
            ]
        }
    ],
    "cylinders": [
        {
            "position": [
                1.0693428270380234,
                0.1990120489488605,
                0.5
            ],
            "radius": 0.06735237681479422,
            "heigth": 0.23797463210033
        },
        {
            "position": [
                1.0021172195995887,
                -0.07573880154048679,
                0.5
            ],
            "radius": 0.047651833893115,
            "heigth": 0.47936611272929525
        },
        {
            "position": [
                1.181717920932012,
                0.21476744708825934,
                0.5
            ],
            "radius": 0.026105765672734406,
            "heigth": 0.4183459483660459
        },
        {
            "position": [
                1.039164893295041,
                -0.12441075789521494,
                0.5
            ],
            "radius": 0.053797479547083374,
            "heigth": 0.47519468132982745
        }
    ],
    "target": [
        [
            1.0,
            0.0,
            0.0,
            1.1534894704818726
        ],
        [
            0.0,
            -0.9999999999999961,
            -8.742277974564334e-08,
            -0.001123561873100698
        ],
        [
            0.0,
            8.742277974564332e-08,
            -0.9999999999999961,
            0.6583824157714844
        ],
        [
            0.0,
            0.0,
            0.0,
            1.0
        ]
    ],
    "robot_base": [
        [
            1.0,
            0.0,
            0.0,
            0.0
        ],
        [
            0.0,
            1.0,
            0.0,
            0.4679919026431406
        ],
        [
            0.0,
            0.0,
            1.0,
            0.0
        ],
        [
            0.0,
            0.0,
            0.0,
            1.0
        ]
    ]
}