{
    "cubes": [
        {
            "position": [
                1.5,
                0.0,
                0.5459180717432985
            ],
            "scale": [
                0.5,
                2.0,
                0.03
            ]
        }
    ],
    "cylinders": [
        {
            "position": [
                1.0211005355798615,
                -0.1366925048148217,
                0.5
            ],
            "radius": 0.02828248672014512,
            "heigth": 0.23470468765377522
        },
        {
            "position": [
                1.0168952218231124,
                0.2132405705094229,
                0.5
            ],
            "radius": 0.06447654932305183,
            "heigth": 0.21800488767842774
        },
        {
            "position": [
                1.043259998527833,
                0.22527824200931262,
                0.5
            ],
            "radius": 0.0330645359671002,
            "heigth": 0.37698633468860915
        },
        {
            "position": [
                1.0367690609832072,
                0.19890372089344427,
                0.5
            ],
            "radius": 0.03253250401843984,
            "heigth": 0.32915880593086766
        }
    ],
    "target": [
        [
            1.0,
            0.0,
            0.0,
            1.1534894704818726
        ],
        [
            0.0,
            -0.9999999999999961,
            -8.742277974564334e-08,
            -0.001123561873100698
        ],
        [
            0.0,
            8.742277974564332e-08,
            -0.9999999999999961,
            0.6583824157714844
        ],
        [
            0.0,
            0.0,
            0.0,
            1.0
        ]
    ],
    "robot_base": [
        [
            1.0,
            0.0,
            0.0,
            0.0
        ],
        [
            0.0,
            1.0,
            0.0,
            0.3696816728895971
        ],
        [
            0.0,
            0.0,
            1.0,
            0.0
        ],
        [
            0.0,
            0.0,
            0.0,
            1.0
        ]
    ]
}