{
    "cubes": [
        {
            "position": [
                1.5,
                0.0,
                0.40642783036050667
            ],
            "scale": [
                0.5,
                2.0,
                0.03
            ]
        }
    ],
    "cylinders": [
        {
            "position": [
                1.0579842034471452,
                0.14965428217077664,
                0.5
            ],
            "radius": 0.02641785053003085,
            "heigth": 0.28298152802837717
        },
        {
            "position": [
                1.0309450850034503,
                0.2419841125390737,
                0.5
            ],
            "radius": 0.05649655307642991,
            "heigth": 0.2767798639190455
        },
        {
            "position": [
                1.1444321914983222,
                0.20325934349769048,
                0.5
            ],
            "radius": 0.0649808394198941,
            "heigth": 0.12028556818869858
        },
        {
            "position": [
                1.1855812793876273,
                -0.1943914909796043,
                0.5
            ],
            "radius": 0.05521840704484569,
            "heigth": 0.2593896838704258
        }
    ],
    "target": [
        [
            1.0,
            0.0,
            0.0,
            1.1534894704818726
        ],
        [
            0.0,
            -0.9999999999999961,
            -8.742277974564334e-08,
            -0.001123561873100698
        ],
        [
            0.0,
            8.742277974564332e-08,
            -0.9999999999999961,
            0.6583824157714844
        ],
        [
            0.0,
            0.0,
            0.0,
            1.0
        ]
    ],
    "robot_base": [
        [
            1.0,
            0.0,
            0.0,
            0.0
        ],
        [
            0.0,
            1.0,
            0.0,
            -0.2238105655660989
        ],
        [
            0.0,
            0.0,
            1.0,
            0.0
        ],
        [
            0.0,
            0.0,
            0.0,
            1.0
        ]
    ]
}