{
    "cubes": [
        {
            "position": [
                1.5,
                0.0,
                0.5949277565936222
            ],
            "scale": [
                0.5,
                2.0,
                0.03
            ]
        }
    ],
    "cylinders": [
        {
            "position": [
                1.0299300989799696,
                -0.15378686989851292,
                0.5
            ],
            "radius": 0.07988121158252923,
            "heigth": 0.12024343089737125
        },
        {
            "position": [
                1.0947222265405279,
                -0.23175693231571753,
                0.5
            ],
            "radius": 0.06332370324660647,
            "heigth": 0.40236137978509817
        },
        {
            "position": [
                1.0212516307578159,
                -0.06823480099401596,
                0.5
            ],
            "radius": 0.06325652747336769,
            "heigth": 0.4048531462798562
        },
        {
            "position": [
                1.0301433986804147,
                -0.15932569006223668,
                0.5
            ],
            "radius": 0.05076581947931994,
            "heigth": 0.38872499044636966
        }
    ],
    "target": [
        [
            1.0,
            0.0,
            0.0,
            1.1534894704818726
        ],
        [
            0.0,
            -0.9999999999999961,
            -8.742277974564334e-08,
            -0.001123561873100698
        ],
        [
            0.0,
            8.742277974564332e-08,
            -0.9999999999999961,
            0.6583824157714844
        ],
        [
            0.0,
            0.0,
            0.0,
            1.0
        ]
    ],
    "robot_base": [
        [
            1.0,
            0.0,
            0.0,
            0.0
        ],
        [
            0.0,
            1.0,
            0.0,
            0.21186569837832137
        ],
        [
            0.0,
            0.0,
            1.0,
            0.0
        ],
        [
            0.0,
            0.0,
            0.0,
            1.0
        ]
    ]
}