{
    "cubes": [
        {
            "position": [
                1.5,
                0.0,
                0.5730844487825953
            ],
            "scale": [
                0.5,
                2.0,
                0.03
            ]
        }
    ],
    "cylinders": [
        {
            "position": [
                1.0870143248698734,
                -0.15690646258152297,
                0.5
            ],
            "radius": 0.03323004069328218,
            "heigth": 0.27419459512554833
        },
        {
            "position": [
                1.0093772045519023,
                -0.23603987162623358,
                0.5
            ],
            "radius": 0.03501806343859525,
            "heigth": 0.16123929256445055
        },
        {
            "position": [
                1.0326388384275693,
                -0.24074254459425382,
                0.5
            ],
            "radius": 0.04676583546441869,
            "heigth": 0.23615236524578037
        },
        {
            "position": [
                1.1291087782422844,
                -0.20408567343441253,
                0.5
            ],
            "radius": 0.07885542512071314,
            "heigth": 0.2847810122693223
        }
    ],
    "target": [
        [
            1.0,
            0.0,
            0.0,
            1.1534894704818726
        ],
        [
            0.0,
            -0.9999999999999961,
            -8.742277974564334e-08,
            -0.001123561873100698
        ],
        [
            0.0,
            8.742277974564332e-08,
            -0.9999999999999961,
            0.6583824157714844
        ],
        [
            0.0,
            0.0,
            0.0,
            1.0
        ]
    ],
    "robot_base": [
        [
            1.0,
            0.0,
            0.0,
            0.0
        ],
        [
            0.0,
            1.0,
            0.0,
            -0.001872639705156276
        ],
        [
            0.0,
            0.0,
            1.0,
            0.0
        ],
        [
            0.0,
            0.0,
            0.0,
            1.0
        ]
    ]
}