{
    "cubes": [
        {
            "position": [
                1.5,
                0.0,
                0.5345307471673069
            ],
            "scale": [
                0.5,
                2.0,
                0.03
            ]
        }
    ],
    "cylinders": [
        {
            "position": [
                1.1973632451223923,
                0.08802384711616201,
                0.5
            ],
            "radius": 0.023118200431110354,
            "heigth": 0.10409359204869137
        },
        {
            "position": [
                1.1572584588033226,
                -0.08870778867972723,
                0.5
            ],
            "radius": 0.07172095629146319,
            "heigth": 0.12083469565024367
        },
        {
            "position": [
                1.1612681237611835,
                -0.2205768950881195,
                0.5
            ],
            "radius": 0.059582406548609336,
            "heigth": 0.2913428815342569
        },
        {
            "position": [
                1.0456297896736888,
                0.1399292775883872,
                0.5
            ],
            "radius": 0.06109810287063685,
            "heigth": 0.20156651733472175
        }
    ],
    "target": [
        [
            1.0,
            0.0,
            0.0,
            1.1534894704818726
        ],
        [
            0.0,
            -0.9999999999999961,
            -8.742277974564334e-08,
            -0.001123561873100698
        ],
        [
            0.0,
            8.742277974564332e-08,
            -0.9999999999999961,
            0.6583824157714844
        ],
        [
            0.0,
            0.0,
            0.0,
            1.0
        ]
    ],
    "robot_base": [
        [
            1.0,
            0.0,
            0.0,
            0.0
        ],
        [
            0.0,
            1.0,
            0.0,
            0.24028075473383126
        ],
        [
            0.0,
            0.0,
            1.0,
            0.0
        ],
        [
            0.0,
            0.0,
            0.0,
            1.0
        ]
    ]
}