{
    "cubes": [
        {
            "position": [
                1.5,
                0.0,
                0.5370730941516749
            ],
            "scale": [
                0.5,
                2.0,
                0.03
            ]
        }
    ],
    "cylinders": [
        {
            "position": [
                1.027962060183013,
                -0.06723059780880147,
                0.5
            ],
            "radius": 0.052883661672539994,
            "heigth": 0.29750758360284946
        },
        {
            "position": [
                1.1996557870001652,
                0.1784005095723566,
                0.5
            ],
            "radius": 0.07856508319903815,
            "heigth": 0.10261017857478946
        },
        {
            "position": [
                1.0194309852151398,
                -0.1511314631252791,
                0.5
            ],
            "radius": 0.037773906886708855,
            "heigth": 0.3437771859739846
        },
        {
            "position": [
                1.1049724324779093,
                0.11681862172357627,
                0.5
            ],
            "radius": 0.04329306079461351,
            "heigth": 0.17063831747307912
        }
    ],
    "target": [
        [
            1.0,
            0.0,
            0.0,
            1.1534894704818726
        ],
        [
            0.0,
            -0.9999999999999961,
            -8.742277974564334e-08,
            -0.001123561873100698
        ],
        [
            0.0,
            8.742277974564332e-08,
            -0.9999999999999961,
            0.6583824157714844
        ],
        [
            0.0,
            0.0,
            0.0,
            1.0
        ]
    ],
    "robot_base": [
        [
            1.0,
            0.0,
            0.0,
            0.0
        ],
        [
            0.0,
            1.0,
            0.0,
            -0.24631798756903323
        ],
        [
            0.0,
            0.0,
            1.0,
            0.0
        ],
        [
            0.0,
            0.0,
            0.0,
            1.0
        ]
    ]
}