{
    "cubes": [
        {
            "position": [
                1.5,
                0.0,
                0.5721705676239318
            ],
            "scale": [
                0.5,
                2.0,
                0.03
            ]
        }
    ],
    "cylinders": [
        {
            "position": [
                1.1071874737538805,
                0.2153728208910634,
                0.5
            ],
            "radius": 0.03000725727999979,
            "heigth": 0.46589351124469
        },
        {
            "position": [
                1.1391050634141942,
                -0.03997121800889619,
                0.5
            ],
            "radius": 0.03709859807543826,
            "heigth": 0.10597048252414523
        },
        {
            "position": [
                1.0659064426613911,
                0.22293350832884806,
                0.5
            ],
            "radius": 0.06183656382978958,
            "heigth": 0.10525557907407557
        },
        {
            "position": [
                1.1337950264202288,
                -0.19452253118032403,
                0.5
            ],
            "radius": 0.06920091215799148,
            "heigth": 0.31607569397029267
        }
    ],
    "target": [
        [
            1.0,
            0.0,
            0.0,
            1.1534894704818726
        ],
        [
            0.0,
            -0.9999999999999961,
            -8.742277974564334e-08,
            -0.001123561873100698
        ],
        [
            0.0,
            8.742277974564332e-08,
            -0.9999999999999961,
            0.6583824157714844
        ],
        [
            0.0,
            0.0,
            0.0,
            1.0
        ]
    ],
    "robot_base": [
        [
            1.0,
            0.0,
            0.0,
            0.0
        ],
        [
            0.0,
            1.0,
            0.0,
            -0.36313511660520836
        ],
        [
            0.0,
            0.0,
            1.0,
            0.0
        ],
        [
            0.0,
            0.0,
            0.0,
            1.0
        ]
    ]
}