{
    "cubes": [
        {
            "position": [
                1.5,
                0.0,
                0.431447680097243
            ],
            "scale": [
                0.5,
                2.0,
                0.03
            ]
        }
    ],
    "cylinders": [
        {
            "position": [
                1.1285527959542156,
                0.21509095606575784,
                0.5
            ],
            "radius": 0.07674384658442303,
            "heigth": 0.21182391583566867
        },
        {
            "position": [
                1.1381894311691312,
                -0.23464100111542346,
                0.5
            ],
            "radius": 0.059917800639916564,
            "heigth": 0.1461406390096662
        },
        {
            "position": [
                1.130887924886523,
                0.21026147507739928,
                0.5
            ],
            "radius": 0.058738006107736405,
            "heigth": 0.10900329285720034
        },
        {
            "position": [
                1.062048339066373,
                -0.04605771802044489,
                0.5
            ],
            "radius": 0.0656176837498009,
            "heigth": 0.13363870119438748
        }
    ],
    "target": [
        [
            1.0,
            0.0,
            0.0,
            1.1534894704818726
        ],
        [
            0.0,
            -0.9999999999999961,
            -8.742277974564334e-08,
            -0.001123561873100698
        ],
        [
            0.0,
            8.742277974564332e-08,
            -0.9999999999999961,
            0.6583824157714844
        ],
        [
            0.0,
            0.0,
            0.0,
            1.0
        ]
    ],
    "robot_base": [
        [
            1.0,
            0.0,
            0.0,
            0.0
        ],
        [
            0.0,
            1.0,
            0.0,
            0.49334895779289234
        ],
        [
            0.0,
            0.0,
            1.0,
            0.0
        ],
        [
            0.0,
            0.0,
            0.0,
            1.0
        ]
    ]
}