{
    "cubes": [
        {
            "position": [
                1.5,
                0.0,
                0.5033751298788555
            ],
            "scale": [
                0.5,
                2.0,
                0.03
            ]
        }
    ],
    "cylinders": [
        {
            "position": [
                1.0428811063938979,
                -0.15624813294481316,
                0.5
            ],
            "radius": 0.07633741605415459,
            "heigth": 0.49012619305294847
        },
        {
            "position": [
                1.0729566730350772,
                -0.24293518361975486,
                0.5
            ],
            "radius": 0.025673411802065532,
            "heigth": 0.10018138632679945
        },
        {
            "position": [
                1.1484339492840299,
                -0.24429936424972154,
                0.5
            ],
            "radius": 0.04669241309203337,
            "heigth": 0.39887425112265046
        },
        {
            "position": [
                1.0608651399813434,
                0.12359751103272487,
                0.5
            ],
            "radius": 0.0664230890284605,
            "heigth": 0.16753506965858517
        }
    ],
    "target": [
        [
            1.0,
            0.0,
            0.0,
            1.1534894704818726
        ],
        [
            0.0,
            -0.9999999999999961,
            -8.742277974564334e-08,
            -0.001123561873100698
        ],
        [
            0.0,
            8.742277974564332e-08,
            -0.9999999999999961,
            0.6583824157714844
        ],
        [
            0.0,
            0.0,
            0.0,
            1.0
        ]
    ],
    "robot_base": [
        [
            1.0,
            0.0,
            0.0,
            0.0
        ],
        [
            0.0,
            1.0,
            0.0,
            -0.09239271996502108
        ],
        [
            0.0,
            0.0,
            1.0,
            0.0
        ],
        [
            0.0,
            0.0,
            0.0,
            1.0
        ]
    ]
}