{
    "cubes": [
        {
            "position": [
                1.5,
                0.0,
                0.4094575982672578
            ],
            "scale": [
                0.5,
                2.0,
                0.03
            ]
        }
    ],
    "cylinders": [
        {
            "position": [
                1.0989337062795117,
                0.2218955503356288,
                0.5
            ],
            "radius": 0.035036081944468445,
            "heigth": 0.3898367086892567
        },
        {
            "position": [
                1.1752936589158995,
                0.1628811444636496,
                0.5
            ],
            "radius": 0.07254788852078206,
            "heigth": 0.1250655653329669
        },
        {
            "position": [
                1.09256239106661,
                0.1467592128347765,
                0.5
            ],
            "radius": 0.021700883421299395,
            "heigth": 0.13419690063369163
        },
        {
            "position": [
                1.0662747789025655,
                0.11226695029894268,
                0.5
            ],
            "radius": 0.02229086956434123,
            "heigth": 0.14382133923917254
        }
    ],
    "target": [
        [
            1.0,
            0.0,
            0.0,
            1.1534894704818726
        ],
        [
            0.0,
            -0.9999999999999961,
            -8.742277974564334e-08,
            -0.001123561873100698
        ],
        [
            0.0,
            8.742277974564332e-08,
            -0.9999999999999961,
            0.6583824157714844
        ],
        [
            0.0,
            0.0,
            0.0,
            1.0
        ]
    ],
    "robot_base": [
        [
            1.0,
            0.0,
            0.0,
            0.0
        ],
        [
            0.0,
            1.0,
            0.0,
            -0.43593724757179486
        ],
        [
            0.0,
            0.0,
            1.0,
            0.0
        ],
        [
            0.0,
            0.0,
            0.0,
            1.0
        ]
    ]
}