{
    "cubes": [
        {
            "position": [
                1.5,
                0.0,
                0.5838695992456051
            ],
            "scale": [
                0.5,
                2.0,
                0.03
            ]
        }
    ],
    "cylinders": [
        {
            "position": [
                1.1797752979613065,
                0.1428614841236669,
                0.5
            ],
            "radius": 0.05357840473436704,
            "heigth": 0.11109209058592111
        },
        {
            "position": [
                1.1121909974118502,
                0.24509861832420676,
                0.5
            ],
            "radius": 0.0732508101804867,
            "heigth": 0.2720184022394327
        },
        {
            "position": [
                1.0121079108126643,
                -0.10150138141672765,
                0.5
            ],
            "radius": 0.037704829020909054,
            "heigth": 0.24295382611159985
        },
        {
            "position": [
                1.0887434580330497,
                -0.21333099188434235,
                0.5
            ],
            "radius": 0.03674002181809717,
            "heigth": 0.35260615390723177
        }
    ],
    "target": [
        [
            1.0,
            0.0,
            0.0,
            1.1534894704818726
        ],
        [
            0.0,
            -0.9999999999999961,
            -8.742277974564334e-08,
            -0.001123561873100698
        ],
        [
            0.0,
            8.742277974564332e-08,
            -0.9999999999999961,
            0.6583824157714844
        ],
        [
            0.0,
            0.0,
            0.0,
            1.0
        ]
    ],
    "robot_base": [
        [
            1.0,
            0.0,
            0.0,
            0.0
        ],
        [
            0.0,
            1.0,
            0.0,
            0.2098478280956234
        ],
        [
            0.0,
            0.0,
            1.0,
            0.0
        ],
        [
            0.0,
            0.0,
            0.0,
            1.0
        ]
    ]
}