{
    "cubes": [
        {
            "position": [
                1.5,
                0.0,
                0.5778368916378034
            ],
            "scale": [
                0.5,
                2.0,
                0.03
            ]
        }
    ],
    "cylinders": [
        {
            "position": [
                1.1548106303309043,
                -0.11387138381828688,
                0.5
            ],
            "radius": 0.0361988455142289,
            "heigth": 0.14245146106039003
        },
        {
            "position": [
                1.175575727953953,
                0.21307754701997939,
                0.5
            ],
            "radius": 0.04476039354923851,
            "heigth": 0.4776081636804236
        },
        {
            "position": [
                1.1680305967711875,
                0.11775171021352054,
                0.5
            ],
            "radius": 0.028726134964693797,
            "heigth": 0.11928761357226222
        },
        {
            "position": [
                1.0384848886416265,
                0.18723624095123087,
                0.5
            ],
            "radius": 0.02870458548063686,
            "heigth": 0.1764316484098592
        }
    ],
    "target": [
        [
            1.0,
            0.0,
            0.0,
            1.1534894704818726
        ],
        [
            0.0,
            -0.9999999999999961,
            -8.742277974564334e-08,
            -0.001123561873100698
        ],
        [
            0.0,
            8.742277974564332e-08,
            -0.9999999999999961,
            0.6583824157714844
        ],
        [
            0.0,
            0.0,
            0.0,
            1.0
        ]
    ],
    "robot_base": [
        [
            1.0,
            0.0,
            0.0,
            0.0
        ],
        [
            0.0,
            1.0,
            0.0,
            -0.14414839588674633
        ],
        [
            0.0,
            0.0,
            1.0,
            0.0
        ],
        [
            0.0,
            0.0,
            0.0,
            1.0
        ]
    ]
}