{
    "cubes": [
        {
            "position": [
                1.5,
                0.0,
                0.496087775593882
            ],
            "scale": [
                0.5,
                2.0,
                0.03
            ]
        }
    ],
    "cylinders": [
        {
            "position": [
                1.0956936213395765,
                -0.06999446556648325,
                0.5
            ],
            "radius": 0.02837615004628826,
            "heigth": 0.14530834383507235
        },
        {
            "position": [
                1.064282942326476,
                -0.16866159032692707,
                0.5
            ],
            "radius": 0.048066078763984874,
            "heigth": 0.1490849637202215
        },
        {
            "position": [
                1.0475024038473217,
                0.08116791077044261,
                0.5
            ],
            "radius": 0.053981079107877285,
            "heigth": 0.22123035011606984
        },
        {
            "position": [
                1.007463069122723,
                -0.16092451807405217,
                0.5
            ],
            "radius": 0.05192988685898618,
            "heigth": 0.26955489067407434
        }
    ],
    "target": [
        [
            1.0,
            0.0,
            0.0,
            1.1534894704818726
        ],
        [
            0.0,
            -0.9999999999999961,
            -8.742277974564334e-08,
            -0.001123561873100698
        ],
        [
            0.0,
            8.742277974564332e-08,
            -0.9999999999999961,
            0.6583824157714844
        ],
        [
            0.0,
            0.0,
            0.0,
            1.0
        ]
    ],
    "robot_base": [
        [
            1.0,
            0.0,
            0.0,
            0.0
        ],
        [
            0.0,
            1.0,
            0.0,
            0.45692670706549365
        ],
        [
            0.0,
            0.0,
            1.0,
            0.0
        ],
        [
            0.0,
            0.0,
            0.0,
            1.0
        ]
    ]
}