{
    "cubes": [
        {
            "position": [
                1.5,
                0.0,
                0.5423924104642939
            ],
            "scale": [
                0.5,
                2.0,
                0.03
            ]
        }
    ],
    "cylinders": [
        {
            "position": [
                1.1317324514800984,
                -0.19981776021855968,
                0.5
            ],
            "radius": 0.0420418478773399,
            "heigth": 0.34950946564030716
        },
        {
            "position": [
                1.0518833488122696,
                0.1396870707964794,
                0.5
            ],
            "radius": 0.06904141616508624,
            "heigth": 0.27588789478388165
        },
        {
            "position": [
                1.1362202379198412,
                0.19480100509069026,
                0.5
            ],
            "radius": 0.04192114912528819,
            "heigth": 0.29524557287731995
        },
        {
            "position": [
                1.0416127415434686,
                -0.1669170836843576,
                0.5
            ],
            "radius": 0.030659765979785557,
            "heigth": 0.4538832762895211
        }
    ],
    "target": [
        [
            1.0,
            0.0,
            0.0,
            1.1534894704818726
        ],
        [
            0.0,
            -0.9999999999999961,
            -8.742277974564334e-08,
            -0.001123561873100698
        ],
        [
            0.0,
            8.742277974564332e-08,
            -0.9999999999999961,
            0.6583824157714844
        ],
        [
            0.0,
            0.0,
            0.0,
            1.0
        ]
    ],
    "robot_base": [
        [
            1.0,
            0.0,
            0.0,
            0.0
        ],
        [
            0.0,
            1.0,
            0.0,
            0.4085066676033118
        ],
        [
            0.0,
            0.0,
            1.0,
            0.0
        ],
        [
            0.0,
            0.0,
            0.0,
            1.0
        ]
    ]
}