{
    "cubes": [
        {
            "position": [
                1.5,
                0.0,
                0.5888879625936534
            ],
            "scale": [
                0.5,
                2.0,
                0.03
            ]
        }
    ],
    "cylinders": [
        {
            "position": [
                1.0659620387587743,
                -0.22725901307590968,
                0.5
            ],
            "radius": 0.047240339953252705,
            "heigth": 0.3251019947200903
        },
        {
            "position": [
                1.1547601783272667,
                -0.04558430249254475,
                0.5
            ],
            "radius": 0.046909214670527916,
            "heigth": 0.13186573970930285
        },
        {
            "position": [
                1.181213251931771,
                0.2167645058496543,
                0.5
            ],
            "radius": 0.025558828068039236,
            "heigth": 0.3348843609812129
        },
        {
            "position": [
                1.066803245518918,
                -0.13139841669602448,
                0.5
            ],
            "radius": 0.04902765245007537,
            "heigth": 0.12099815580650161
        }
    ],
    "target": [
        [
            1.0,
            0.0,
            0.0,
            1.1534894704818726
        ],
        [
            0.0,
            -0.9999999999999961,
            -8.742277974564334e-08,
            -0.001123561873100698
        ],
        [
            0.0,
            8.742277974564332e-08,
            -0.9999999999999961,
            0.6583824157714844
        ],
        [
            0.0,
            0.0,
            0.0,
            1.0
        ]
    ],
    "robot_base": [
        [
            1.0,
            0.0,
            0.0,
            0.0
        ],
        [
            0.0,
            1.0,
            0.0,
            -0.2757705631549816
        ],
        [
            0.0,
            0.0,
            1.0,
            0.0
        ],
        [
            0.0,
            0.0,
            0.0,
            1.0
        ]
    ]
}