{
    "cubes": [
        {
            "position": [
                1.5,
                0.0,
                0.5358314149087462
            ],
            "scale": [
                0.5,
                2.0,
                0.03
            ]
        }
    ],
    "cylinders": [
        {
            "position": [
                1.1239025851562028,
                0.007218945549731737,
                0.5
            ],
            "radius": 0.05112135127840581,
            "heigth": 0.11540002154057871
        },
        {
            "position": [
                1.032199014418056,
                -0.1892173930762982,
                0.5
            ],
            "radius": 0.0728558134496787,
            "heigth": 0.18628921461750347
        },
        {
            "position": [
                1.0780312205420186,
                0.19375124435914626,
                0.5
            ],
            "radius": 0.04261988615345159,
            "heigth": 0.3332731846140109
        },
        {
            "position": [
                1.0499307326464977,
                0.014267989347325039,
                0.5
            ],
            "radius": 0.032070156410540326,
            "heigth": 0.1309222394801022
        }
    ],
    "target": [
        [
            1.0,
            0.0,
            0.0,
            1.1534894704818726
        ],
        [
            0.0,
            -0.9999999999999961,
            -8.742277974564334e-08,
            -0.001123561873100698
        ],
        [
            0.0,
            8.742277974564332e-08,
            -0.9999999999999961,
            0.6583824157714844
        ],
        [
            0.0,
            0.0,
            0.0,
            1.0
        ]
    ],
    "robot_base": [
        [
            1.0,
            0.0,
            0.0,
            0.0
        ],
        [
            0.0,
            1.0,
            0.0,
            0.311763535114955
        ],
        [
            0.0,
            0.0,
            1.0,
            0.0
        ],
        [
            0.0,
            0.0,
            0.0,
            1.0
        ]
    ]
}