{
    "cubes": [
        {
            "position": [
                1.5,
                0.0,
                0.5962415629807158
            ],
            "scale": [
                0.5,
                2.0,
                0.03
            ]
        }
    ],
    "cylinders": [
        {
            "position": [
                1.0255757396187217,
                0.07163023102686022,
                0.5
            ],
            "radius": 0.054100321990000935,
            "heigth": 0.16047863337080598
        },
        {
            "position": [
                1.0990285631279162,
                0.2043719633789829,
                0.5
            ],
            "radius": 0.06317973101353301,
            "heigth": 0.4488290016730837
        },
        {
            "position": [
                1.0022706899763214,
                -0.021146685725371317,
                0.5
            ],
            "radius": 0.05200071498904121,
            "heigth": 0.18163528631103953
        },
        {
            "position": [
                1.1603150205798722,
                -0.1989848928552816,
                0.5
            ],
            "radius": 0.03743033735361603,
            "heigth": 0.16668026778900635
        }
    ],
    "target": [
        [
            1.0,
            0.0,
            0.0,
            1.1534894704818726
        ],
        [
            0.0,
            -0.9999999999999961,
            -8.742277974564334e-08,
            -0.001123561873100698
        ],
        [
            0.0,
            8.742277974564332e-08,
            -0.9999999999999961,
            0.6583824157714844
        ],
        [
            0.0,
            0.0,
            0.0,
            1.0
        ]
    ],
    "robot_base": [
        [
            1.0,
            0.0,
            0.0,
            0.0
        ],
        [
            0.0,
            1.0,
            0.0,
            0.08711203237427423
        ],
        [
            0.0,
            0.0,
            1.0,
            0.0
        ],
        [
            0.0,
            0.0,
            0.0,
            1.0
        ]
    ]
}