{
    "cubes": [
        {
            "position": [
                1.5,
                0.0,
                0.5061383811800877
            ],
            "scale": [
                0.5,
                2.0,
                0.03
            ]
        }
    ],
    "cylinders": [
        {
            "position": [
                1.1257740823348756,
                -0.22329312209520652,
                0.5
            ],
            "radius": 0.06526971902910014,
            "heigth": 0.3283508283848504
        },
        {
            "position": [
                1.099652441132626,
                0.19377416933773806,
                0.5
            ],
            "radius": 0.07837615259799509,
            "heigth": 0.3293160344098349
        },
        {
            "position": [
                1.1157470040567894,
                0.21088927357749332,
                0.5
            ],
            "radius": 0.06561111992314611,
            "heigth": 0.35082965293153323
        },
        {
            "position": [
                1.0363166515131814,
                -0.1532313821927367,
                0.5
            ],
            "radius": 0.059828064423641386,
            "heigth": 0.4116965717816122
        }
    ],
    "target": [
        [
            1.0,
            0.0,
            0.0,
            1.1534894704818726
        ],
        [
            0.0,
            -0.9999999999999961,
            -8.742277974564334e-08,
            -0.001123561873100698
        ],
        [
            0.0,
            8.742277974564332e-08,
            -0.9999999999999961,
            0.6583824157714844
        ],
        [
            0.0,
            0.0,
            0.0,
            1.0
        ]
    ],
    "robot_base": [
        [
            1.0,
            0.0,
            0.0,
            0.0
        ],
        [
            0.0,
            1.0,
            0.0,
            -0.22598280114447344
        ],
        [
            0.0,
            0.0,
            1.0,
            0.0
        ],
        [
            0.0,
            0.0,
            0.0,
            1.0
        ]
    ]
}