{
    "cubes": [
        {
            "position": [
                1.5,
                0.0,
                0.5454292110249551
            ],
            "scale": [
                0.5,
                2.0,
                0.03
            ]
        }
    ],
    "cylinders": [
        {
            "position": [
                1.0174489267654145,
                -0.12339030277134427,
                0.5
            ],
            "radius": 0.07919711653411467,
            "heigth": 0.23755475124404082
        },
        {
            "position": [
                1.1626314697366777,
                0.15660561663917516,
                0.5
            ],
            "radius": 0.0324121604377934,
            "heigth": 0.14699544182757343
        },
        {
            "position": [
                1.005694123512473,
                -0.1082782684145025,
                0.5
            ],
            "radius": 0.07883006480764788,
            "heigth": 0.1011847990161274
        },
        {
            "position": [
                1.11140605679579,
                0.16477459039384362,
                0.5
            ],
            "radius": 0.043192880603814134,
            "heigth": 0.12407072163820795
        }
    ],
    "target": [
        [
            1.0,
            0.0,
            0.0,
            1.1534894704818726
        ],
        [
            0.0,
            -0.9999999999999961,
            -8.742277974564334e-08,
            -0.001123561873100698
        ],
        [
            0.0,
            8.742277974564332e-08,
            -0.9999999999999961,
            0.6583824157714844
        ],
        [
            0.0,
            0.0,
            0.0,
            1.0
        ]
    ],
    "robot_base": [
        [
            1.0,
            0.0,
            0.0,
            0.0
        ],
        [
            0.0,
            1.0,
            0.0,
            0.3682253449051608
        ],
        [
            0.0,
            0.0,
            1.0,
            0.0
        ],
        [
            0.0,
            0.0,
            0.0,
            1.0
        ]
    ]
}