{
    "cubes": [
        {
            "position": [
                1.5,
                0.0,
                0.4601395606247055
            ],
            "scale": [
                0.5,
                2.0,
                0.03
            ]
        }
    ],
    "cylinders": [
        {
            "position": [
                1.1931365976580854,
                0.17826937853667935,
                0.5
            ],
            "radius": 0.034566233557535145,
            "heigth": 0.11361972893191544
        },
        {
            "position": [
                1.133435857829879,
                -0.00578410281591224,
                0.5
            ],
            "radius": 0.05701101959500472,
            "heigth": 0.10354256915808205
        },
        {
            "position": [
                1.0585116259263763,
                0.21917014482108343,
                0.5
            ],
            "radius": 0.058222276012208245,
            "heigth": 0.22741888186538636
        },
        {
            "position": [
                1.0225524241906252,
                0.15957082879181783,
                0.5
            ],
            "radius": 0.03286053430866051,
            "heigth": 0.46700423594529983
        }
    ],
    "target": [
        [
            1.0,
            0.0,
            0.0,
            1.1534894704818726
        ],
        [
            0.0,
            -0.9999999999999961,
            -8.742277974564334e-08,
            -0.001123561873100698
        ],
        [
            0.0,
            8.742277974564332e-08,
            -0.9999999999999961,
            0.6583824157714844
        ],
        [
            0.0,
            0.0,
            0.0,
            1.0
        ]
    ],
    "robot_base": [
        [
            1.0,
            0.0,
            0.0,
            0.0
        ],
        [
            0.0,
            1.0,
            0.0,
            -0.14952148944166932
        ],
        [
            0.0,
            0.0,
            1.0,
            0.0
        ],
        [
            0.0,
            0.0,
            0.0,
            1.0
        ]
    ]
}