{
    "cubes": [
        {
            "position": [
                1.5,
                0.0,
                0.4287295977479293
            ],
            "scale": [
                0.5,
                2.0,
                0.03
            ]
        }
    ],
    "cylinders": [
        {
            "position": [
                1.04795063544685,
                -0.24291211345389746,
                0.5
            ],
            "radius": 0.03172723228094808,
            "heigth": 0.4746699025827962
        },
        {
            "position": [
                1.0101022662939847,
                0.21893502050478175,
                0.5
            ],
            "radius": 0.023846429433643998,
            "heigth": 0.12516388394857414
        },
        {
            "position": [
                1.0428830874186785,
                -0.23055559235885226,
                0.5
            ],
            "radius": 0.06355347762719135,
            "heigth": 0.27932268076081934
        },
        {
            "position": [
                1.054839104677526,
                -0.12161524105269972,
                0.5
            ],
            "radius": 0.025466307176561762,
            "heigth": 0.2840889884657716
        }
    ],
    "target": [
        [
            1.0,
            0.0,
            0.0,
            1.1534894704818726
        ],
        [
            0.0,
            -0.9999999999999961,
            -8.742277974564334e-08,
            -0.001123561873100698
        ],
        [
            0.0,
            8.742277974564332e-08,
            -0.9999999999999961,
            0.6583824157714844
        ],
        [
            0.0,
            0.0,
            0.0,
            1.0
        ]
    ],
    "robot_base": [
        [
            1.0,
            0.0,
            0.0,
            0.0
        ],
        [
            0.0,
            1.0,
            0.0,
            0.01743161070686583
        ],
        [
            0.0,
            0.0,
            1.0,
            0.0
        ],
        [
            0.0,
            0.0,
            0.0,
            1.0
        ]
    ]
}