{
    "cubes": [
        {
            "position": [
                1.5,
                0.0,
                0.4528681239511153
            ],
            "scale": [
                0.5,
                2.0,
                0.03
            ]
        }
    ],
    "cylinders": [
        {
            "position": [
                1.1295978593565208,
                -0.1823626270047966,
                0.5
            ],
            "radius": 0.059340057367225155,
            "heigth": 0.35508408706006084
        },
        {
            "position": [
                1.0375819372813186,
                -0.18730644995763768,
                0.5
            ],
            "radius": 0.062171539486278765,
            "heigth": 0.26959778495371545
        },
        {
            "position": [
                1.0500195071652805,
                -0.22908464377307547,
                0.5
            ],
            "radius": 0.03873086553671805,
            "heigth": 0.4536637509150121
        },
        {
            "position": [
                1.0264042134874225,
                0.034990505254967386,
                0.5
            ],
            "radius": 0.024149141215014276,
            "heigth": 0.2220451698839814
        }
    ],
    "target": [
        [
            1.0,
            0.0,
            0.0,
            1.1534894704818726
        ],
        [
            0.0,
            -0.9999999999999961,
            -8.742277974564334e-08,
            -0.001123561873100698
        ],
        [
            0.0,
            8.742277974564332e-08,
            -0.9999999999999961,
            0.6583824157714844
        ],
        [
            0.0,
            0.0,
            0.0,
            1.0
        ]
    ],
    "robot_base": [
        [
            1.0,
            0.0,
            0.0,
            0.0
        ],
        [
            0.0,
            1.0,
            0.0,
            -0.13085172751158491
        ],
        [
            0.0,
            0.0,
            1.0,
            0.0
        ],
        [
            0.0,
            0.0,
            0.0,
            1.0
        ]
    ]
}