{
    "cubes": [
        {
            "position": [
                1.5,
                0.0,
                0.5538124575445863
            ],
            "scale": [
                0.5,
                2.0,
                0.03
            ]
        }
    ],
    "cylinders": [
        {
            "position": [
                1.008132010960921,
                -0.03342383665519716,
                0.5
            ],
            "radius": 0.07666861635863029,
            "heigth": 0.2283513193995739
        },
        {
            "position": [
                1.174723780506647,
                -0.24562169289624308,
                0.5
            ],
            "radius": 0.05837120230882992,
            "heigth": 0.22920161703215486
        },
        {
            "position": [
                1.027547147826948,
                0.20936674608502642,
                0.5
            ],
            "radius": 0.028796100505762007,
            "heigth": 0.266674613234829
        },
        {
            "position": [
                1.1245244485352708,
                0.21469038984385846,
                0.5
            ],
            "radius": 0.027579668975017756,
            "heigth": 0.3098608684542412
        }
    ],
    "target": [
        [
            1.0,
            0.0,
            0.0,
            1.1534894704818726
        ],
        [
            0.0,
            -0.9999999999999961,
            -8.742277974564334e-08,
            -0.001123561873100698
        ],
        [
            0.0,
            8.742277974564332e-08,
            -0.9999999999999961,
            0.6583824157714844
        ],
        [
            0.0,
            0.0,
            0.0,
            1.0
        ]
    ],
    "robot_base": [
        [
            1.0,
            0.0,
            0.0,
            0.0
        ],
        [
            0.0,
            1.0,
            0.0,
            -0.19624358163940614
        ],
        [
            0.0,
            0.0,
            1.0,
            0.0
        ],
        [
            0.0,
            0.0,
            0.0,
            1.0
        ]
    ]
}