{
    "cubes": [
        {
            "position": [
                1.5,
                0.0,
                0.5071481383839189
            ],
            "scale": [
                0.5,
                2.0,
                0.03
            ]
        }
    ],
    "cylinders": [
        {
            "position": [
                1.0682424390340712,
                0.2212592303586165,
                0.5
            ],
            "radius": 0.06812050624555471,
            "heigth": 0.49188094165441354
        },
        {
            "position": [
                1.0752530912816665,
                0.057935337266819265,
                0.5
            ],
            "radius": 0.061686034472615774,
            "heigth": 0.155427283241376
        },
        {
            "position": [
                1.0206319411586116,
                0.150137733889545,
                0.5
            ],
            "radius": 0.05123810514762546,
            "heigth": 0.20058301147090696
        },
        {
            "position": [
                1.0029140897971025,
                0.23234223545105614,
                0.5
            ],
            "radius": 0.03520139613139865,
            "heigth": 0.10202165365837715
        }
    ],
    "target": [
        [
            1.0,
            0.0,
            0.0,
            1.1534894704818726
        ],
        [
            0.0,
            -0.9999999999999961,
            -8.742277974564334e-08,
            -0.001123561873100698
        ],
        [
            0.0,
            8.742277974564332e-08,
            -0.9999999999999961,
            0.6583824157714844
        ],
        [
            0.0,
            0.0,
            0.0,
            1.0
        ]
    ],
    "robot_base": [
        [
            1.0,
            0.0,
            0.0,
            0.0
        ],
        [
            0.0,
            1.0,
            0.0,
            0.3470158060960069
        ],
        [
            0.0,
            0.0,
            1.0,
            0.0
        ],
        [
            0.0,
            0.0,
            0.0,
            1.0
        ]
    ]
}