{
    "cubes": [
        {
            "position": [
                1.5,
                0.0,
                0.4279322633618739
            ],
            "scale": [
                0.5,
                2.0,
                0.03
            ]
        }
    ],
    "cylinders": [
        {
            "position": [
                1.1755265886784156,
                -0.21589521586075777,
                0.5
            ],
            "radius": 0.07513030615987609,
            "heigth": 0.14043913319147527
        },
        {
            "position": [
                1.0409597595988045,
                0.17521710459790651,
                0.5
            ],
            "radius": 0.03422721896549887,
            "heigth": 0.2527115489497095
        },
        {
            "position": [
                1.1943232793052707,
                -0.19001672690075616,
                0.5
            ],
            "radius": 0.057967294905602776,
            "heigth": 0.29129980596319327
        },
        {
            "position": [
                1.098889974995951,
                0.18332066773874178,
                0.5
            ],
            "radius": 0.057283968203208045,
            "heigth": 0.20751719606083396
        }
    ],
    "target": [
        [
            1.0,
            0.0,
            0.0,
            1.1534894704818726
        ],
        [
            0.0,
            -0.9999999999999961,
            -8.742277974564334e-08,
            -0.001123561873100698
        ],
        [
            0.0,
            8.742277974564332e-08,
            -0.9999999999999961,
            0.6583824157714844
        ],
        [
            0.0,
            0.0,
            0.0,
            1.0
        ]
    ],
    "robot_base": [
        [
            1.0,
            0.0,
            0.0,
            0.0
        ],
        [
            0.0,
            1.0,
            0.0,
            0.07130165869476701
        ],
        [
            0.0,
            0.0,
            1.0,
            0.0
        ],
        [
            0.0,
            0.0,
            0.0,
            1.0
        ]
    ]
}