{
    "cubes": [
        {
            "position": [
                1.5,
                0.0,
                0.5349796334715307
            ],
            "scale": [
                0.5,
                2.0,
                0.03
            ]
        }
    ],
    "cylinders": [
        {
            "position": [
                1.1808535769220436,
                0.24818064688594194,
                0.5
            ],
            "radius": 0.044291628349175396,
            "heigth": 0.17810801672286897
        },
        {
            "position": [
                1.1855129850715462,
                -0.18229272249674333,
                0.5
            ],
            "radius": 0.0780046652968952,
            "heigth": 0.1787803258163925
        },
        {
            "position": [
                1.109428439553066,
                -0.1724314430015082,
                0.5
            ],
            "radius": 0.0786093330118027,
            "heigth": 0.12668359523707812
        },
        {
            "position": [
                1.1993678036009732,
                0.11713102020950816,
                0.5
            ],
            "radius": 0.056102189177825446,
            "heigth": 0.14237130046274113
        }
    ],
    "target": [
        [
            1.0,
            0.0,
            0.0,
            1.1534894704818726
        ],
        [
            0.0,
            -0.9999999999999961,
            -8.742277974564334e-08,
            -0.001123561873100698
        ],
        [
            0.0,
            8.742277974564332e-08,
            -0.9999999999999961,
            0.6583824157714844
        ],
        [
            0.0,
            0.0,
            0.0,
            1.0
        ]
    ],
    "robot_base": [
        [
            1.0,
            0.0,
            0.0,
            0.0
        ],
        [
            0.0,
            1.0,
            0.0,
            0.41325400917321675
        ],
        [
            0.0,
            0.0,
            1.0,
            0.0
        ],
        [
            0.0,
            0.0,
            0.0,
            1.0
        ]
    ]
}