{
    "cubes": [
        {
            "position": [
                1.5,
                0.0,
                0.5483753673794975
            ],
            "scale": [
                0.5,
                2.0,
                0.03
            ]
        }
    ],
    "cylinders": [
        {
            "position": [
                1.0709375073327452,
                0.15124856124676817,
                0.5
            ],
            "radius": 0.06144874004820969,
            "heigth": 0.12267284357245509
        },
        {
            "position": [
                1.0149441343410464,
                -0.1264762448795259,
                0.5
            ],
            "radius": 0.059971909177590696,
            "heigth": 0.22390412873072219
        },
        {
            "position": [
                1.087512175475076,
                -0.22608464470812917,
                0.5
            ],
            "radius": 0.04568377916078978,
            "heigth": 0.3768491320097759
        },
        {
            "position": [
                1.0864366189655363,
                0.1950745061280441,
                0.5
            ],
            "radius": 0.058126198565894766,
            "heigth": 0.2395180368903321
        }
    ],
    "target": [
        [
            1.0,
            0.0,
            0.0,
            1.1534894704818726
        ],
        [
            0.0,
            -0.9999999999999961,
            -8.742277974564334e-08,
            -0.001123561873100698
        ],
        [
            0.0,
            8.742277974564332e-08,
            -0.9999999999999961,
            0.6583824157714844
        ],
        [
            0.0,
            0.0,
            0.0,
            1.0
        ]
    ],
    "robot_base": [
        [
            1.0,
            0.0,
            0.0,
            0.0
        ],
        [
            0.0,
            1.0,
            0.0,
            0.4787123875365613
        ],
        [
            0.0,
            0.0,
            1.0,
            0.0
        ],
        [
            0.0,
            0.0,
            0.0,
            1.0
        ]
    ]
}