{
    "cubes": [
        {
            "position": [
                1.5,
                0.0,
                0.4174471817473209
            ],
            "scale": [
                0.5,
                2.0,
                0.03
            ]
        }
    ],
    "cylinders": [
        {
            "position": [
                1.0775273240967043,
                0.24103119653656524,
                0.5
            ],
            "radius": 0.05428680489920506,
            "heigth": 0.36466342002223656
        },
        {
            "position": [
                1.088160726584715,
                -0.21382682923857432,
                0.5
            ],
            "radius": 0.04868435678154672,
            "heigth": 0.2254871339741925
        },
        {
            "position": [
                1.1826516756479668,
                -0.16312712533400625,
                0.5
            ],
            "radius": 0.02719393367154271,
            "heigth": 0.12564628334964859
        },
        {
            "position": [
                1.1479782099262608,
                0.007912919978611765,
                0.5
            ],
            "radius": 0.054126713228400875,
            "heigth": 0.12006545301027816
        }
    ],
    "target": [
        [
            1.0,
            0.0,
            0.0,
            1.1534894704818726
        ],
        [
            0.0,
            -0.9999999999999961,
            -8.742277974564334e-08,
            -0.001123561873100698
        ],
        [
            0.0,
            8.742277974564332e-08,
            -0.9999999999999961,
            0.6583824157714844
        ],
        [
            0.0,
            0.0,
            0.0,
            1.0
        ]
    ],
    "robot_base": [
        [
            1.0,
            0.0,
            0.0,
            0.0
        ],
        [
            0.0,
            1.0,
            0.0,
            0.006014923437265285
        ],
        [
            0.0,
            0.0,
            1.0,
            0.0
        ],
        [
            0.0,
            0.0,
            0.0,
            1.0
        ]
    ]
}