{
    "cubes": [
        {
            "position": [
                1.5,
                0.0,
                0.594798114725675
            ],
            "scale": [
                0.5,
                2.0,
                0.03
            ]
        }
    ],
    "cylinders": [
        {
            "position": [
                1.12886589805567,
                -0.2165938884335733,
                0.5
            ],
            "radius": 0.05581613502184867,
            "heigth": 0.46839542688209346
        },
        {
            "position": [
                1.0819374295951243,
                -0.21982872446751228,
                0.5
            ],
            "radius": 0.045441056362783505,
            "heigth": 0.11102903826571675
        },
        {
            "position": [
                1.0034962271580323,
                -0.1493731989324994,
                0.5
            ],
            "radius": 0.0767340306945335,
            "heigth": 0.21293951156247537
        },
        {
            "position": [
                1.0838839594612422,
                -0.07425394623583531,
                0.5
            ],
            "radius": 0.022280366714685737,
            "heigth": 0.14117113389109198
        }
    ],
    "target": [
        [
            1.0,
            0.0,
            0.0,
            1.1534894704818726
        ],
        [
            0.0,
            -0.9999999999999961,
            -8.742277974564334e-08,
            -0.001123561873100698
        ],
        [
            0.0,
            8.742277974564332e-08,
            -0.9999999999999961,
            0.6583824157714844
        ],
        [
            0.0,
            0.0,
            0.0,
            1.0
        ]
    ],
    "robot_base": [
        [
            1.0,
            0.0,
            0.0,
            0.0
        ],
        [
            0.0,
            1.0,
            0.0,
            -0.13272425763409468
        ],
        [
            0.0,
            0.0,
            1.0,
            0.0
        ],
        [
            0.0,
            0.0,
            0.0,
            1.0
        ]
    ]
}