{
    "cubes": [
        {
            "position": [
                1.5,
                0.0,
                0.49921003873664654
            ],
            "scale": [
                0.5,
                2.0,
                0.03
            ]
        }
    ],
    "cylinders": [
        {
            "position": [
                1.1277301014579544,
                -0.155756486550371,
                0.5
            ],
            "radius": 0.04798876378608899,
            "heigth": 0.1625886086145471
        },
        {
            "position": [
                1.1289284287280854,
                0.21054596571091178,
                0.5
            ],
            "radius": 0.046826183960724,
            "heigth": 0.3901629772984163
        },
        {
            "position": [
                1.010152856283003,
                -0.17272332457234357,
                0.5
            ],
            "radius": 0.021641813786506925,
            "heigth": 0.2730313754534871
        },
        {
            "position": [
                1.1467351511825588,
                0.14099007309260386,
                0.5
            ],
            "radius": 0.04756876697743294,
            "heigth": 0.17280337747637753
        }
    ],
    "target": [
        [
            1.0,
            0.0,
            0.0,
            1.1534894704818726
        ],
        [
            0.0,
            -0.9999999999999961,
            -8.742277974564334e-08,
            -0.001123561873100698
        ],
        [
            0.0,
            8.742277974564332e-08,
            -0.9999999999999961,
            0.6583824157714844
        ],
        [
            0.0,
            0.0,
            0.0,
            1.0
        ]
    ],
    "robot_base": [
        [
            1.0,
            0.0,
            0.0,
            0.0
        ],
        [
            0.0,
            1.0,
            0.0,
            -0.09652001563544033
        ],
        [
            0.0,
            0.0,
            1.0,
            0.0
        ],
        [
            0.0,
            0.0,
            0.0,
            1.0
        ]
    ]
}