{
    "cubes": [
        {
            "position": [
                1.5,
                0.0,
                0.5840577889933956
            ],
            "scale": [
                0.5,
                2.0,
                0.03
            ]
        }
    ],
    "cylinders": [
        {
            "position": [
                1.1508184861768884,
                0.19440874748978065,
                0.5
            ],
            "radius": 0.025053707737873934,
            "heigth": 0.34690612158724066
        },
        {
            "position": [
                1.0881413402285611,
                0.1873071973222148,
                0.5
            ],
            "radius": 0.058070223974906444,
            "heigth": 0.15678928822124616
        },
        {
            "position": [
                1.0888520975725609,
                0.16766831621366496,
                0.5
            ],
            "radius": 0.03777231317673939,
            "heigth": 0.2505467382447758
        },
        {
            "position": [
                1.1340511810560983,
                0.24813691601594218,
                0.5
            ],
            "radius": 0.04534718629206751,
            "heigth": 0.11791418686442408
        }
    ],
    "target": [
        [
            1.0,
            0.0,
            0.0,
            1.1534894704818726
        ],
        [
            0.0,
            -0.9999999999999961,
            -8.742277974564334e-08,
            -0.001123561873100698
        ],
        [
            0.0,
            8.742277974564332e-08,
            -0.9999999999999961,
            0.6583824157714844
        ],
        [
            0.0,
            0.0,
            0.0,
            1.0
        ]
    ],
    "robot_base": [
        [
            1.0,
            0.0,
            0.0,
            0.0
        ],
        [
            0.0,
            1.0,
            0.0,
            0.42136460798521513
        ],
        [
            0.0,
            0.0,
            1.0,
            0.0
        ],
        [
            0.0,
            0.0,
            0.0,
            1.0
        ]
    ]
}