{
    "cubes": [
        {
            "position": [
                1.5,
                0.0,
                0.4500883987987919
            ],
            "scale": [
                0.5,
                2.0,
                0.03
            ]
        }
    ],
    "cylinders": [
        {
            "position": [
                1.0358425290984987,
                0.20645098797308653,
                0.5
            ],
            "radius": 0.041252496546346024,
            "heigth": 0.32979890804440015
        },
        {
            "position": [
                1.115379600336619,
                0.09216538368700894,
                0.5
            ],
            "radius": 0.02888324863969048,
            "heigth": 0.16699315925896066
        },
        {
            "position": [
                1.0221503763517432,
                -0.16319009323262346,
                0.5
            ],
            "radius": 0.04995765683005398,
            "heigth": 0.21582539602367506
        },
        {
            "position": [
                1.0456232102884735,
                -0.1156987158217897,
                0.5
            ],
            "radius": 0.07573565968471724,
            "heigth": 0.17640813299897629
        }
    ],
    "target": [
        [
            1.0,
            0.0,
            0.0,
            1.1534894704818726
        ],
        [
            0.0,
            -0.9999999999999961,
            -8.742277974564334e-08,
            -0.001123561873100698
        ],
        [
            0.0,
            8.742277974564332e-08,
            -0.9999999999999961,
            0.6583824157714844
        ],
        [
            0.0,
            0.0,
            0.0,
            1.0
        ]
    ],
    "robot_base": [
        [
            1.0,
            0.0,
            0.0,
            0.0
        ],
        [
            0.0,
            1.0,
            0.0,
            0.1297583389950624
        ],
        [
            0.0,
            0.0,
            1.0,
            0.0
        ],
        [
            0.0,
            0.0,
            0.0,
            1.0
        ]
    ]
}