{
    "cubes": [
        {
            "position": [
                1.5,
                0.0,
                0.5780250178785006
            ],
            "scale": [
                0.5,
                2.0,
                0.03
            ]
        }
    ],
    "cylinders": [
        {
            "position": [
                1.0667083564748943,
                -0.125634220707303,
                0.5
            ],
            "radius": 0.02995877156352488,
            "heigth": 0.46772887546067904
        },
        {
            "position": [
                1.1767797042285264,
                -0.15342442453592764,
                0.5
            ],
            "radius": 0.042724783671259675,
            "heigth": 0.1927697355685204
        },
        {
            "position": [
                1.0119995704151794,
                -0.17298918515784756,
                0.5
            ],
            "radius": 0.07552201942436747,
            "heigth": 0.25135608432680434
        },
        {
            "position": [
                1.1266463695689564,
                0.20072047353030859,
                0.5
            ],
            "radius": 0.035988094287349545,
            "heigth": 0.33888802755269615
        }
    ],
    "target": [
        [
            1.0,
            0.0,
            0.0,
            1.1534894704818726
        ],
        [
            0.0,
            -0.9999999999999961,
            -8.742277974564334e-08,
            -0.001123561873100698
        ],
        [
            0.0,
            8.742277974564332e-08,
            -0.9999999999999961,
            0.6583824157714844
        ],
        [
            0.0,
            0.0,
            0.0,
            1.0
        ]
    ],
    "robot_base": [
        [
            1.0,
            0.0,
            0.0,
            0.0
        ],
        [
            0.0,
            1.0,
            0.0,
            -0.2936639838941333
        ],
        [
            0.0,
            0.0,
            1.0,
            0.0
        ],
        [
            0.0,
            0.0,
            0.0,
            1.0
        ]
    ]
}