{
    "cubes": [
        {
            "position": [
                1.5,
                0.0,
                0.5456446932121128
            ],
            "scale": [
                0.5,
                2.0,
                0.03
            ]
        }
    ],
    "cylinders": [
        {
            "position": [
                1.0098182021761506,
                -0.027775854247333753,
                0.5
            ],
            "radius": 0.05627448996809501,
            "heigth": 0.2890978468882885
        },
        {
            "position": [
                1.058691914128004,
                0.17999865803155518,
                0.5
            ],
            "radius": 0.029079725204107218,
            "heigth": 0.42471088063293166
        },
        {
            "position": [
                1.0076847234931798,
                0.1577064331783869,
                0.5
            ],
            "radius": 0.04318662714695221,
            "heigth": 0.37004630375676856
        },
        {
            "position": [
                1.1851824908233073,
                0.1544277871010638,
                0.5
            ],
            "radius": 0.02443536869449241,
            "heigth": 0.47168661401398454
        }
    ],
    "target": [
        [
            1.0,
            0.0,
            0.0,
            1.1534894704818726
        ],
        [
            0.0,
            -0.9999999999999961,
            -8.742277974564334e-08,
            -0.001123561873100698
        ],
        [
            0.0,
            8.742277974564332e-08,
            -0.9999999999999961,
            0.6583824157714844
        ],
        [
            0.0,
            0.0,
            0.0,
            1.0
        ]
    ],
    "robot_base": [
        [
            1.0,
            0.0,
            0.0,
            0.0
        ],
        [
            0.0,
            1.0,
            0.0,
            -0.4037851055496521
        ],
        [
            0.0,
            0.0,
            1.0,
            0.0
        ],
        [
            0.0,
            0.0,
            0.0,
            1.0
        ]
    ]
}