{
    "cubes": [
        {
            "position": [
                1.5,
                0.0,
                0.5357431857555399
            ],
            "scale": [
                0.5,
                2.0,
                0.03
            ]
        }
    ],
    "cylinders": [
        {
            "position": [
                1.1833712153105316,
                -0.24495938226336678,
                0.5
            ],
            "radius": 0.033277891469223386,
            "heigth": 0.4182303693441518
        },
        {
            "position": [
                1.0389987841191992,
                0.20689850610911148,
                0.5
            ],
            "radius": 0.023968252443384637,
            "heigth": 0.3472726032372859
        },
        {
            "position": [
                1.0439768209188762,
                0.1955353252099854,
                0.5
            ],
            "radius": 0.02604344036690089,
            "heigth": 0.1489786632959022
        },
        {
            "position": [
                1.078996929581401,
                -0.21724242783932102,
                0.5
            ],
            "radius": 0.07225797575379186,
            "heigth": 0.3331209063876047
        }
    ],
    "target": [
        [
            1.0,
            0.0,
            0.0,
            1.1534894704818726
        ],
        [
            0.0,
            -0.9999999999999961,
            -8.742277974564334e-08,
            -0.001123561873100698
        ],
        [
            0.0,
            8.742277974564332e-08,
            -0.9999999999999961,
            0.6583824157714844
        ],
        [
            0.0,
            0.0,
            0.0,
            1.0
        ]
    ],
    "robot_base": [
        [
            1.0,
            0.0,
            0.0,
            0.0
        ],
        [
            0.0,
            1.0,
            0.0,
            -0.005027171217491078
        ],
        [
            0.0,
            0.0,
            1.0,
            0.0
        ],
        [
            0.0,
            0.0,
            0.0,
            1.0
        ]
    ]
}