{
    "cubes": [
        {
            "position": [
                1.5,
                0.0,
                0.5635009537750825
            ],
            "scale": [
                0.5,
                2.0,
                0.03
            ]
        }
    ],
    "cylinders": [
        {
            "position": [
                1.1044251359809927,
                0.24330938641031946,
                0.5
            ],
            "radius": 0.06230210453962609,
            "heigth": 0.298840338993817
        },
        {
            "position": [
                1.1370709590375527,
                0.1885543967891547,
                0.5
            ],
            "radius": 0.05021272634732848,
            "heigth": 0.4261177415380443
        },
        {
            "position": [
                1.154914840642184,
                0.23578989253629706,
                0.5
            ],
            "radius": 0.0602113297381834,
            "heigth": 0.27509271468683194
        },
        {
            "position": [
                1.112330237910753,
                0.07023215220846435,
                0.5
            ],
            "radius": 0.020041877892781144,
            "heigth": 0.1595332116442514
        }
    ],
    "target": [
        [
            1.0,
            0.0,
            0.0,
            1.1534894704818726
        ],
        [
            0.0,
            -0.9999999999999961,
            -8.742277974564334e-08,
            -0.001123561873100698
        ],
        [
            0.0,
            8.742277974564332e-08,
            -0.9999999999999961,
            0.6583824157714844
        ],
        [
            0.0,
            0.0,
            0.0,
            1.0
        ]
    ],
    "robot_base": [
        [
            1.0,
            0.0,
            0.0,
            0.0
        ],
        [
            0.0,
            1.0,
            0.0,
            0.15485226265752372
        ],
        [
            0.0,
            0.0,
            1.0,
            0.0
        ],
        [
            0.0,
            0.0,
            0.0,
            1.0
        ]
    ]
}