{
    "cubes": [
        {
            "position": [
                1.5,
                0.0,
                0.5914144794894695
            ],
            "scale": [
                0.5,
                2.0,
                0.03
            ]
        }
    ],
    "cylinders": [
        {
            "position": [
                1.1819339833264906,
                -0.08793140250464421,
                0.5
            ],
            "radius": 0.06628534353857349,
            "heigth": 0.12956229809838463
        },
        {
            "position": [
                1.0001377628296768,
                -0.1103922177894337,
                0.5
            ],
            "radius": 0.06328061507263288,
            "heigth": 0.31426197148533974
        },
        {
            "position": [
                1.0755820623172467,
                -0.21011560218099762,
                0.5
            ],
            "radius": 0.026599903787688457,
            "heigth": 0.46519476543986016
        },
        {
            "position": [
                1.1019246921407169,
                -0.13417494605738672,
                0.5
            ],
            "radius": 0.06261692134264515,
            "heigth": 0.13355321542717374
        }
    ],
    "target": [
        [
            1.0,
            0.0,
            0.0,
            1.1534894704818726
        ],
        [
            0.0,
            -0.9999999999999961,
            -8.742277974564334e-08,
            -0.001123561873100698
        ],
        [
            0.0,
            8.742277974564332e-08,
            -0.9999999999999961,
            0.6583824157714844
        ],
        [
            0.0,
            0.0,
            0.0,
            1.0
        ]
    ],
    "robot_base": [
        [
            1.0,
            0.0,
            0.0,
            0.0
        ],
        [
            0.0,
            1.0,
            0.0,
            0.48260047709729537
        ],
        [
            0.0,
            0.0,
            1.0,
            0.0
        ],
        [
            0.0,
            0.0,
            0.0,
            1.0
        ]
    ]
}