{
    "cubes": [
        {
            "position": [
                1.5,
                0.0,
                0.40930507356022566
            ],
            "scale": [
                0.5,
                2.0,
                0.03
            ]
        }
    ],
    "cylinders": [
        {
            "position": [
                1.1432199940796122,
                -0.23415359657094292,
                0.5
            ],
            "radius": 0.05270686204087384,
            "heigth": 0.3603861422000946
        },
        {
            "position": [
                1.0269931245251698,
                0.1674113038080624,
                0.5
            ],
            "radius": 0.031526134281017276,
            "heigth": 0.19232554114360945
        },
        {
            "position": [
                1.1435936232253945,
                -0.21531936407342261,
                0.5
            ],
            "radius": 0.04677105883460471,
            "heigth": 0.18206300435196854
        },
        {
            "position": [
                1.0814098340507678,
                -0.21423175328278266,
                0.5
            ],
            "radius": 0.046975846704181715,
            "heigth": 0.10299312928759814
        }
    ],
    "target": [
        [
            1.0,
            0.0,
            0.0,
            1.1534894704818726
        ],
        [
            0.0,
            -0.9999999999999961,
            -8.742277974564334e-08,
            -0.001123561873100698
        ],
        [
            0.0,
            8.742277974564332e-08,
            -0.9999999999999961,
            0.6583824157714844
        ],
        [
            0.0,
            0.0,
            0.0,
            1.0
        ]
    ],
    "robot_base": [
        [
            1.0,
            0.0,
            0.0,
            0.0
        ],
        [
            0.0,
            1.0,
            0.0,
            -0.43682519882772297
        ],
        [
            0.0,
            0.0,
            1.0,
            0.0
        ],
        [
            0.0,
            0.0,
            0.0,
            1.0
        ]
    ]
}