{
    "cubes": [
        {
            "position": [
                1.5,
                0.0,
                0.41021451019079846
            ],
            "scale": [
                0.5,
                2.0,
                0.03
            ]
        }
    ],
    "cylinders": [
        {
            "position": [
                1.1191958157305713,
                0.2182823913773923,
                0.5
            ],
            "radius": 0.06126779151008446,
            "heigth": 0.34431082648673267
        },
        {
            "position": [
                1.10092542833422,
                0.056909409126352783,
                0.5
            ],
            "radius": 0.03320343080775018,
            "heigth": 0.11341988728575647
        },
        {
            "position": [
                1.002191493630681,
                0.06758448608288758,
                0.5
            ],
            "radius": 0.038220152315940455,
            "heigth": 0.12207199306424069
        },
        {
            "position": [
                1.1084956565034665,
                -0.1358734132417695,
                0.5
            ],
            "radius": 0.03472519372739519,
            "heigth": 0.12059709787662795
        }
    ],
    "target": [
        [
            1.0,
            0.0,
            0.0,
            1.1534894704818726
        ],
        [
            0.0,
            -0.9999999999999961,
            -8.742277974564334e-08,
            -0.001123561873100698
        ],
        [
            0.0,
            8.742277974564332e-08,
            -0.9999999999999961,
            0.6583824157714844
        ],
        [
            0.0,
            0.0,
            0.0,
            1.0
        ]
    ],
    "robot_base": [
        [
            1.0,
            0.0,
            0.0,
            0.0
        ],
        [
            0.0,
            1.0,
            0.0,
            0.08659745086970205
        ],
        [
            0.0,
            0.0,
            1.0,
            0.0
        ],
        [
            0.0,
            0.0,
            0.0,
            1.0
        ]
    ]
}