{
    "cubes": [
        {
            "position": [
                1.5,
                0.0,
                0.4062617858972749
            ],
            "scale": [
                0.5,
                2.0,
                0.03
            ]
        }
    ],
    "cylinders": [
        {
            "position": [
                1.0223750583506341,
                0.24557650609470216,
                0.5
            ],
            "radius": 0.0584190334849659,
            "heigth": 0.48846752363150026
        },
        {
            "position": [
                1.0073545277844962,
                -0.03665667903338293,
                0.5
            ],
            "radius": 0.06900368393453583,
            "heigth": 0.1771218201072933
        },
        {
            "position": [
                1.1792278418236362,
                0.16485079865890007,
                0.5
            ],
            "radius": 0.021074696404908087,
            "heigth": 0.12972050254000192
        },
        {
            "position": [
                1.0044287769310205,
                -0.008559926628567138,
                0.5
            ],
            "radius": 0.03271541752729949,
            "heigth": 0.41914680464465814
        }
    ],
    "target": [
        [
            1.0,
            0.0,
            0.0,
            1.1534894704818726
        ],
        [
            0.0,
            -0.9999999999999961,
            -8.742277974564334e-08,
            -0.001123561873100698
        ],
        [
            0.0,
            8.742277974564332e-08,
            -0.9999999999999961,
            0.6583824157714844
        ],
        [
            0.0,
            0.0,
            0.0,
            1.0
        ]
    ],
    "robot_base": [
        [
            1.0,
            0.0,
            0.0,
            0.0
        ],
        [
            0.0,
            1.0,
            0.0,
            -0.3216380176301826
        ],
        [
            0.0,
            0.0,
            1.0,
            0.0
        ],
        [
            0.0,
            0.0,
            0.0,
            1.0
        ]
    ]
}