{
    "cubes": [
        {
            "position": [
                1.5,
                0.0,
                0.5333597379879068
            ],
            "scale": [
                0.5,
                2.0,
                0.03
            ]
        }
    ],
    "cylinders": [
        {
            "position": [
                1.0362268223645965,
                -0.09638732540145523,
                0.5
            ],
            "radius": 0.07458461795265617,
            "heigth": 0.1601435789410518
        },
        {
            "position": [
                1.087418741078472,
                -0.21852205631025357,
                0.5
            ],
            "radius": 0.0528238016306776,
            "heigth": 0.45712172491548814
        },
        {
            "position": [
                1.1673521824394395,
                0.041691038951688464,
                0.5
            ],
            "radius": 0.05207126220997136,
            "heigth": 0.109290062525273
        },
        {
            "position": [
                1.154111788661648,
                0.16075327483940394,
                0.5
            ],
            "radius": 0.039268577882602226,
            "heigth": 0.22463133590218634
        }
    ],
    "target": [
        [
            1.0,
            0.0,
            0.0,
            1.1534894704818726
        ],
        [
            0.0,
            -0.9999999999999961,
            -8.742277974564334e-08,
            -0.001123561873100698
        ],
        [
            0.0,
            8.742277974564332e-08,
            -0.9999999999999961,
            0.6583824157714844
        ],
        [
            0.0,
            0.0,
            0.0,
            1.0
        ]
    ],
    "robot_base": [
        [
            1.0,
            0.0,
            0.0,
            0.0
        ],
        [
            0.0,
            1.0,
            0.0,
            -0.15239004055832495
        ],
        [
            0.0,
            0.0,
            1.0,
            0.0
        ],
        [
            0.0,
            0.0,
            0.0,
            1.0
        ]
    ]
}