{
    "cubes": [
        {
            "position": [
                1.5,
                0.0,
                0.4693608550296728
            ],
            "scale": [
                0.5,
                2.0,
                0.03
            ]
        }
    ],
    "cylinders": [
        {
            "position": [
                1.1373395941472186,
                0.20190832475668674,
                0.5
            ],
            "radius": 0.048598337513622386,
            "heigth": 0.33872228519280323
        },
        {
            "position": [
                1.0624842489831658,
                -0.014722363003861594,
                0.5
            ],
            "radius": 0.02646489386116656,
            "heigth": 0.1680416296119032
        },
        {
            "position": [
                1.0215771169835743,
                -0.0998837337229822,
                0.5
            ],
            "radius": 0.04543698540793638,
            "heigth": 0.4856905198281658
        },
        {
            "position": [
                1.0431962989104648,
                -0.12715133445820992,
                0.5
            ],
            "radius": 0.04740078592202588,
            "heigth": 0.21644137708880007
        }
    ],
    "target": [
        [
            1.0,
            0.0,
            0.0,
            1.1534894704818726
        ],
        [
            0.0,
            -0.9999999999999961,
            -8.742277974564334e-08,
            -0.001123561873100698
        ],
        [
            0.0,
            8.742277974564332e-08,
            -0.9999999999999961,
            0.6583824157714844
        ],
        [
            0.0,
            0.0,
            0.0,
            1.0
        ]
    ],
    "robot_base": [
        [
            1.0,
            0.0,
            0.0,
            0.0
        ],
        [
            0.0,
            1.0,
            0.0,
            -0.2021744073696159
        ],
        [
            0.0,
            0.0,
            1.0,
            0.0
        ],
        [
            0.0,
            0.0,
            0.0,
            1.0
        ]
    ]
}