{
    "cubes": [
        {
            "position": [
                1.5,
                0.0,
                0.47702314903945403
            ],
            "scale": [
                0.5,
                2.0,
                0.03
            ]
        }
    ],
    "cylinders": [
        {
            "position": [
                1.0420811307112516,
                -0.24175546919166568,
                0.5
            ],
            "radius": 0.06792567927225052,
            "heigth": 0.16892261542596776
        },
        {
            "position": [
                1.1693089236601188,
                -0.2051796831363194,
                0.5
            ],
            "radius": 0.03235241529452927,
            "heigth": 0.4535091666354717
        },
        {
            "position": [
                1.1615629191594108,
                -0.24943893301907383,
                0.5
            ],
            "radius": 0.027872102550719525,
            "heigth": 0.1675338473531809
        },
        {
            "position": [
                1.039099029214748,
                0.024922845318741005,
                0.5
            ],
            "radius": 0.04444340213914304,
            "heigth": 0.16841869693465256
        }
    ],
    "target": [
        [
            1.0,
            0.0,
            0.0,
            1.1534894704818726
        ],
        [
            0.0,
            -0.9999999999999961,
            -8.742277974564334e-08,
            -0.001123561873100698
        ],
        [
            0.0,
            8.742277974564332e-08,
            -0.9999999999999961,
            0.6583824157714844
        ],
        [
            0.0,
            0.0,
            0.0,
            1.0
        ]
    ],
    "robot_base": [
        [
            1.0,
            0.0,
            0.0,
            0.0
        ],
        [
            0.0,
            1.0,
            0.0,
            0.14239734110030722
        ],
        [
            0.0,
            0.0,
            1.0,
            0.0
        ],
        [
            0.0,
            0.0,
            0.0,
            1.0
        ]
    ]
}