{
    "cubes": [
        {
            "position": [
                1.5,
                0.0,
                0.5533402831113127
            ],
            "scale": [
                0.5,
                2.0,
                0.03
            ]
        }
    ],
    "cylinders": [
        {
            "position": [
                1.1644205608976435,
                -0.14344140704055075,
                0.5
            ],
            "radius": 0.03406512658864601,
            "heigth": 0.14077217505497638
        },
        {
            "position": [
                1.0654251379958772,
                -0.14826298457393883,
                0.5
            ],
            "radius": 0.025758642132109735,
            "heigth": 0.3073651785727607
        },
        {
            "position": [
                1.1651171643570812,
                -0.037855296497341595,
                0.5
            ],
            "radius": 0.07260633556062776,
            "heigth": 0.11742617648963008
        },
        {
            "position": [
                1.084255007448774,
                -0.15085698881238485,
                0.5
            ],
            "radius": 0.02357933721703624,
            "heigth": 0.4182003285485826
        }
    ],
    "target": [
        [
            1.0,
            0.0,
            0.0,
            1.1534894704818726
        ],
        [
            0.0,
            -0.9999999999999961,
            -8.742277974564334e-08,
            -0.001123561873100698
        ],
        [
            0.0,
            8.742277974564332e-08,
            -0.9999999999999961,
            0.6583824157714844
        ],
        [
            0.0,
            0.0,
            0.0,
            1.0
        ]
    ],
    "robot_base": [
        [
            1.0,
            0.0,
            0.0,
            0.0
        ],
        [
            0.0,
            1.0,
            0.0,
            -0.04633312278802548
        ],
        [
            0.0,
            0.0,
            1.0,
            0.0
        ],
        [
            0.0,
            0.0,
            0.0,
            1.0
        ]
    ]
}