{
    "cubes": [
        {
            "position": [
                1.5,
                0.0,
                0.4627283001742559
            ],
            "scale": [
                0.5,
                2.0,
                0.03
            ]
        }
    ],
    "cylinders": [
        {
            "position": [
                1.1102597994014587,
                0.16546647915088447,
                0.5
            ],
            "radius": 0.025813673840412412,
            "heigth": 0.11177948167159524
        },
        {
            "position": [
                1.0426419414667047,
                -0.0997388894260775,
                0.5
            ],
            "radius": 0.027009866136661863,
            "heigth": 0.31488475870336674
        },
        {
            "position": [
                1.0907936853633449,
                -0.23498856960429587,
                0.5
            ],
            "radius": 0.03341011616761139,
            "heigth": 0.11445514691902255
        },
        {
            "position": [
                1.119882488163964,
                0.23426701152378526,
                0.5
            ],
            "radius": 0.059866558151117806,
            "heigth": 0.3540772227852112
        }
    ],
    "target": [
        [
            1.0,
            0.0,
            0.0,
            1.1534894704818726
        ],
        [
            0.0,
            -0.9999999999999961,
            -8.742277974564334e-08,
            -0.001123561873100698
        ],
        [
            0.0,
            8.742277974564332e-08,
            -0.9999999999999961,
            0.6583824157714844
        ],
        [
            0.0,
            0.0,
            0.0,
            1.0
        ]
    ],
    "robot_base": [
        [
            1.0,
            0.0,
            0.0,
            0.0
        ],
        [
            0.0,
            1.0,
            0.0,
            0.27693364607224635
        ],
        [
            0.0,
            0.0,
            1.0,
            0.0
        ],
        [
            0.0,
            0.0,
            0.0,
            1.0
        ]
    ]
}