{
    "cubes": [
        {
            "position": [
                1.5,
                0.0,
                0.530064846399485
            ],
            "scale": [
                0.5,
                2.0,
                0.03
            ]
        }
    ],
    "cylinders": [
        {
            "position": [
                1.1828822664822118,
                0.13776395589200396,
                0.5
            ],
            "radius": 0.07958790195040537,
            "heigth": 0.15172552268232387
        },
        {
            "position": [
                1.0560710408665828,
                0.13559061787998933,
                0.5
            ],
            "radius": 0.04101667633145523,
            "heigth": 0.2784381833509142
        },
        {
            "position": [
                1.063816881711935,
                0.18639003073706673,
                0.5
            ],
            "radius": 0.03042566758312317,
            "heigth": 0.46574619713523957
        },
        {
            "position": [
                1.1728343852614485,
                -0.20732503500543592,
                0.5
            ],
            "radius": 0.03674421392659766,
            "heigth": 0.24939588247896113
        }
    ],
    "target": [
        [
            1.0,
            0.0,
            0.0,
            1.1534894704818726
        ],
        [
            0.0,
            -0.9999999999999961,
            -8.742277974564334e-08,
            -0.001123561873100698
        ],
        [
            0.0,
            8.742277974564332e-08,
            -0.9999999999999961,
            0.6583824157714844
        ],
        [
            0.0,
            0.0,
            0.0,
            1.0
        ]
    ],
    "robot_base": [
        [
            1.0,
            0.0,
            0.0,
            0.0
        ],
        [
            0.0,
            1.0,
            0.0,
            0.41785837341652
        ],
        [
            0.0,
            0.0,
            1.0,
            0.0
        ],
        [
            0.0,
            0.0,
            0.0,
            1.0
        ]
    ]
}