{
    "cubes": [
        {
            "position": [
                1.5,
                0.0,
                0.4011618602524649
            ],
            "scale": [
                0.5,
                2.0,
                0.03
            ]
        }
    ],
    "cylinders": [
        {
            "position": [
                1.1720574398358103,
                -0.24441259596865472,
                0.5
            ],
            "radius": 0.03402004038383417,
            "heigth": 0.33056881114827186
        },
        {
            "position": [
                1.0493084375710295,
                -0.09292744772310257,
                0.5
            ],
            "radius": 0.04035038092379791,
            "heigth": 0.4591481144278128
        },
        {
            "position": [
                1.0941163500652122,
                0.1380586174324696,
                0.5
            ],
            "radius": 0.024983472166779076,
            "heigth": 0.15052129827251773
        },
        {
            "position": [
                1.173034989270101,
                0.21904410099445226,
                0.5
            ],
            "radius": 0.06550983140172799,
            "heigth": 0.22375534792868756
        }
    ],
    "target": [
        [
            1.0,
            0.0,
            0.0,
            1.1534894704818726
        ],
        [
            0.0,
            -0.9999999999999961,
            -8.742277974564334e-08,
            -0.001123561873100698
        ],
        [
            0.0,
            8.742277974564332e-08,
            -0.9999999999999961,
            0.6583824157714844
        ],
        [
            0.0,
            0.0,
            0.0,
            1.0
        ]
    ],
    "robot_base": [
        [
            1.0,
            0.0,
            0.0,
            0.0
        ],
        [
            0.0,
            1.0,
            0.0,
            -0.12220538077824505
        ],
        [
            0.0,
            0.0,
            1.0,
            0.0
        ],
        [
            0.0,
            0.0,
            0.0,
            1.0
        ]
    ]
}