{
    "cubes": [
        {
            "position": [
                1.5,
                0.0,
                0.5624735381626579
            ],
            "scale": [
                0.5,
                2.0,
                0.03
            ]
        }
    ],
    "cylinders": [
        {
            "position": [
                1.088613982434139,
                -0.16337292659005326,
                0.5
            ],
            "radius": 0.03260254954842302,
            "heigth": 0.2713495340850034
        },
        {
            "position": [
                1.03482326610852,
                0.24000764299667776,
                0.5
            ],
            "radius": 0.07683096187354924,
            "heigth": 0.16219544627533228
        },
        {
            "position": [
                1.03297885763327,
                0.23441127899035535,
                0.5
            ],
            "radius": 0.067391172955904,
            "heigth": 0.30808558227977717
        },
        {
            "position": [
                1.192845210278814,
                -0.13342662753884338,
                0.5
            ],
            "radius": 0.06410606346587883,
            "heigth": 0.1054169616076022
        }
    ],
    "target": [
        [
            1.0,
            0.0,
            0.0,
            1.1534894704818726
        ],
        [
            0.0,
            -0.9999999999999961,
            -8.742277974564334e-08,
            -0.001123561873100698
        ],
        [
            0.0,
            8.742277974564332e-08,
            -0.9999999999999961,
            0.6583824157714844
        ],
        [
            0.0,
            0.0,
            0.0,
            1.0
        ]
    ],
    "robot_base": [
        [
            1.0,
            0.0,
            0.0,
            0.0
        ],
        [
            0.0,
            1.0,
            0.0,
            0.49300444466704185
        ],
        [
            0.0,
            0.0,
            1.0,
            0.0
        ],
        [
            0.0,
            0.0,
            0.0,
            1.0
        ]
    ]
}