{
    "cubes": [
        {
            "position": [
                1.5,
                0.0,
                0.5202262088424496
            ],
            "scale": [
                0.5,
                2.0,
                0.03
            ]
        }
    ],
    "cylinders": [
        {
            "position": [
                1.1507314267428566,
                0.02891224942984122,
                0.5
            ],
            "radius": 0.029467252538956726,
            "heigth": 0.12232455786992594
        },
        {
            "position": [
                1.03835441235086,
                0.2499617607731635,
                0.5
            ],
            "radius": 0.04810065378152761,
            "heigth": 0.1161566782281824
        },
        {
            "position": [
                1.0195408733188311,
                0.17168535000834945,
                0.5
            ],
            "radius": 0.06660957559994934,
            "heigth": 0.2312349595629011
        },
        {
            "position": [
                1.0639707708927364,
                0.11476857087698383,
                0.5
            ],
            "radius": 0.033522262406761795,
            "heigth": 0.12939818386347018
        }
    ],
    "target": [
        [
            1.0,
            0.0,
            0.0,
            1.1534894704818726
        ],
        [
            0.0,
            -0.9999999999999961,
            -8.742277974564334e-08,
            -0.001123561873100698
        ],
        [
            0.0,
            8.742277974564332e-08,
            -0.9999999999999961,
            0.6583824157714844
        ],
        [
            0.0,
            0.0,
            0.0,
            1.0
        ]
    ],
    "robot_base": [
        [
            1.0,
            0.0,
            0.0,
            0.0
        ],
        [
            0.0,
            1.0,
            0.0,
            -0.11563820795956403
        ],
        [
            0.0,
            0.0,
            1.0,
            0.0
        ],
        [
            0.0,
            0.0,
            0.0,
            1.0
        ]
    ]
}