{
    "cubes": [
        {
            "position": [
                1.5,
                0.0,
                0.538046505100442
            ],
            "scale": [
                0.5,
                2.0,
                0.03
            ]
        }
    ],
    "cylinders": [
        {
            "position": [
                1.0382858737084903,
                -0.12327497372979773,
                0.5
            ],
            "radius": 0.03677947251452243,
            "heigth": 0.47443401928348955
        },
        {
            "position": [
                1.1223124334027452,
                -0.11839845931374099,
                0.5
            ],
            "radius": 0.06175505021167944,
            "heigth": 0.12269048997229619
        },
        {
            "position": [
                1.0373650364531024,
                -0.17273010003193678,
                0.5
            ],
            "radius": 0.02228186621187117,
            "heigth": 0.18191554849062025
        },
        {
            "position": [
                1.0045368530411527,
                -0.052838924075175264,
                0.5
            ],
            "radius": 0.03513809801202522,
            "heigth": 0.3842879986293686
        }
    ],
    "target": [
        [
            1.0,
            0.0,
            0.0,
            1.1534894704818726
        ],
        [
            0.0,
            -0.9999999999999961,
            -8.742277974564334e-08,
            -0.001123561873100698
        ],
        [
            0.0,
            8.742277974564332e-08,
            -0.9999999999999961,
            0.6583824157714844
        ],
        [
            0.0,
            0.0,
            0.0,
            1.0
        ]
    ],
    "robot_base": [
        [
            1.0,
            0.0,
            0.0,
            0.0
        ],
        [
            0.0,
            1.0,
            0.0,
            -0.3666592375749643
        ],
        [
            0.0,
            0.0,
            1.0,
            0.0
        ],
        [
            0.0,
            0.0,
            0.0,
            1.0
        ]
    ]
}