{
    "cubes": [
        {
            "position": [
                1.5,
                0.0,
                0.4171975437002842
            ],
            "scale": [
                0.5,
                2.0,
                0.03
            ]
        }
    ],
    "cylinders": [
        {
            "position": [
                1.0966239833299798,
                -0.13406690176822927,
                0.5
            ],
            "radius": 0.050252496822879134,
            "heigth": 0.16740951118470604
        },
        {
            "position": [
                1.1831573137702245,
                0.17784195833876626,
                0.5
            ],
            "radius": 0.03748941664758483,
            "heigth": 0.18460531818745096
        },
        {
            "position": [
                1.0673183066075143,
                -0.0030263580530455747,
                0.5
            ],
            "radius": 0.04233835042220031,
            "heigth": 0.1415382740598599
        },
        {
            "position": [
                1.035060944077245,
                0.00240808055272268,
                0.5
            ],
            "radius": 0.07305674623613911,
            "heigth": 0.1801357714086556
        }
    ],
    "target": [
        [
            1.0,
            0.0,
            0.0,
            1.1534894704818726
        ],
        [
            0.0,
            -0.9999999999999961,
            -8.742277974564334e-08,
            -0.001123561873100698
        ],
        [
            0.0,
            8.742277974564332e-08,
            -0.9999999999999961,
            0.6583824157714844
        ],
        [
            0.0,
            0.0,
            0.0,
            1.0
        ]
    ],
    "robot_base": [
        [
            1.0,
            0.0,
            0.0,
            0.0
        ],
        [
            0.0,
            1.0,
            0.0,
            0.39476064095356744
        ],
        [
            0.0,
            0.0,
            1.0,
            0.0
        ],
        [
            0.0,
            0.0,
            0.0,
            1.0
        ]
    ]
}