{
    "cubes": [
        {
            "position": [
                1.5,
                0.0,
                0.50626445636709
            ],
            "scale": [
                0.5,
                2.0,
                0.03
            ]
        }
    ],
    "cylinders": [
        {
            "position": [
                1.1352848827265853,
                0.24334795857888358,
                0.5
            ],
            "radius": 0.03128304986862928,
            "heigth": 0.3940145818735656
        },
        {
            "position": [
                1.0222561733778686,
                -0.03343153763413631,
                0.5
            ],
            "radius": 0.05153633498698672,
            "heigth": 0.2922598320520179
        },
        {
            "position": [
                1.0717435849644403,
                -0.23073866899937995,
                0.5
            ],
            "radius": 0.07492729637825288,
            "heigth": 0.4068118558439077
        },
        {
            "position": [
                1.0387039789397627,
                0.19192273531406606,
                0.5
            ],
            "radius": 0.0451930509547431,
            "heigth": 0.2915470299926718
        }
    ],
    "target": [
        [
            1.0,
            0.0,
            0.0,
            1.1534894704818726
        ],
        [
            0.0,
            -0.9999999999999961,
            -8.742277974564334e-08,
            -0.001123561873100698
        ],
        [
            0.0,
            8.742277974564332e-08,
            -0.9999999999999961,
            0.6583824157714844
        ],
        [
            0.0,
            0.0,
            0.0,
            1.0
        ]
    ],
    "robot_base": [
        [
            1.0,
            0.0,
            0.0,
            0.0
        ],
        [
            0.0,
            1.0,
            0.0,
            -0.13568109858808342
        ],
        [
            0.0,
            0.0,
            1.0,
            0.0
        ],
        [
            0.0,
            0.0,
            0.0,
            1.0
        ]
    ]
}