{
    "cubes": [
        {
            "position": [
                1.5,
                0.0,
                0.5394056489601434
            ],
            "scale": [
                0.5,
                2.0,
                0.03
            ]
        }
    ],
    "cylinders": [
        {
            "position": [
                1.0995773368235662,
                -0.23905544029583298,
                0.5
            ],
            "radius": 0.047866091345466266,
            "heigth": 0.33167715262216046
        },
        {
            "position": [
                1.046132692637813,
                0.1324447637887355,
                0.5
            ],
            "radius": 0.06304796006603464,
            "heigth": 0.14783397748653776
        },
        {
            "position": [
                1.0311747753970677,
                -0.024458937946420567,
                0.5
            ],
            "radius": 0.07917302841617509,
            "heigth": 0.10388245369848607
        },
        {
            "position": [
                1.0643019789649486,
                -0.23977856789764607,
                0.5
            ],
            "radius": 0.04730511408392585,
            "heigth": 0.409747394987245
        }
    ],
    "target": [
        [
            1.0,
            0.0,
            0.0,
            1.1534894704818726
        ],
        [
            0.0,
            -0.9999999999999961,
            -8.742277974564334e-08,
            -0.001123561873100698
        ],
        [
            0.0,
            8.742277974564332e-08,
            -0.9999999999999961,
            0.6583824157714844
        ],
        [
            0.0,
            0.0,
            0.0,
            1.0
        ]
    ],
    "robot_base": [
        [
            1.0,
            0.0,
            0.0,
            0.0
        ],
        [
            0.0,
            1.0,
            0.0,
            -0.39419601635059154
        ],
        [
            0.0,
            0.0,
            1.0,
            0.0
        ],
        [
            0.0,
            0.0,
            0.0,
            1.0
        ]
    ]
}