{
    "cubes": [
        {
            "position": [
                1.5,
                0.0,
                0.5570367155247349
            ],
            "scale": [
                0.5,
                2.0,
                0.03
            ]
        }
    ],
    "cylinders": [
        {
            "position": [
                1.026287225135091,
                -0.23769814906746578,
                0.5
            ],
            "radius": 0.024436227343379052,
            "heigth": 0.4198868546239777
        },
        {
            "position": [
                1.1754162584953973,
                0.1423213339988057,
                0.5
            ],
            "radius": 0.06456711458819445,
            "heigth": 0.13149812453763576
        },
        {
            "position": [
                1.1449091907838251,
                0.1949079410448309,
                0.5
            ],
            "radius": 0.034515324342795056,
            "heigth": 0.24466420694776517
        },
        {
            "position": [
                1.0107408970596892,
                -0.1619102397462161,
                0.5
            ],
            "radius": 0.021906980853769152,
            "heigth": 0.3950030591514999
        }
    ],
    "target": [
        [
            1.0,
            0.0,
            0.0,
            1.1534894704818726
        ],
        [
            0.0,
            -0.9999999999999961,
            -8.742277974564334e-08,
            -0.001123561873100698
        ],
        [
            0.0,
            8.742277974564332e-08,
            -0.9999999999999961,
            0.6583824157714844
        ],
        [
            0.0,
            0.0,
            0.0,
            1.0
        ]
    ],
    "robot_base": [
        [
            1.0,
            0.0,
            0.0,
            0.0
        ],
        [
            0.0,
            1.0,
            0.0,
            -0.0997151069971064
        ],
        [
            0.0,
            0.0,
            1.0,
            0.0
        ],
        [
            0.0,
            0.0,
            0.0,
            1.0
        ]
    ]
}