{
    "cubes": [
        {
            "position": [
                1.5,
                0.0,
                0.5912334996521021
            ],
            "scale": [
                0.5,
                2.0,
                0.03
            ]
        }
    ],
    "cylinders": [
        {
            "position": [
                1.1427959912046144,
                0.20286381539324172,
                0.5
            ],
            "radius": 0.04772131123353351,
            "heigth": 0.3276184912614515
        },
        {
            "position": [
                1.0527561859062187,
                0.1669077303302286,
                0.5
            ],
            "radius": 0.05876388579476391,
            "heigth": 0.19736589858226572
        },
        {
            "position": [
                1.015276824794506,
                -0.054431362751592494,
                0.5
            ],
            "radius": 0.029671921188808178,
            "heigth": 0.2018263317784299
        },
        {
            "position": [
                1.039447010070635,
                -0.19924460076171951,
                0.5
            ],
            "radius": 0.037823570783350774,
            "heigth": 0.3688157827654102
        }
    ],
    "target": [
        [
            1.0,
            0.0,
            0.0,
            1.1534894704818726
        ],
        [
            0.0,
            -0.9999999999999961,
            -8.742277974564334e-08,
            -0.001123561873100698
        ],
        [
            0.0,
            8.742277974564332e-08,
            -0.9999999999999961,
            0.6583824157714844
        ],
        [
            0.0,
            0.0,
            0.0,
            1.0
        ]
    ],
    "robot_base": [
        [
            1.0,
            0.0,
            0.0,
            0.0
        ],
        [
            0.0,
            1.0,
            0.0,
            0.13363340049000016
        ],
        [
            0.0,
            0.0,
            1.0,
            0.0
        ],
        [
            0.0,
            0.0,
            0.0,
            1.0
        ]
    ]
}