{
    "cubes": [
        {
            "position": [
                1.5,
                0.0,
                0.510661823223098
            ],
            "scale": [
                0.5,
                2.0,
                0.03
            ]
        }
    ],
    "cylinders": [
        {
            "position": [
                1.157212246764944,
                0.16452128270648075,
                0.5
            ],
            "radius": 0.023822718219403554,
            "heigth": 0.2689951333167
        },
        {
            "position": [
                1.1922129992491612,
                -0.14725964750725912,
                0.5
            ],
            "radius": 0.025029630640783715,
            "heigth": 0.3250029328769243
        },
        {
            "position": [
                1.0640706483499751,
                0.20200899881679724,
                0.5
            ],
            "radius": 0.06181222900996115,
            "heigth": 0.31807519648099114
        },
        {
            "position": [
                1.045113576345989,
                -0.12141957732729286,
                0.5
            ],
            "radius": 0.0710475586359551,
            "heigth": 0.1973523797767534
        }
    ],
    "target": [
        [
            1.0,
            0.0,
            0.0,
            1.1534894704818726
        ],
        [
            0.0,
            -0.9999999999999961,
            -8.742277974564334e-08,
            -0.001123561873100698
        ],
        [
            0.0,
            8.742277974564332e-08,
            -0.9999999999999961,
            0.6583824157714844
        ],
        [
            0.0,
            0.0,
            0.0,
            1.0
        ]
    ],
    "robot_base": [
        [
            1.0,
            0.0,
            0.0,
            0.0
        ],
        [
            0.0,
            1.0,
            0.0,
            0.4100251585631641
        ],
        [
            0.0,
            0.0,
            1.0,
            0.0
        ],
        [
            0.0,
            0.0,
            0.0,
            1.0
        ]
    ]
}