{
    "cubes": [
        {
            "position": [
                1.5,
                0.0,
                0.587717055472118
            ],
            "scale": [
                0.5,
                2.0,
                0.03
            ]
        }
    ],
    "cylinders": [
        {
            "position": [
                1.087144387049937,
                -0.027591478693059668,
                0.5
            ],
            "radius": 0.020180214584256867,
            "heigth": 0.202740659578804
        },
        {
            "position": [
                1.1323205248495891,
                -0.20374685227903633,
                0.5
            ],
            "radius": 0.04171658365558262,
            "heigth": 0.23118311093240432
        },
        {
            "position": [
                1.1382138260591914,
                -0.0975813662208791,
                0.5
            ],
            "radius": 0.0708851481477284,
            "heigth": 0.10957560902788603
        },
        {
            "position": [
                1.1966271648165725,
                0.21454600983211436,
                0.5
            ],
            "radius": 0.032038871334108994,
            "heigth": 0.37533784349142496
        }
    ],
    "target": [
        [
            1.0,
            0.0,
            0.0,
            1.1534894704818726
        ],
        [
            0.0,
            -0.9999999999999961,
            -8.742277974564334e-08,
            -0.001123561873100698
        ],
        [
            0.0,
            8.742277974564332e-08,
            -0.9999999999999961,
            0.6583824157714844
        ],
        [
            0.0,
            0.0,
            0.0,
            1.0
        ]
    ],
    "robot_base": [
        [
            1.0,
            0.0,
            0.0,
            0.0
        ],
        [
            0.0,
            1.0,
            0.0,
            -0.2623574925597332
        ],
        [
            0.0,
            0.0,
            1.0,
            0.0
        ],
        [
            0.0,
            0.0,
            0.0,
            1.0
        ]
    ]
}