{
    "cubes": [
        {
            "position": [
                1.5,
                0.0,
                0.4094180414368209
            ],
            "scale": [
                0.5,
                2.0,
                0.03
            ]
        }
    ],
    "cylinders": [
        {
            "position": [
                1.0489680511992927,
                -0.14118036849333515,
                0.5
            ],
            "radius": 0.03408524488435608,
            "heigth": 0.4788357033524183
        },
        {
            "position": [
                1.0132325034499414,
                0.16141820778030586,
                0.5
            ],
            "radius": 0.04235718305467248,
            "heigth": 0.320295466509688
        },
        {
            "position": [
                1.0965446788489377,
                -0.17721739597262193,
                0.5
            ],
            "radius": 0.05628109475442097,
            "heigth": 0.3085896376761539
        },
        {
            "position": [
                1.0572564881035786,
                -0.1777920773892907,
                0.5
            ],
            "radius": 0.034549624909756466,
            "heigth": 0.11878881659267734
        }
    ],
    "target": [
        [
            1.0,
            0.0,
            0.0,
            1.1534894704818726
        ],
        [
            0.0,
            -0.9999999999999961,
            -8.742277974564334e-08,
            -0.001123561873100698
        ],
        [
            0.0,
            8.742277974564332e-08,
            -0.9999999999999961,
            0.6583824157714844
        ],
        [
            0.0,
            0.0,
            0.0,
            1.0
        ]
    ],
    "robot_base": [
        [
            1.0,
            0.0,
            0.0,
            0.0
        ],
        [
            0.0,
            1.0,
            0.0,
            -0.01573500253453841
        ],
        [
            0.0,
            0.0,
            1.0,
            0.0
        ],
        [
            0.0,
            0.0,
            0.0,
            1.0
        ]
    ]
}