{
    "cubes": [
        {
            "position": [
                1.5,
                0.0,
                0.4087143674970745
            ],
            "scale": [
                0.5,
                2.0,
                0.03
            ]
        }
    ],
    "cylinders": [
        {
            "position": [
                1.003097967809694,
                0.2231767128873024,
                0.5
            ],
            "radius": 0.07290691115125912,
            "heigth": 0.32081226863955814
        },
        {
            "position": [
                1.061579090027188,
                0.13699607778492018,
                0.5
            ],
            "radius": 0.023144948053033527,
            "heigth": 0.2509634449818612
        },
        {
            "position": [
                1.1183669004311783,
                -0.16020623899523967,
                0.5
            ],
            "radius": 0.07705445481184582,
            "heigth": 0.10940426044731286
        },
        {
            "position": [
                1.0538020291183854,
                0.21666562652327587,
                0.5
            ],
            "radius": 0.07159746900978094,
            "heigth": 0.11344870080248828
        }
    ],
    "target": [
        [
            1.0,
            0.0,
            0.0,
            1.1534894704818726
        ],
        [
            0.0,
            -0.9999999999999961,
            -8.742277974564334e-08,
            -0.001123561873100698
        ],
        [
            0.0,
            8.742277974564332e-08,
            -0.9999999999999961,
            0.6583824157714844
        ],
        [
            0.0,
            0.0,
            0.0,
            1.0
        ]
    ],
    "robot_base": [
        [
            1.0,
            0.0,
            0.0,
            0.0
        ],
        [
            0.0,
            1.0,
            0.0,
            -0.32598217323478795
        ],
        [
            0.0,
            0.0,
            1.0,
            0.0
        ],
        [
            0.0,
            0.0,
            0.0,
            1.0
        ]
    ]
}