{
    "cubes": [
        {
            "position": [
                1.5,
                0.0,
                0.4725502242492146
            ],
            "scale": [
                0.5,
                2.0,
                0.03
            ]
        }
    ],
    "cylinders": [
        {
            "position": [
                1.1663919781721905,
                0.21860209213023163,
                0.5
            ],
            "radius": 0.0766409862375533,
            "heigth": 0.44246797299209434
        },
        {
            "position": [
                1.0341458170395623,
                -0.10324614993270187,
                0.5
            ],
            "radius": 0.07547815755146087,
            "heigth": 0.2577941620241004
        },
        {
            "position": [
                1.0433811204966708,
                -0.23484778515906574,
                0.5
            ],
            "radius": 0.03139097472399194,
            "heigth": 0.4833971308273102
        },
        {
            "position": [
                1.0282665525046408,
                0.17841774823757245,
                0.5
            ],
            "radius": 0.055657786654724074,
            "heigth": 0.36818839111878005
        }
    ],
    "target": [
        [
            1.0,
            0.0,
            0.0,
            1.1534894704818726
        ],
        [
            0.0,
            -0.9999999999999961,
            -8.742277974564334e-08,
            -0.001123561873100698
        ],
        [
            0.0,
            8.742277974564332e-08,
            -0.9999999999999961,
            0.6583824157714844
        ],
        [
            0.0,
            0.0,
            0.0,
            1.0
        ]
    ],
    "robot_base": [
        [
            1.0,
            0.0,
            0.0,
            0.0
        ],
        [
            0.0,
            1.0,
            0.0,
            -0.3265046842774172
        ],
        [
            0.0,
            0.0,
            1.0,
            0.0
        ],
        [
            0.0,
            0.0,
            0.0,
            1.0
        ]
    ]
}