{
    "cubes": [
        {
            "position": [
                1.5,
                0.0,
                0.5689430699091012
            ],
            "scale": [
                0.5,
                2.0,
                0.03
            ]
        }
    ],
    "cylinders": [
        {
            "position": [
                1.1515163758492148,
                -0.176111745702053,
                0.5
            ],
            "radius": 0.03866739795166982,
            "heigth": 0.4024002993717023
        },
        {
            "position": [
                1.087645957990048,
                -0.22000327047681212,
                0.5
            ],
            "radius": 0.04078223251870866,
            "heigth": 0.29254715704095635
        },
        {
            "position": [
                1.100267046822586,
                0.19215913928861555,
                0.5
            ],
            "radius": 0.04579282937532336,
            "heigth": 0.45860290977977936
        },
        {
            "position": [
                1.0121981104848714,
                -0.2147445963927962,
                0.5
            ],
            "radius": 0.043571948872186274,
            "heigth": 0.3486742879826522
        }
    ],
    "target": [
        [
            1.0,
            0.0,
            0.0,
            1.1534894704818726
        ],
        [
            0.0,
            -0.9999999999999961,
            -8.742277974564334e-08,
            -0.001123561873100698
        ],
        [
            0.0,
            8.742277974564332e-08,
            -0.9999999999999961,
            0.6583824157714844
        ],
        [
            0.0,
            0.0,
            0.0,
            1.0
        ]
    ],
    "robot_base": [
        [
            1.0,
            0.0,
            0.0,
            0.0
        ],
        [
            0.0,
            1.0,
            0.0,
            -0.4465999112440052
        ],
        [
            0.0,
            0.0,
            1.0,
            0.0
        ],
        [
            0.0,
            0.0,
            0.0,
            1.0
        ]
    ]
}