{
    "cubes": [
        {
            "position": [
                1.5,
                0.0,
                0.4792281177955446
            ],
            "scale": [
                0.5,
                2.0,
                0.03
            ]
        }
    ],
    "cylinders": [
        {
            "position": [
                1.0060767475950703,
                -0.10284446890153542,
                0.5
            ],
            "radius": 0.06651299787261272,
            "heigth": 0.27761251644772894
        },
        {
            "position": [
                1.0838107769512673,
                0.09233504165290551,
                0.5
            ],
            "radius": 0.07451092448680974,
            "heigth": 0.1444170371068655
        },
        {
            "position": [
                1.024074157445001,
                0.13723499852163562,
                0.5
            ],
            "radius": 0.03975332561782173,
            "heigth": 0.2924701457954154
        },
        {
            "position": [
                1.0755559002121486,
                -0.16619417402115205,
                0.5
            ],
            "radius": 0.04253598153138045,
            "heigth": 0.1929546835577166
        }
    ],
    "target": [
        [
            1.0,
            0.0,
            0.0,
            1.1534894704818726
        ],
        [
            0.0,
            -0.9999999999999961,
            -8.742277974564334e-08,
            -0.001123561873100698
        ],
        [
            0.0,
            8.742277974564332e-08,
            -0.9999999999999961,
            0.6583824157714844
        ],
        [
            0.0,
            0.0,
            0.0,
            1.0
        ]
    ],
    "robot_base": [
        [
            1.0,
            0.0,
            0.0,
            0.0
        ],
        [
            0.0,
            1.0,
            0.0,
            -0.3372574797119826
        ],
        [
            0.0,
            0.0,
            1.0,
            0.0
        ],
        [
            0.0,
            0.0,
            0.0,
            1.0
        ]
    ]
}