{
    "cubes": [
        {
            "position": [
                1.5,
                0.0,
                0.5463364938548474
            ],
            "scale": [
                0.5,
                2.0,
                0.03
            ]
        }
    ],
    "cylinders": [
        {
            "position": [
                1.0631100155177446,
                0.23673523266395052,
                0.5
            ],
            "radius": 0.03489049093115303,
            "heigth": 0.16629907844392244
        },
        {
            "position": [
                1.0619941017324548,
                -0.1712471589448642,
                0.5
            ],
            "radius": 0.04401074514376917,
            "heigth": 0.4913081259911096
        },
        {
            "position": [
                1.1590749858957756,
                -0.17246486195433253,
                0.5
            ],
            "radius": 0.03326353302735826,
            "heigth": 0.28668521979159756
        },
        {
            "position": [
                1.1778471943504814,
                -0.19169148038713235,
                0.5
            ],
            "radius": 0.06938815213097348,
            "heigth": 0.4448373926186665
        }
    ],
    "target": [
        [
            1.0,
            0.0,
            0.0,
            1.1534894704818726
        ],
        [
            0.0,
            -0.9999999999999961,
            -8.742277974564334e-08,
            -0.001123561873100698
        ],
        [
            0.0,
            8.742277974564332e-08,
            -0.9999999999999961,
            0.6583824157714844
        ],
        [
            0.0,
            0.0,
            0.0,
            1.0
        ]
    ],
    "robot_base": [
        [
            1.0,
            0.0,
            0.0,
            0.0
        ],
        [
            0.0,
            1.0,
            0.0,
            0.4750808358660773
        ],
        [
            0.0,
            0.0,
            1.0,
            0.0
        ],
        [
            0.0,
            0.0,
            0.0,
            1.0
        ]
    ]
}