{
    "cubes": [
        {
            "position": [
                1.5,
                0.0,
                0.4735857617354401
            ],
            "scale": [
                0.5,
                2.0,
                0.03
            ]
        }
    ],
    "cylinders": [
        {
            "position": [
                1.067878830594634,
                0.11170200512471262,
                0.5
            ],
            "radius": 0.06122611943936119,
            "heigth": 0.18065054946884418
        },
        {
            "position": [
                1.0992933076971887,
                0.139091423849238,
                0.5
            ],
            "radius": 0.03433618588615002,
            "heigth": 0.20925324296583742
        },
        {
            "position": [
                1.0037128177128223,
                -0.11142713685983441,
                0.5
            ],
            "radius": 0.04184995993547527,
            "heigth": 0.1926908407882852
        },
        {
            "position": [
                1.0397200091562895,
                -0.12879611316626866,
                0.5
            ],
            "radius": 0.06645736198217747,
            "heigth": 0.36366290154148384
        }
    ],
    "target": [
        [
            1.0,
            0.0,
            0.0,
            1.1534894704818726
        ],
        [
            0.0,
            -0.9999999999999961,
            -8.742277974564334e-08,
            -0.001123561873100698
        ],
        [
            0.0,
            8.742277974564332e-08,
            -0.9999999999999961,
            0.6583824157714844
        ],
        [
            0.0,
            0.0,
            0.0,
            1.0
        ]
    ],
    "robot_base": [
        [
            1.0,
            0.0,
            0.0,
            0.0
        ],
        [
            0.0,
            1.0,
            0.0,
            0.09890683736135697
        ],
        [
            0.0,
            0.0,
            1.0,
            0.0
        ],
        [
            0.0,
            0.0,
            0.0,
            1.0
        ]
    ]
}