{
    "cubes": [
        {
            "position": [
                1.5,
                0.0,
                0.44945080398834164
            ],
            "scale": [
                0.5,
                2.0,
                0.03
            ]
        }
    ],
    "cylinders": [
        {
            "position": [
                1.1277600085093178,
                0.1605281568219462,
                0.5
            ],
            "radius": 0.020597941030176734,
            "heigth": 0.2781802682365231
        },
        {
            "position": [
                1.1961345826364584,
                -0.24600685120927884,
                0.5
            ],
            "radius": 0.07233063653489928,
            "heigth": 0.4028063407971959
        },
        {
            "position": [
                1.1702372259805427,
                0.0603379743570811,
                0.5
            ],
            "radius": 0.07950380752538042,
            "heigth": 0.13270198672883515
        },
        {
            "position": [
                1.0659596410852084,
                -0.05596930089138702,
                0.5
            ],
            "radius": 0.03132596043929724,
            "heigth": 0.2554347746349974
        }
    ],
    "target": [
        [
            1.0,
            0.0,
            0.0,
            1.1534894704818726
        ],
        [
            0.0,
            -0.9999999999999961,
            -8.742277974564334e-08,
            -0.001123561873100698
        ],
        [
            0.0,
            8.742277974564332e-08,
            -0.9999999999999961,
            0.6583824157714844
        ],
        [
            0.0,
            0.0,
            0.0,
            1.0
        ]
    ],
    "robot_base": [
        [
            1.0,
            0.0,
            0.0,
            0.0
        ],
        [
            0.0,
            1.0,
            0.0,
            0.45139691249097247
        ],
        [
            0.0,
            0.0,
            1.0,
            0.0
        ],
        [
            0.0,
            0.0,
            0.0,
            1.0
        ]
    ]
}