{
    "cubes": [
        {
            "position": [
                1.5,
                0.0,
                0.5607540790903953
            ],
            "scale": [
                0.5,
                2.0,
                0.03
            ]
        }
    ],
    "cylinders": [
        {
            "position": [
                1.0003500492787032,
                -0.22406216799887813,
                0.5
            ],
            "radius": 0.042409793995606716,
            "heigth": 0.2471396995661303
        },
        {
            "position": [
                1.1347415084858834,
                -0.030682307854119628,
                0.5
            ],
            "radius": 0.07261485438874399,
            "heigth": 0.12921291945958763
        },
        {
            "position": [
                1.0131490396344016,
                -0.1410891934989133,
                0.5
            ],
            "radius": 0.06815839389718986,
            "heigth": 0.1911791639235514
        },
        {
            "position": [
                1.007177437406558,
                0.02794269474585631,
                0.5
            ],
            "radius": 0.0656763121226921,
            "heigth": 0.1619227161656559
        }
    ],
    "target": [
        [
            1.0,
            0.0,
            0.0,
            1.1534894704818726
        ],
        [
            0.0,
            -0.9999999999999961,
            -8.742277974564334e-08,
            -0.001123561873100698
        ],
        [
            0.0,
            8.742277974564332e-08,
            -0.9999999999999961,
            0.6583824157714844
        ],
        [
            0.0,
            0.0,
            0.0,
            1.0
        ]
    ],
    "robot_base": [
        [
            1.0,
            0.0,
            0.0,
            0.0
        ],
        [
            0.0,
            1.0,
            0.0,
            -0.11293185889282864
        ],
        [
            0.0,
            0.0,
            1.0,
            0.0
        ],
        [
            0.0,
            0.0,
            0.0,
            1.0
        ]
    ]
}