{
    "cubes": [
        {
            "position": [
                1.5,
                0.0,
                0.5659118332259039
            ],
            "scale": [
                0.5,
                2.0,
                0.03
            ]
        }
    ],
    "cylinders": [
        {
            "position": [
                1.0624549443815419,
                0.1958410103120592,
                0.5
            ],
            "radius": 0.024820608567910477,
            "heigth": 0.13112576826894193
        },
        {
            "position": [
                1.0131104581701535,
                0.15818690471501984,
                0.5
            ],
            "radius": 0.053679031681631996,
            "heigth": 0.2296008896276108
        },
        {
            "position": [
                1.0043666004789482,
                0.2373118138940689,
                0.5
            ],
            "radius": 0.049500698958078605,
            "heigth": 0.4257267715676868
        },
        {
            "position": [
                1.1189743086528396,
                -0.1275446215276994,
                0.5
            ],
            "radius": 0.0775158931669375,
            "heigth": 0.1404460278596533
        }
    ],
    "target": [
        [
            1.0,
            0.0,
            0.0,
            1.1534894704818726
        ],
        [
            0.0,
            -0.9999999999999961,
            -8.742277974564334e-08,
            -0.001123561873100698
        ],
        [
            0.0,
            8.742277974564332e-08,
            -0.9999999999999961,
            0.6583824157714844
        ],
        [
            0.0,
            0.0,
            0.0,
            1.0
        ]
    ],
    "robot_base": [
        [
            1.0,
            0.0,
            0.0,
            0.0
        ],
        [
            0.0,
            1.0,
            0.0,
            0.3450102091322841
        ],
        [
            0.0,
            0.0,
            1.0,
            0.0
        ],
        [
            0.0,
            0.0,
            0.0,
            1.0
        ]
    ]
}