{
    "cubes": [
        {
            "position": [
                1.5,
                0.0,
                0.4323528626486095
            ],
            "scale": [
                0.5,
                2.0,
                0.03
            ]
        }
    ],
    "cylinders": [
        {
            "position": [
                1.0481557335655776,
                -0.1633450359524406,
                0.5
            ],
            "radius": 0.034164005928166416,
            "heigth": 0.3463457251415156
        },
        {
            "position": [
                1.019856198908652,
                -0.14293211378277304,
                0.5
            ],
            "radius": 0.02349376279250272,
            "heigth": 0.3455452470067465
        },
        {
            "position": [
                1.0005913836476248,
                0.11527122517303307,
                0.5
            ],
            "radius": 0.06486589311573623,
            "heigth": 0.1476755624168233
        },
        {
            "position": [
                1.1279708245545628,
                -0.19178941695776797,
                0.5
            ],
            "radius": 0.02539158724544227,
            "heigth": 0.3443098355928308
        }
    ],
    "target": [
        [
            1.0,
            0.0,
            0.0,
            1.1534894704818726
        ],
        [
            0.0,
            -0.9999999999999961,
            -8.742277974564334e-08,
            -0.001123561873100698
        ],
        [
            0.0,
            8.742277974564332e-08,
            -0.9999999999999961,
            0.6583824157714844
        ],
        [
            0.0,
            0.0,
            0.0,
            1.0
        ]
    ],
    "robot_base": [
        [
            1.0,
            0.0,
            0.0,
            0.0
        ],
        [
            0.0,
            1.0,
            0.0,
            -0.10242596741706611
        ],
        [
            0.0,
            0.0,
            1.0,
            0.0
        ],
        [
            0.0,
            0.0,
            0.0,
            1.0
        ]
    ]
}