{
    "cubes": [
        {
            "position": [
                1.5,
                0.0,
                0.41262837101569716
            ],
            "scale": [
                0.5,
                2.0,
                0.03
            ]
        }
    ],
    "cylinders": [
        {
            "position": [
                1.1239464323777704,
                0.039872922381178344,
                0.5
            ],
            "radius": 0.05899546969214612,
            "heigth": 0.1284399314793989
        },
        {
            "position": [
                1.0166668423277871,
                -0.12594672714382182,
                0.5
            ],
            "radius": 0.04980806860443262,
            "heigth": 0.1692777228079694
        },
        {
            "position": [
                1.0010765596326539,
                0.0846298641937141,
                0.5
            ],
            "radius": 0.04594846652027895,
            "heigth": 0.29595722735493946
        },
        {
            "position": [
                1.0644259646675773,
                0.23702890213002087,
                0.5
            ],
            "radius": 0.05241001663838953,
            "heigth": 0.21395525128761256
        }
    ],
    "target": [
        [
            1.0,
            0.0,
            0.0,
            1.1534894704818726
        ],
        [
            0.0,
            -0.9999999999999961,
            -8.742277974564334e-08,
            -0.001123561873100698
        ],
        [
            0.0,
            8.742277974564332e-08,
            -0.9999999999999961,
            0.6583824157714844
        ],
        [
            0.0,
            0.0,
            0.0,
            1.0
        ]
    ],
    "robot_base": [
        [
            1.0,
            0.0,
            0.0,
            0.0
        ],
        [
            0.0,
            1.0,
            0.0,
            0.05759384133836021
        ],
        [
            0.0,
            0.0,
            1.0,
            0.0
        ],
        [
            0.0,
            0.0,
            0.0,
            1.0
        ]
    ]
}