{
    "cubes": [
        {
            "position": [
                1.5,
                0.0,
                0.48585310848015706
            ],
            "scale": [
                0.5,
                2.0,
                0.03
            ]
        }
    ],
    "cylinders": [
        {
            "position": [
                1.0503685342313749,
                -0.13382866758028966,
                0.5
            ],
            "radius": 0.037246982500780054,
            "heigth": 0.37283311927656876
        },
        {
            "position": [
                1.1769110447993547,
                0.15570558439053683,
                0.5
            ],
            "radius": 0.0212334248333567,
            "heigth": 0.10286686774349645
        },
        {
            "position": [
                1.0658111670423478,
                -0.2246215106947279,
                0.5
            ],
            "radius": 0.041917008810224574,
            "heigth": 0.3967771478361662
        },
        {
            "position": [
                1.016338585702158,
                0.04640831918714983,
                0.5
            ],
            "radius": 0.02057358959910241,
            "heigth": 0.31638886178890824
        }
    ],
    "target": [
        [
            1.0,
            0.0,
            0.0,
            1.1534894704818726
        ],
        [
            0.0,
            -0.9999999999999961,
            -8.742277974564334e-08,
            -0.001123561873100698
        ],
        [
            0.0,
            8.742277974564332e-08,
            -0.9999999999999961,
            0.6583824157714844
        ],
        [
            0.0,
            0.0,
            0.0,
            1.0
        ]
    ],
    "robot_base": [
        [
            1.0,
            0.0,
            0.0,
            0.0
        ],
        [
            0.0,
            1.0,
            0.0,
            -0.33036681185695627
        ],
        [
            0.0,
            0.0,
            1.0,
            0.0
        ],
        [
            0.0,
            0.0,
            0.0,
            1.0
        ]
    ]
}