{
    "cubes": [
        {
            "position": [
                1.5,
                0.0,
                0.5977066508794744
            ],
            "scale": [
                0.5,
                2.0,
                0.03
            ]
        }
    ],
    "cylinders": [
        {
            "position": [
                1.0214950787655959,
                -0.03351992489700051,
                0.5
            ],
            "radius": 0.048348753063525915,
            "heigth": 0.11916361444230887
        },
        {
            "position": [
                1.1308646124266448,
                -0.09551347386380543,
                0.5
            ],
            "radius": 0.050548768934486635,
            "heigth": 0.17536147786505143
        },
        {
            "position": [
                1.0294422563870451,
                -0.025910978726633394,
                0.5
            ],
            "radius": 0.02287007035431012,
            "heigth": 0.11861648153894604
        },
        {
            "position": [
                1.0810568672210477,
                -0.1659809759550389,
                0.5
            ],
            "radius": 0.05081694316478222,
            "heigth": 0.4702669137171075
        }
    ],
    "target": [
        [
            1.0,
            0.0,
            0.0,
            1.1534894704818726
        ],
        [
            0.0,
            -0.9999999999999961,
            -8.742277974564334e-08,
            -0.001123561873100698
        ],
        [
            0.0,
            8.742277974564332e-08,
            -0.9999999999999961,
            0.6583824157714844
        ],
        [
            0.0,
            0.0,
            0.0,
            1.0
        ]
    ],
    "robot_base": [
        [
            1.0,
            0.0,
            0.0,
            0.0
        ],
        [
            0.0,
            1.0,
            0.0,
            -0.13027703015471426
        ],
        [
            0.0,
            0.0,
            1.0,
            0.0
        ],
        [
            0.0,
            0.0,
            0.0,
            1.0
        ]
    ]
}