{
    "cubes": [
        {
            "position": [
                1.5,
                0.0,
                0.45453309254882546
            ],
            "scale": [
                0.5,
                2.0,
                0.03
            ]
        }
    ],
    "cylinders": [
        {
            "position": [
                1.0685438436976136,
                0.07462173540723216,
                0.5
            ],
            "radius": 0.0659255272484565,
            "heigth": 0.15481458302027246
        },
        {
            "position": [
                1.172065376359847,
                0.21425707792077492,
                0.5
            ],
            "radius": 0.07008282583996378,
            "heigth": 0.33448399548192764
        },
        {
            "position": [
                1.1395738789991428,
                0.24740071334549424,
                0.5
            ],
            "radius": 0.07280317948875065,
            "heigth": 0.1254323841932206
        },
        {
            "position": [
                1.091199493384773,
                0.2412638842884206,
                0.5
            ],
            "radius": 0.04590679239338517,
            "heigth": 0.4001958419595035
        }
    ],
    "target": [
        [
            1.0,
            0.0,
            0.0,
            1.1534894704818726
        ],
        [
            0.0,
            -0.9999999999999961,
            -8.742277974564334e-08,
            -0.001123561873100698
        ],
        [
            0.0,
            8.742277974564332e-08,
            -0.9999999999999961,
            0.6583824157714844
        ],
        [
            0.0,
            0.0,
            0.0,
            1.0
        ]
    ],
    "robot_base": [
        [
            1.0,
            0.0,
            0.0,
            0.0
        ],
        [
            0.0,
            1.0,
            0.0,
            0.0863254442121204
        ],
        [
            0.0,
            0.0,
            1.0,
            0.0
        ],
        [
            0.0,
            0.0,
            0.0,
            1.0
        ]
    ]
}