{
    "cubes": [
        {
            "position": [
                1.5,
                0.0,
                0.4087246645034888
            ],
            "scale": [
                0.5,
                2.0,
                0.03
            ]
        }
    ],
    "cylinders": [
        {
            "position": [
                1.033399579673105,
                -0.20908960611358535,
                0.5
            ],
            "radius": 0.033345228994244816,
            "heigth": 0.38290523786852254
        },
        {
            "position": [
                1.0589684886390869,
                0.11645400687617807,
                0.5
            ],
            "radius": 0.05118320343584414,
            "heigth": 0.15456958804779208
        },
        {
            "position": [
                1.0035262486098546,
                -0.23380433136221168,
                0.5
            ],
            "radius": 0.051782626654423715,
            "heigth": 0.4691339628633556
        },
        {
            "position": [
                1.0992966220753881,
                0.12078726906086218,
                0.5
            ],
            "radius": 0.04497388606297838,
            "heigth": 0.16764167150921377
        }
    ],
    "target": [
        [
            1.0,
            0.0,
            0.0,
            1.1534894704818726
        ],
        [
            0.0,
            -0.9999999999999961,
            -8.742277974564334e-08,
            -0.001123561873100698
        ],
        [
            0.0,
            8.742277974564332e-08,
            -0.9999999999999961,
            0.6583824157714844
        ],
        [
            0.0,
            0.0,
            0.0,
            1.0
        ]
    ],
    "robot_base": [
        [
            1.0,
            0.0,
            0.0,
            0.0
        ],
        [
            0.0,
            1.0,
            0.0,
            -0.3829719842186349
        ],
        [
            0.0,
            0.0,
            1.0,
            0.0
        ],
        [
            0.0,
            0.0,
            0.0,
            1.0
        ]
    ]
}