{
    "cubes": [
        {
            "position": [
                1.5,
                0.0,
                0.4367940257488368
            ],
            "scale": [
                0.5,
                2.0,
                0.03
            ]
        }
    ],
    "cylinders": [
        {
            "position": [
                1.029360943674139,
                0.22502389452691168,
                0.5
            ],
            "radius": 0.0452983905417077,
            "heigth": 0.27724318994697394
        },
        {
            "position": [
                1.079541687988542,
                0.21006510411240176,
                0.5
            ],
            "radius": 0.05483676064869933,
            "heigth": 0.37104921467622054
        },
        {
            "position": [
                1.005352411107642,
                0.16830432225595177,
                0.5
            ],
            "radius": 0.042048833023852414,
            "heigth": 0.3787646987319109
        },
        {
            "position": [
                1.0967051778731405,
                -0.20748757549708696,
                0.5
            ],
            "radius": 0.07047592088133392,
            "heigth": 0.19543919698686163
        }
    ],
    "target": [
        [
            1.0,
            0.0,
            0.0,
            1.1534894704818726
        ],
        [
            0.0,
            -0.9999999999999961,
            -8.742277974564334e-08,
            -0.001123561873100698
        ],
        [
            0.0,
            8.742277974564332e-08,
            -0.9999999999999961,
            0.6583824157714844
        ],
        [
            0.0,
            0.0,
            0.0,
            1.0
        ]
    ],
    "robot_base": [
        [
            1.0,
            0.0,
            0.0,
            0.0
        ],
        [
            0.0,
            1.0,
            0.0,
            -0.10514946828653438
        ],
        [
            0.0,
            0.0,
            1.0,
            0.0
        ],
        [
            0.0,
            0.0,
            0.0,
            1.0
        ]
    ]
}