{
    "cubes": [
        {
            "position": [
                1.5,
                0.0,
                0.582328453440011
            ],
            "scale": [
                0.5,
                2.0,
                0.03
            ]
        }
    ],
    "cylinders": [
        {
            "position": [
                1.1759953202473483,
                0.06877788819587144,
                0.5
            ],
            "radius": 0.03399483568055491,
            "heigth": 0.16589948211010286
        },
        {
            "position": [
                1.0694267150410983,
                0.062412441216172676,
                0.5
            ],
            "radius": 0.037759939966359575,
            "heigth": 0.3015589687417539
        },
        {
            "position": [
                1.1218823210197157,
                0.132773480054878,
                0.5
            ],
            "radius": 0.051471175511727946,
            "heigth": 0.15616032247110406
        },
        {
            "position": [
                1.0215254086253613,
                0.16333166552377326,
                0.5
            ],
            "radius": 0.056337308029104034,
            "heigth": 0.12475134226949221
        }
    ],
    "target": [
        [
            1.0,
            0.0,
            0.0,
            1.1534894704818726
        ],
        [
            0.0,
            -0.9999999999999961,
            -8.742277974564334e-08,
            -0.001123561873100698
        ],
        [
            0.0,
            8.742277974564332e-08,
            -0.9999999999999961,
            0.6583824157714844
        ],
        [
            0.0,
            0.0,
            0.0,
            1.0
        ]
    ],
    "robot_base": [
        [
            1.0,
            0.0,
            0.0,
            0.0
        ],
        [
            0.0,
            1.0,
            0.0,
            -0.3405150398681184
        ],
        [
            0.0,
            0.0,
            1.0,
            0.0
        ],
        [
            0.0,
            0.0,
            0.0,
            1.0
        ]
    ]
}