{
    "cubes": [
        {
            "position": [
                1.5,
                0.0,
                0.4504048785025475
            ],
            "scale": [
                0.5,
                2.0,
                0.03
            ]
        }
    ],
    "cylinders": [
        {
            "position": [
                1.0266745287631163,
                0.17821770752013605,
                0.5
            ],
            "radius": 0.021191101002730132,
            "heigth": 0.17032275526701285
        },
        {
            "position": [
                1.1181597522425775,
                0.21294473666125924,
                0.5
            ],
            "radius": 0.03152454847229977,
            "heigth": 0.4195127758532807
        },
        {
            "position": [
                1.048060507363344,
                -0.1919369647488124,
                0.5
            ],
            "radius": 0.03127561680884683,
            "heigth": 0.31726966067871465
        },
        {
            "position": [
                1.1185089074707588,
                -0.21034176201257782,
                0.5
            ],
            "radius": 0.05751665542568826,
            "heigth": 0.3074959068260694
        }
    ],
    "target": [
        [
            1.0,
            0.0,
            0.0,
            1.1534894704818726
        ],
        [
            0.0,
            -0.9999999999999961,
            -8.742277974564334e-08,
            -0.001123561873100698
        ],
        [
            0.0,
            8.742277974564332e-08,
            -0.9999999999999961,
            0.6583824157714844
        ],
        [
            0.0,
            0.0,
            0.0,
            1.0
        ]
    ],
    "robot_base": [
        [
            1.0,
            0.0,
            0.0,
            0.0
        ],
        [
            0.0,
            1.0,
            0.0,
            0.1197514799875915
        ],
        [
            0.0,
            0.0,
            1.0,
            0.0
        ],
        [
            0.0,
            0.0,
            0.0,
            1.0
        ]
    ]
}