{
    "cubes": [
        {
            "position": [
                1.5,
                0.0,
                0.5725533617069465
            ],
            "scale": [
                0.5,
                2.0,
                0.03
            ]
        }
    ],
    "cylinders": [
        {
            "position": [
                1.1755599451975516,
                0.11522061972207193,
                0.5
            ],
            "radius": 0.031025715767422107,
            "heigth": 0.17156160613697807
        },
        {
            "position": [
                1.0143316818588033,
                0.24241132874425553,
                0.5
            ],
            "radius": 0.0454489818851611,
            "heigth": 0.3753078655238853
        },
        {
            "position": [
                1.1003106874494477,
                -0.24222082414196938,
                0.5
            ],
            "radius": 0.05118796078213052,
            "heigth": 0.25684251344416886
        },
        {
            "position": [
                1.142622231794521,
                0.21608761429770373,
                0.5
            ],
            "radius": 0.022548623849415354,
            "heigth": 0.19272349284938517
        }
    ],
    "target": [
        [
            1.0,
            0.0,
            0.0,
            1.1534894704818726
        ],
        [
            0.0,
            -0.9999999999999961,
            -8.742277974564334e-08,
            -0.001123561873100698
        ],
        [
            0.0,
            8.742277974564332e-08,
            -0.9999999999999961,
            0.6583824157714844
        ],
        [
            0.0,
            0.0,
            0.0,
            1.0
        ]
    ],
    "robot_base": [
        [
            1.0,
            0.0,
            0.0,
            0.0
        ],
        [
            0.0,
            1.0,
            0.0,
            -0.07327157387153604
        ],
        [
            0.0,
            0.0,
            1.0,
            0.0
        ],
        [
            0.0,
            0.0,
            0.0,
            1.0
        ]
    ]
}