{
    "cubes": [
        {
            "position": [
                1.5,
                0.0,
                0.54814785163016
            ],
            "scale": [
                0.5,
                2.0,
                0.03
            ]
        }
    ],
    "cylinders": [
        {
            "position": [
                1.045752709538264,
                -0.17813012956941426,
                0.5
            ],
            "radius": 0.031482985764773826,
            "heigth": 0.45982460484851495
        },
        {
            "position": [
                1.0622367254408323,
                0.21118391233191952,
                0.5
            ],
            "radius": 0.07890935624180298,
            "heigth": 0.19855350147343492
        },
        {
            "position": [
                1.0535637844048424,
                0.16227566710537633,
                0.5
            ],
            "radius": 0.05394377988577665,
            "heigth": 0.2847950081893361
        },
        {
            "position": [
                1.0464339219057581,
                -0.1926758254156758,
                0.5
            ],
            "radius": 0.062135099472149985,
            "heigth": 0.31281892557325897
        }
    ],
    "target": [
        [
            1.0,
            0.0,
            0.0,
            1.1534894704818726
        ],
        [
            0.0,
            -0.9999999999999961,
            -8.742277974564334e-08,
            -0.001123561873100698
        ],
        [
            0.0,
            8.742277974564332e-08,
            -0.9999999999999961,
            0.6583824157714844
        ],
        [
            0.0,
            0.0,
            0.0,
            1.0
        ]
    ],
    "robot_base": [
        [
            1.0,
            0.0,
            0.0,
            0.0
        ],
        [
            0.0,
            1.0,
            0.0,
            0.17015213930010642
        ],
        [
            0.0,
            0.0,
            1.0,
            0.0
        ],
        [
            0.0,
            0.0,
            0.0,
            1.0
        ]
    ]
}