{
    "cubes": [
        {
            "position": [
                1.5,
                0.0,
                0.5582970213899958
            ],
            "scale": [
                0.5,
                2.0,
                0.03
            ]
        }
    ],
    "cylinders": [
        {
            "position": [
                1.107294588535535,
                0.21626060000459313,
                0.5
            ],
            "radius": 0.0700921089828562,
            "heigth": 0.3672271091437613
        },
        {
            "position": [
                1.1825710639113503,
                -0.20120727046107112,
                0.5
            ],
            "radius": 0.0645103572152653,
            "heigth": 0.44555759633356884
        },
        {
            "position": [
                1.1650677947648203,
                -0.1839965754184295,
                0.5
            ],
            "radius": 0.03363885349624063,
            "heigth": 0.4172082637677677
        },
        {
            "position": [
                1.0269348243318246,
                -0.1652033497770376,
                0.5
            ],
            "radius": 0.028098087242030237,
            "heigth": 0.11933857362675304
        }
    ],
    "target": [
        [
            1.0,
            0.0,
            0.0,
            1.1534894704818726
        ],
        [
            0.0,
            -0.9999999999999961,
            -8.742277974564334e-08,
            -0.001123561873100698
        ],
        [
            0.0,
            8.742277974564332e-08,
            -0.9999999999999961,
            0.6583824157714844
        ],
        [
            0.0,
            0.0,
            0.0,
            1.0
        ]
    ],
    "robot_base": [
        [
            1.0,
            0.0,
            0.0,
            0.0
        ],
        [
            0.0,
            1.0,
            0.0,
            0.44288889181904467
        ],
        [
            0.0,
            0.0,
            1.0,
            0.0
        ],
        [
            0.0,
            0.0,
            0.0,
            1.0
        ]
    ]
}