{
    "cubes": [
        {
            "position": [
                1.5,
                0.0,
                0.5626181576619856
            ],
            "scale": [
                0.5,
                2.0,
                0.03
            ]
        }
    ],
    "cylinders": [
        {
            "position": [
                1.1769135642165,
                -0.21036119239723328,
                0.5
            ],
            "radius": 0.02503651038351397,
            "heigth": 0.12595127855161656
        },
        {
            "position": [
                1.080016196085175,
                -0.13410740938983728,
                0.5
            ],
            "radius": 0.020212788434528645,
            "heigth": 0.3963316294110387
        },
        {
            "position": [
                1.0441211193568043,
                0.16433711187847333,
                0.5
            ],
            "radius": 0.027799917262330102,
            "heigth": 0.34873696927343517
        },
        {
            "position": [
                1.1648232271302001,
                0.20578115921293905,
                0.5
            ],
            "radius": 0.05408779461436447,
            "heigth": 0.48510174233313424
        }
    ],
    "target": [
        [
            1.0,
            0.0,
            0.0,
            1.1534894704818726
        ],
        [
            0.0,
            -0.9999999999999961,
            -8.742277974564334e-08,
            -0.001123561873100698
        ],
        [
            0.0,
            8.742277974564332e-08,
            -0.9999999999999961,
            0.6583824157714844
        ],
        [
            0.0,
            0.0,
            0.0,
            1.0
        ]
    ],
    "robot_base": [
        [
            1.0,
            0.0,
            0.0,
            0.0
        ],
        [
            0.0,
            1.0,
            0.0,
            -0.41441473378240934
        ],
        [
            0.0,
            0.0,
            1.0,
            0.0
        ],
        [
            0.0,
            0.0,
            0.0,
            1.0
        ]
    ]
}