{
    "cubes": [
        {
            "position": [
                1.5,
                0.0,
                0.4165233941265163
            ],
            "scale": [
                0.5,
                2.0,
                0.03
            ]
        }
    ],
    "cylinders": [
        {
            "position": [
                1.0596633250653866,
                -0.1781485635009456,
                0.5
            ],
            "radius": 0.030366405738129994,
            "heigth": 0.3801422589977497
        },
        {
            "position": [
                1.1972370950925202,
                0.1834480405058168,
                0.5
            ],
            "radius": 0.05036005738628299,
            "heigth": 0.4594997453521796
        },
        {
            "position": [
                1.0414069292644081,
                -0.16632335971843942,
                0.5
            ],
            "radius": 0.04921216099621065,
            "heigth": 0.45287855938423305
        },
        {
            "position": [
                1.1149636508265772,
                -0.20176427639698907,
                0.5
            ],
            "radius": 0.054848265621446,
            "heigth": 0.10076541384087363
        }
    ],
    "target": [
        [
            1.0,
            0.0,
            0.0,
            1.1534894704818726
        ],
        [
            0.0,
            -0.9999999999999961,
            -8.742277974564334e-08,
            -0.001123561873100698
        ],
        [
            0.0,
            8.742277974564332e-08,
            -0.9999999999999961,
            0.6583824157714844
        ],
        [
            0.0,
            0.0,
            0.0,
            1.0
        ]
    ],
    "robot_base": [
        [
            1.0,
            0.0,
            0.0,
            0.0
        ],
        [
            0.0,
            1.0,
            0.0,
            -0.10888712648496057
        ],
        [
            0.0,
            0.0,
            1.0,
            0.0
        ],
        [
            0.0,
            0.0,
            0.0,
            1.0
        ]
    ]
}