{
    "cubes": [
        {
            "position": [
                1.5,
                0.0,
                0.4760041540160224
            ],
            "scale": [
                0.5,
                2.0,
                0.03
            ]
        }
    ],
    "cylinders": [
        {
            "position": [
                1.0414102933331186,
                -0.06359532385316113,
                0.5
            ],
            "radius": 0.04688808109710467,
            "heigth": 0.1695882452060774
        },
        {
            "position": [
                1.1524224362600215,
                0.07305209477624386,
                0.5
            ],
            "radius": 0.057741824724261176,
            "heigth": 0.13112398724781088
        },
        {
            "position": [
                1.1964461431949467,
                0.15013332983722322,
                0.5
            ],
            "radius": 0.06126153368526831,
            "heigth": 0.1152287344568392
        },
        {
            "position": [
                1.0529470274257724,
                0.0046657226459951295,
                0.5
            ],
            "radius": 0.06796958764446522,
            "heigth": 0.11365790886945899
        }
    ],
    "target": [
        [
            1.0,
            0.0,
            0.0,
            1.1534894704818726
        ],
        [
            0.0,
            -0.9999999999999961,
            -8.742277974564334e-08,
            -0.001123561873100698
        ],
        [
            0.0,
            8.742277974564332e-08,
            -0.9999999999999961,
            0.6583824157714844
        ],
        [
            0.0,
            0.0,
            0.0,
            1.0
        ]
    ],
    "robot_base": [
        [
            1.0,
            0.0,
            0.0,
            0.0
        ],
        [
            0.0,
            1.0,
            0.0,
            0.0933455991707296
        ],
        [
            0.0,
            0.0,
            1.0,
            0.0
        ],
        [
            0.0,
            0.0,
            0.0,
            1.0
        ]
    ]
}