{
    "cubes": [
        {
            "position": [
                1.5,
                0.0,
                0.558372910720314
            ],
            "scale": [
                0.5,
                2.0,
                0.03
            ]
        }
    ],
    "cylinders": [
        {
            "position": [
                1.018183353647298,
                0.2040113417006773,
                0.5
            ],
            "radius": 0.05177158967851597,
            "heigth": 0.4417701854885274
        },
        {
            "position": [
                1.0882169842093963,
                0.1899179320994449,
                0.5
            ],
            "radius": 0.03736055394435876,
            "heigth": 0.20848774759563596
        },
        {
            "position": [
                1.1769440641272815,
                -0.08221148253033261,
                0.5
            ],
            "radius": 0.03400639294312789,
            "heigth": 0.1445462241655873
        },
        {
            "position": [
                1.1175003946377466,
                0.16741437840063933,
                0.5
            ],
            "radius": 0.0251833067887637,
            "heigth": 0.3788666276365027
        }
    ],
    "target": [
        [
            1.0,
            0.0,
            0.0,
            1.1534894704818726
        ],
        [
            0.0,
            -0.9999999999999961,
            -8.742277974564334e-08,
            -0.001123561873100698
        ],
        [
            0.0,
            8.742277974564332e-08,
            -0.9999999999999961,
            0.6583824157714844
        ],
        [
            0.0,
            0.0,
            0.0,
            1.0
        ]
    ],
    "robot_base": [
        [
            1.0,
            0.0,
            0.0,
            0.0
        ],
        [
            0.0,
            1.0,
            0.0,
            0.13035743378552367
        ],
        [
            0.0,
            0.0,
            1.0,
            0.0
        ],
        [
            0.0,
            0.0,
            0.0,
            1.0
        ]
    ]
}