{
    "cubes": [
        {
            "position": [
                1.5,
                0.0,
                0.48832705798911136
            ],
            "scale": [
                0.5,
                2.0,
                0.03
            ]
        }
    ],
    "cylinders": [
        {
            "position": [
                1.0271446311620767,
                -0.03345504226532747,
                0.5
            ],
            "radius": 0.07789892954775363,
            "heigth": 0.16951908477803085
        },
        {
            "position": [
                1.0019781275312747,
                -0.020883092424191174,
                0.5
            ],
            "radius": 0.0523323484023245,
            "heigth": 0.3286832121016654
        },
        {
            "position": [
                1.0227358098745674,
                0.15477760694377357,
                0.5
            ],
            "radius": 0.0685309706461687,
            "heigth": 0.13027402099299473
        },
        {
            "position": [
                1.0093635858225196,
                0.2048379438751483,
                0.5
            ],
            "radius": 0.07828824484477798,
            "heigth": 0.4666589482601639
        }
    ],
    "target": [
        [
            1.0,
            0.0,
            0.0,
            1.1534894704818726
        ],
        [
            0.0,
            -0.9999999999999961,
            -8.742277974564334e-08,
            -0.001123561873100698
        ],
        [
            0.0,
            8.742277974564332e-08,
            -0.9999999999999961,
            0.6583824157714844
        ],
        [
            0.0,
            0.0,
            0.0,
            1.0
        ]
    ],
    "robot_base": [
        [
            1.0,
            0.0,
            0.0,
            0.0
        ],
        [
            0.0,
            1.0,
            0.0,
            -0.47104506178069316
        ],
        [
            0.0,
            0.0,
            1.0,
            0.0
        ],
        [
            0.0,
            0.0,
            0.0,
            1.0
        ]
    ]
}