{
    "cubes": [
        {
            "position": [
                1.5,
                0.0,
                0.455244310501803
            ],
            "scale": [
                0.5,
                2.0,
                0.03
            ]
        }
    ],
    "cylinders": [
        {
            "position": [
                1.0919420279547358,
                -0.22254669020538115,
                0.5
            ],
            "radius": 0.07480572501390861,
            "heigth": 0.3370327159633752
        },
        {
            "position": [
                1.0745207843592453,
                0.1726923320026954,
                0.5
            ],
            "radius": 0.05517111770572658,
            "heigth": 0.19111591841508274
        },
        {
            "position": [
                1.1237434049278208,
                -0.17453880640686514,
                0.5
            ],
            "radius": 0.021065977211745218,
            "heigth": 0.3956991885589076
        },
        {
            "position": [
                1.1888560476028043,
                0.19845293282904042,
                0.5
            ],
            "radius": 0.06412353881816206,
            "heigth": 0.23039693930452151
        }
    ],
    "target": [
        [
            1.0,
            0.0,
            0.0,
            1.1534894704818726
        ],
        [
            0.0,
            -0.9999999999999961,
            -8.742277974564334e-08,
            -0.001123561873100698
        ],
        [
            0.0,
            8.742277974564332e-08,
            -0.9999999999999961,
            0.6583824157714844
        ],
        [
            0.0,
            0.0,
            0.0,
            1.0
        ]
    ],
    "robot_base": [
        [
            1.0,
            0.0,
            0.0,
            0.0
        ],
        [
            0.0,
            1.0,
            0.0,
            0.20745280674457878
        ],
        [
            0.0,
            0.0,
            1.0,
            0.0
        ],
        [
            0.0,
            0.0,
            0.0,
            1.0
        ]
    ]
}