{
    "cubes": [
        {
            "position": [
                1.5,
                0.0,
                0.5038313588671829
            ],
            "scale": [
                0.5,
                2.0,
                0.03
            ]
        }
    ],
    "cylinders": [
        {
            "position": [
                1.1225647449076313,
                0.24045818990189288,
                0.5
            ],
            "radius": 0.06822445557826713,
            "heigth": 0.33674189157279727
        },
        {
            "position": [
                1.1108638936695565,
                -0.21930771581798958,
                0.5
            ],
            "radius": 0.062339022784194134,
            "heigth": 0.19087960226924985
        },
        {
            "position": [
                1.0117396492601884,
                -0.10945362260319874,
                0.5
            ],
            "radius": 0.026650273007116393,
            "heigth": 0.23471910140423533
        },
        {
            "position": [
                1.0082366848464426,
                0.1794922027188578,
                0.5
            ],
            "radius": 0.07455856689189735,
            "heigth": 0.38543349045344616
        }
    ],
    "target": [
        [
            1.0,
            0.0,
            0.0,
            1.1534894704818726
        ],
        [
            0.0,
            -0.9999999999999961,
            -8.742277974564334e-08,
            -0.001123561873100698
        ],
        [
            0.0,
            8.742277974564332e-08,
            -0.9999999999999961,
            0.6583824157714844
        ],
        [
            0.0,
            0.0,
            0.0,
            1.0
        ]
    ],
    "robot_base": [
        [
            1.0,
            0.0,
            0.0,
            0.0
        ],
        [
            0.0,
            1.0,
            0.0,
            -0.2846231865883124
        ],
        [
            0.0,
            0.0,
            1.0,
            0.0
        ],
        [
            0.0,
            0.0,
            0.0,
            1.0
        ]
    ]
}