{
    "cubes": [
        {
            "position": [
                1.5,
                0.0,
                0.45667611613939363
            ],
            "scale": [
                0.5,
                2.0,
                0.03
            ]
        }
    ],
    "cylinders": [
        {
            "position": [
                1.0028203862049794,
                -0.008073140489468444,
                0.5
            ],
            "radius": 0.027474984921681826,
            "heigth": 0.17563065061445343
        },
        {
            "position": [
                1.0287847012624123,
                -0.07195208259472596,
                0.5
            ],
            "radius": 0.06390573334134184,
            "heigth": 0.46173240832038065
        },
        {
            "position": [
                1.0196098237654887,
                0.18523222535186096,
                0.5
            ],
            "radius": 0.03777650811101656,
            "heigth": 0.40983303080201183
        },
        {
            "position": [
                1.13980245189498,
                0.23973988929063134,
                0.5
            ],
            "radius": 0.055463947108074035,
            "heigth": 0.23319284737304133
        }
    ],
    "target": [
        [
            1.0,
            0.0,
            0.0,
            1.1534894704818726
        ],
        [
            0.0,
            -0.9999999999999961,
            -8.742277974564334e-08,
            -0.001123561873100698
        ],
        [
            0.0,
            8.742277974564332e-08,
            -0.9999999999999961,
            0.6583824157714844
        ],
        [
            0.0,
            0.0,
            0.0,
            1.0
        ]
    ],
    "robot_base": [
        [
            1.0,
            0.0,
            0.0,
            0.0
        ],
        [
            0.0,
            1.0,
            0.0,
            -0.4640443257129163
        ],
        [
            0.0,
            0.0,
            1.0,
            0.0
        ],
        [
            0.0,
            0.0,
            0.0,
            1.0
        ]
    ]
}