{
    "cubes": [
        {
            "position": [
                1.5,
                0.0,
                0.5887069355201353
            ],
            "scale": [
                0.5,
                2.0,
                0.03
            ]
        }
    ],
    "cylinders": [
        {
            "position": [
                1.1271765982855622,
                -0.19418218029422946,
                0.5
            ],
            "radius": 0.04740513181628378,
            "heigth": 0.10095409915841683
        },
        {
            "position": [
                1.1056708842408178,
                -0.15719734245457467,
                0.5
            ],
            "radius": 0.024063821657940614,
            "heigth": 0.35667591780632285
        },
        {
            "position": [
                1.1799743993495149,
                -0.22627651783437897,
                0.5
            ],
            "radius": 0.026392873525644636,
            "heigth": 0.3541318585672066
        },
        {
            "position": [
                1.0347051762038484,
                0.17541024650655973,
                0.5
            ],
            "radius": 0.044995095264599695,
            "heigth": 0.35451367803494116
        }
    ],
    "target": [
        [
            1.0,
            0.0,
            0.0,
            1.1534894704818726
        ],
        [
            0.0,
            -0.9999999999999961,
            -8.742277974564334e-08,
            -0.001123561873100698
        ],
        [
            0.0,
            8.742277974564332e-08,
            -0.9999999999999961,
            0.6583824157714844
        ],
        [
            0.0,
            0.0,
            0.0,
            1.0
        ]
    ],
    "robot_base": [
        [
            1.0,
            0.0,
            0.0,
            0.0
        ],
        [
            0.0,
            1.0,
            0.0,
            0.2718577728422359
        ],
        [
            0.0,
            0.0,
            1.0,
            0.0
        ],
        [
            0.0,
            0.0,
            0.0,
            1.0
        ]
    ]
}