{
    "cubes": [
        {
            "position": [
                1.5,
                0.0,
                0.453682059830136
            ],
            "scale": [
                0.5,
                2.0,
                0.03
            ]
        }
    ],
    "cylinders": [
        {
            "position": [
                1.197783378112772,
                -0.04857212528632776,
                0.5
            ],
            "radius": 0.06860167472584575,
            "heigth": 0.13075865474331944
        },
        {
            "position": [
                1.0446452755627542,
                0.038158017582515635,
                0.5
            ],
            "radius": 0.06178538433451775,
            "heigth": 0.142504001012953
        },
        {
            "position": [
                1.0397185915839067,
                -0.22550482086404994,
                0.5
            ],
            "radius": 0.03113965171202556,
            "heigth": 0.29159185034611634
        },
        {
            "position": [
                1.0493135122488055,
                0.022438071027193807,
                0.5
            ],
            "radius": 0.04926546931765946,
            "heigth": 0.24985901830672133
        }
    ],
    "target": [
        [
            1.0,
            0.0,
            0.0,
            1.1534894704818726
        ],
        [
            0.0,
            -0.9999999999999961,
            -8.742277974564334e-08,
            -0.001123561873100698
        ],
        [
            0.0,
            8.742277974564332e-08,
            -0.9999999999999961,
            0.6583824157714844
        ],
        [
            0.0,
            0.0,
            0.0,
            1.0
        ]
    ],
    "robot_base": [
        [
            1.0,
            0.0,
            0.0,
            0.0
        ],
        [
            0.0,
            1.0,
            0.0,
            0.42522706445130176
        ],
        [
            0.0,
            0.0,
            1.0,
            0.0
        ],
        [
            0.0,
            0.0,
            0.0,
            1.0
        ]
    ]
}