{
    "cubes": [
        {
            "position": [
                1.5,
                0.0,
                0.4566149945841044
            ],
            "scale": [
                0.5,
                2.0,
                0.03
            ]
        }
    ],
    "cylinders": [
        {
            "position": [
                1.0294149022434005,
                -0.15890910497539135,
                0.5
            ],
            "radius": 0.04102026687431665,
            "heigth": 0.3442205110355301
        },
        {
            "position": [
                1.0744651061591128,
                -0.24325696467097002,
                0.5
            ],
            "radius": 0.02254450495182639,
            "heigth": 0.1726036646195107
        },
        {
            "position": [
                1.0239566243770106,
                -0.2118343356391732,
                0.5
            ],
            "radius": 0.04416000083814768,
            "heigth": 0.47141819048472733
        },
        {
            "position": [
                1.079115398299587,
                -0.21362145352612893,
                0.5
            ],
            "radius": 0.038147686253881916,
            "heigth": 0.16405798827815765
        }
    ],
    "target": [
        [
            1.0,
            0.0,
            0.0,
            1.1534894704818726
        ],
        [
            0.0,
            -0.9999999999999961,
            -8.742277974564334e-08,
            -0.001123561873100698
        ],
        [
            0.0,
            8.742277974564332e-08,
            -0.9999999999999961,
            0.6583824157714844
        ],
        [
            0.0,
            0.0,
            0.0,
            1.0
        ]
    ],
    "robot_base": [
        [
            1.0,
            0.0,
            0.0,
            0.0
        ],
        [
            0.0,
            1.0,
            0.0,
            -0.47796321562392485
        ],
        [
            0.0,
            0.0,
            1.0,
            0.0
        ],
        [
            0.0,
            0.0,
            0.0,
            1.0
        ]
    ]
}