{
    "cubes": [
        {
            "position": [
                1.5,
                0.0,
                0.510698825193474
            ],
            "scale": [
                0.5,
                2.0,
                0.03
            ]
        }
    ],
    "cylinders": [
        {
            "position": [
                1.0120316699642646,
                0.11212067046760421,
                0.5
            ],
            "radius": 0.03883540501927572,
            "heigth": 0.329663190851737
        },
        {
            "position": [
                1.1467428976968916,
                -0.029475476308855553,
                0.5
            ],
            "radius": 0.031682709269478214,
            "heigth": 0.10242482182196636
        },
        {
            "position": [
                1.0206810966026951,
                0.2136264833977013,
                0.5
            ],
            "radius": 0.0667787753582463,
            "heigth": 0.1546542195492872
        },
        {
            "position": [
                1.0191919457146947,
                0.24983184240054712,
                0.5
            ],
            "radius": 0.05927490918934496,
            "heigth": 0.29027856418215653
        }
    ],
    "target": [
        [
            1.0,
            0.0,
            0.0,
            1.1534894704818726
        ],
        [
            0.0,
            -0.9999999999999961,
            -8.742277974564334e-08,
            -0.001123561873100698
        ],
        [
            0.0,
            8.742277974564332e-08,
            -0.9999999999999961,
            0.6583824157714844
        ],
        [
            0.0,
            0.0,
            0.0,
            1.0
        ]
    ],
    "robot_base": [
        [
            1.0,
            0.0,
            0.0,
            0.0
        ],
        [
            0.0,
            1.0,
            0.0,
            0.4522481978318239
        ],
        [
            0.0,
            0.0,
            1.0,
            0.0
        ],
        [
            0.0,
            0.0,
            0.0,
            1.0
        ]
    ]
}