{
    "cubes": [
        {
            "position": [
                1.5,
                0.0,
                0.4444525356883814
            ],
            "scale": [
                0.5,
                2.0,
                0.03
            ]
        }
    ],
    "cylinders": [
        {
            "position": [
                1.0401844913958387,
                -0.17726934517881304,
                0.5
            ],
            "radius": 0.047827679773358805,
            "heigth": 0.3624103394871328
        },
        {
            "position": [
                1.0683819122305347,
                0.14558835453194618,
                0.5
            ],
            "radius": 0.067131580033895,
            "heigth": 0.13116032342597983
        },
        {
            "position": [
                1.0599150482182602,
                -0.1459694060230866,
                0.5
            ],
            "radius": 0.06595807753696281,
            "heigth": 0.2873035498570375
        },
        {
            "position": [
                1.1253878651264606,
                -0.22040753116252215,
                0.5
            ],
            "radius": 0.04220235876203511,
            "heigth": 0.4189651344534667
        }
    ],
    "target": [
        [
            1.0,
            0.0,
            0.0,
            1.1534894704818726
        ],
        [
            0.0,
            -0.9999999999999961,
            -8.742277974564334e-08,
            -0.001123561873100698
        ],
        [
            0.0,
            8.742277974564332e-08,
            -0.9999999999999961,
            0.6583824157714844
        ],
        [
            0.0,
            0.0,
            0.0,
            1.0
        ]
    ],
    "robot_base": [
        [
            1.0,
            0.0,
            0.0,
            0.0
        ],
        [
            0.0,
            1.0,
            0.0,
            -0.2738279520063889
        ],
        [
            0.0,
            0.0,
            1.0,
            0.0
        ],
        [
            0.0,
            0.0,
            0.0,
            1.0
        ]
    ]
}