{
    "cubes": [
        {
            "position": [
                1.5,
                0.0,
                0.5359462055401939
            ],
            "scale": [
                0.5,
                2.0,
                0.03
            ]
        }
    ],
    "cylinders": [
        {
            "position": [
                1.1083473431885562,
                -0.1850418252954198,
                0.5
            ],
            "radius": 0.05179549537715759,
            "heigth": 0.31457121728854354
        },
        {
            "position": [
                1.0080504256492888,
                -0.05360505227693568,
                0.5
            ],
            "radius": 0.05942806805984765,
            "heigth": 0.26375777779197346
        },
        {
            "position": [
                1.021895698322193,
                -0.07424009650420788,
                0.5
            ],
            "radius": 0.0493680403187008,
            "heigth": 0.24722296763436685
        },
        {
            "position": [
                1.1625013813211194,
                -0.15695180582006052,
                0.5
            ],
            "radius": 0.042486810736226066,
            "heigth": 0.15419535562917924
        }
    ],
    "target": [
        [
            1.0,
            0.0,
            0.0,
            1.1534894704818726
        ],
        [
            0.0,
            -0.9999999999999961,
            -8.742277974564334e-08,
            -0.001123561873100698
        ],
        [
            0.0,
            8.742277974564332e-08,
            -0.9999999999999961,
            0.6583824157714844
        ],
        [
            0.0,
            0.0,
            0.0,
            1.0
        ]
    ],
    "robot_base": [
        [
            1.0,
            0.0,
            0.0,
            0.0
        ],
        [
            0.0,
            1.0,
            0.0,
            0.4628827396510854
        ],
        [
            0.0,
            0.0,
            1.0,
            0.0
        ],
        [
            0.0,
            0.0,
            0.0,
            1.0
        ]
    ]
}