{
    "cubes": [
        {
            "position": [
                1.5,
                0.0,
                0.46578097563879645
            ],
            "scale": [
                0.5,
                2.0,
                0.03
            ]
        }
    ],
    "cylinders": [
        {
            "position": [
                1.0150397498968693,
                -0.1868798803972832,
                0.5
            ],
            "radius": 0.054704905762711885,
            "heigth": 0.3315129910660546
        },
        {
            "position": [
                1.115991285250853,
                0.19207104674118203,
                0.5
            ],
            "radius": 0.037581044340058,
            "heigth": 0.27999524200311754
        },
        {
            "position": [
                1.0219136830638962,
                -0.1003484960112489,
                0.5
            ],
            "radius": 0.03324222362560361,
            "heigth": 0.12982626808286468
        },
        {
            "position": [
                1.0518337742655346,
                0.21755927198269936,
                0.5
            ],
            "radius": 0.059862569257320794,
            "heigth": 0.13909352517108414
        }
    ],
    "target": [
        [
            1.0,
            0.0,
            0.0,
            1.1534894704818726
        ],
        [
            0.0,
            -0.9999999999999961,
            -8.742277974564334e-08,
            -0.001123561873100698
        ],
        [
            0.0,
            8.742277974564332e-08,
            -0.9999999999999961,
            0.6583824157714844
        ],
        [
            0.0,
            0.0,
            0.0,
            1.0
        ]
    ],
    "robot_base": [
        [
            1.0,
            0.0,
            0.0,
            0.0
        ],
        [
            0.0,
            1.0,
            0.0,
            0.03568441776930098
        ],
        [
            0.0,
            0.0,
            1.0,
            0.0
        ],
        [
            0.0,
            0.0,
            0.0,
            1.0
        ]
    ]
}