{
    "cubes": [
        {
            "position": [
                1.5,
                0.0,
                0.536516850175947
            ],
            "scale": [
                0.5,
                2.0,
                0.03
            ]
        }
    ],
    "cylinders": [
        {
            "position": [
                1.1066509620753586,
                0.1509956605119287,
                0.5
            ],
            "radius": 0.06858709319375048,
            "heigth": 0.10345189133259514
        },
        {
            "position": [
                1.1012510049093498,
                -0.13526200992895243,
                0.5
            ],
            "radius": 0.05251458842549498,
            "heigth": 0.12825499854310346
        },
        {
            "position": [
                1.0000068316499868,
                -0.20146270154270846,
                0.5
            ],
            "radius": 0.044475258276632915,
            "heigth": 0.403898584030605
        },
        {
            "position": [
                1.0520320989950167,
                -0.12758006039930903,
                0.5
            ],
            "radius": 0.07067852030254487,
            "heigth": 0.1384886828681444
        }
    ],
    "target": [
        [
            1.0,
            0.0,
            0.0,
            1.1534894704818726
        ],
        [
            0.0,
            -0.9999999999999961,
            -8.742277974564334e-08,
            -0.001123561873100698
        ],
        [
            0.0,
            8.742277974564332e-08,
            -0.9999999999999961,
            0.6583824157714844
        ],
        [
            0.0,
            0.0,
            0.0,
            1.0
        ]
    ],
    "robot_base": [
        [
            1.0,
            0.0,
            0.0,
            0.0
        ],
        [
            0.0,
            1.0,
            0.0,
            -0.4413285620687841
        ],
        [
            0.0,
            0.0,
            1.0,
            0.0
        ],
        [
            0.0,
            0.0,
            0.0,
            1.0
        ]
    ]
}