{
    "cubes": [
        {
            "position": [
                1.5,
                0.0,
                0.45713083006018906
            ],
            "scale": [
                0.5,
                2.0,
                0.03
            ]
        }
    ],
    "cylinders": [
        {
            "position": [
                1.0554758567096365,
                0.03420730801528682,
                0.5
            ],
            "radius": 0.07094113383352302,
            "heigth": 0.12399715556860332
        },
        {
            "position": [
                1.0035911407645084,
                0.07610494213272334,
                0.5
            ],
            "radius": 0.07045719218152191,
            "heigth": 0.2973068511059062
        },
        {
            "position": [
                1.1424770617145015,
                0.10817320613212617,
                0.5
            ],
            "radius": 0.05446665316341785,
            "heigth": 0.10628734368290418
        },
        {
            "position": [
                1.1668490300123109,
                -0.1979991463908824,
                0.5
            ],
            "radius": 0.04862121793450991,
            "heigth": 0.2936236658380943
        }
    ],
    "target": [
        [
            1.0,
            0.0,
            0.0,
            1.1534894704818726
        ],
        [
            0.0,
            -0.9999999999999961,
            -8.742277974564334e-08,
            -0.001123561873100698
        ],
        [
            0.0,
            8.742277974564332e-08,
            -0.9999999999999961,
            0.6583824157714844
        ],
        [
            0.0,
            0.0,
            0.0,
            1.0
        ]
    ],
    "robot_base": [
        [
            1.0,
            0.0,
            0.0,
            0.0
        ],
        [
            0.0,
            1.0,
            0.0,
            -0.04056809282003737
        ],
        [
            0.0,
            0.0,
            1.0,
            0.0
        ],
        [
            0.0,
            0.0,
            0.0,
            1.0
        ]
    ]
}