{
    "cubes": [
        {
            "position": [
                1.5,
                0.0,
                0.40080399017406204
            ],
            "scale": [
                0.5,
                2.0,
                0.03
            ]
        }
    ],
    "cylinders": [
        {
            "position": [
                1.154346286751158,
                0.226985919412171,
                0.5
            ],
            "radius": 0.05642448267751764,
            "heigth": 0.29667362009748877
        },
        {
            "position": [
                1.0095498391150746,
                0.11541174060268228,
                0.5
            ],
            "radius": 0.027386429351126722,
            "heigth": 0.34604794211364953
        },
        {
            "position": [
                1.141722429307122,
                -0.051723030766621436,
                0.5
            ],
            "radius": 0.06585919662866199,
            "heigth": 0.11587108264632
        },
        {
            "position": [
                1.1671648739357858,
                0.23086789159317694,
                0.5
            ],
            "radius": 0.03443225472716943,
            "heigth": 0.2546040321707286
        }
    ],
    "target": [
        [
            1.0,
            0.0,
            0.0,
            1.1534894704818726
        ],
        [
            0.0,
            -0.9999999999999961,
            -8.742277974564334e-08,
            -0.001123561873100698
        ],
        [
            0.0,
            8.742277974564332e-08,
            -0.9999999999999961,
            0.6583824157714844
        ],
        [
            0.0,
            0.0,
            0.0,
            1.0
        ]
    ],
    "robot_base": [
        [
            1.0,
            0.0,
            0.0,
            0.0
        ],
        [
            0.0,
            1.0,
            0.0,
            -0.39474884911452257
        ],
        [
            0.0,
            0.0,
            1.0,
            0.0
        ],
        [
            0.0,
            0.0,
            0.0,
            1.0
        ]
    ]
}