{
    "cubes": [
        {
            "position": [
                1.5,
                0.0,
                0.5517115089722475
            ],
            "scale": [
                0.5,
                2.0,
                0.03
            ]
        }
    ],
    "cylinders": [
        {
            "position": [
                1.0357473250259674,
                0.23373530794677105,
                0.5
            ],
            "radius": 0.03455418338310516,
            "heigth": 0.17583364852396594
        },
        {
            "position": [
                1.0313264004502303,
                -0.15673889333192909,
                0.5
            ],
            "radius": 0.037078687186194434,
            "heigth": 0.4827772580345824
        },
        {
            "position": [
                1.06945548810313,
                -0.15745415984968886,
                0.5
            ],
            "radius": 0.0517959433486056,
            "heigth": 0.13770683474930218
        },
        {
            "position": [
                1.1044617445630058,
                -0.19229649341564503,
                0.5
            ],
            "radius": 0.03707433656456406,
            "heigth": 0.20372567001221586
        }
    ],
    "target": [
        [
            1.0,
            0.0,
            0.0,
            1.1534894704818726
        ],
        [
            0.0,
            -0.9999999999999961,
            -8.742277974564334e-08,
            -0.001123561873100698
        ],
        [
            0.0,
            8.742277974564332e-08,
            -0.9999999999999961,
            0.6583824157714844
        ],
        [
            0.0,
            0.0,
            0.0,
            1.0
        ]
    ],
    "robot_base": [
        [
            1.0,
            0.0,
            0.0,
            0.0
        ],
        [
            0.0,
            1.0,
            0.0,
            0.40501990624334416
        ],
        [
            0.0,
            0.0,
            1.0,
            0.0
        ],
        [
            0.0,
            0.0,
            0.0,
            1.0
        ]
    ]
}