{
    "cubes": [
        {
            "position": [
                1.5,
                0.0,
                0.5932327379795089
            ],
            "scale": [
                0.5,
                2.0,
                0.03
            ]
        }
    ],
    "cylinders": [
        {
            "position": [
                1.0472453224137297,
                -0.1945838768312787,
                0.5
            ],
            "radius": 0.06490427047760985,
            "heigth": 0.34324184744469566
        },
        {
            "position": [
                1.0739422391656834,
                0.23884851872383522,
                0.5
            ],
            "radius": 0.06552305100128739,
            "heigth": 0.45489988944638526
        },
        {
            "position": [
                1.1321317799997648,
                0.1865876030752835,
                0.5
            ],
            "radius": 0.03311526433332806,
            "heigth": 0.3129423666168707
        },
        {
            "position": [
                1.0681130671622423,
                -0.19521291138240526,
                0.5
            ],
            "radius": 0.045344880179140803,
            "heigth": 0.16307312424133083
        }
    ],
    "target": [
        [
            1.0,
            0.0,
            0.0,
            1.1534894704818726
        ],
        [
            0.0,
            -0.9999999999999961,
            -8.742277974564334e-08,
            -0.001123561873100698
        ],
        [
            0.0,
            8.742277974564332e-08,
            -0.9999999999999961,
            0.6583824157714844
        ],
        [
            0.0,
            0.0,
            0.0,
            1.0
        ]
    ],
    "robot_base": [
        [
            1.0,
            0.0,
            0.0,
            0.0
        ],
        [
            0.0,
            1.0,
            0.0,
            0.011289644536529697
        ],
        [
            0.0,
            0.0,
            1.0,
            0.0
        ],
        [
            0.0,
            0.0,
            0.0,
            1.0
        ]
    ]
}