{
    "cubes": [
        {
            "position": [
                1.5,
                0.0,
                0.484163865985307
            ],
            "scale": [
                0.5,
                2.0,
                0.03
            ]
        }
    ],
    "cylinders": [
        {
            "position": [
                1.0665155965148863,
                -0.1938810558547871,
                0.5
            ],
            "radius": 0.028525668773873584,
            "heigth": 0.23051624586656544
        },
        {
            "position": [
                1.0036918825182517,
                -0.23935967353365717,
                0.5
            ],
            "radius": 0.0297373277179676,
            "heigth": 0.27983443202781744
        },
        {
            "position": [
                1.1037727647411264,
                0.1814264572203036,
                0.5
            ],
            "radius": 0.04145315830150134,
            "heigth": 0.2018736908682252
        },
        {
            "position": [
                1.1915969480234245,
                0.2228688205505081,
                0.5
            ],
            "radius": 0.0631251667490265,
            "heigth": 0.16055533389756
        }
    ],
    "target": [
        [
            1.0,
            0.0,
            0.0,
            1.1534894704818726
        ],
        [
            0.0,
            -0.9999999999999961,
            -8.742277974564334e-08,
            -0.001123561873100698
        ],
        [
            0.0,
            8.742277974564332e-08,
            -0.9999999999999961,
            0.6583824157714844
        ],
        [
            0.0,
            0.0,
            0.0,
            1.0
        ]
    ],
    "robot_base": [
        [
            1.0,
            0.0,
            0.0,
            0.0
        ],
        [
            0.0,
            1.0,
            0.0,
            -0.08926464167882397
        ],
        [
            0.0,
            0.0,
            1.0,
            0.0
        ],
        [
            0.0,
            0.0,
            0.0,
            1.0
        ]
    ]
}