{
    "cubes": [
        {
            "position": [
                1.5,
                0.0,
                0.43064143472429217
            ],
            "scale": [
                0.5,
                2.0,
                0.03
            ]
        }
    ],
    "cylinders": [
        {
            "position": [
                1.183464740926978,
                -0.16298609839717448,
                0.5
            ],
            "radius": 0.024201320747540476,
            "heigth": 0.4022327814277016
        },
        {
            "position": [
                1.1316013810010321,
                0.22938591906594763,
                0.5
            ],
            "radius": 0.050985449479597794,
            "heigth": 0.22460253521448847
        },
        {
            "position": [
                1.1612967734510224,
                -0.08889654298033084,
                0.5
            ],
            "radius": 0.02671945314671083,
            "heigth": 0.10300717292007892
        },
        {
            "position": [
                1.0739559487679529,
                0.2171888501222451,
                0.5
            ],
            "radius": 0.06417445680043923,
            "heigth": 0.20722525684898874
        }
    ],
    "target": [
        [
            1.0,
            0.0,
            0.0,
            1.1534894704818726
        ],
        [
            0.0,
            -0.9999999999999961,
            -8.742277974564334e-08,
            -0.001123561873100698
        ],
        [
            0.0,
            8.742277974564332e-08,
            -0.9999999999999961,
            0.6583824157714844
        ],
        [
            0.0,
            0.0,
            0.0,
            1.0
        ]
    ],
    "robot_base": [
        [
            1.0,
            0.0,
            0.0,
            0.0
        ],
        [
            0.0,
            1.0,
            0.0,
            -0.414915463093128
        ],
        [
            0.0,
            0.0,
            1.0,
            0.0
        ],
        [
            0.0,
            0.0,
            0.0,
            1.0
        ]
    ]
}