{
    "cubes": [
        {
            "position": [
                1.5,
                0.0,
                0.5146042055253468
            ],
            "scale": [
                0.5,
                2.0,
                0.03
            ]
        }
    ],
    "cylinders": [
        {
            "position": [
                1.0135961191847898,
                0.13340389607976177,
                0.5
            ],
            "radius": 0.023571785537077488,
            "heigth": 0.34741403887988065
        },
        {
            "position": [
                1.1026330998204439,
                -0.22366261322763775,
                0.5
            ],
            "radius": 0.0285169996833304,
            "heigth": 0.4965552823812368
        },
        {
            "position": [
                1.032402924621752,
                -0.08858613639080243,
                0.5
            ],
            "radius": 0.0507854985990595,
            "heigth": 0.2274072787770046
        },
        {
            "position": [
                1.1291556737740476,
                0.2347370425769154,
                0.5
            ],
            "radius": 0.03393117893365496,
            "heigth": 0.3122974162975064
        }
    ],
    "target": [
        [
            1.0,
            0.0,
            0.0,
            1.1534894704818726
        ],
        [
            0.0,
            -0.9999999999999961,
            -8.742277974564334e-08,
            -0.001123561873100698
        ],
        [
            0.0,
            8.742277974564332e-08,
            -0.9999999999999961,
            0.6583824157714844
        ],
        [
            0.0,
            0.0,
            0.0,
            1.0
        ]
    ],
    "robot_base": [
        [
            1.0,
            0.0,
            0.0,
            0.0
        ],
        [
            0.0,
            1.0,
            0.0,
            -0.20214712376441102
        ],
        [
            0.0,
            0.0,
            1.0,
            0.0
        ],
        [
            0.0,
            0.0,
            0.0,
            1.0
        ]
    ]
}