{
    "cubes": [
        {
            "position": [
                1.5,
                0.0,
                0.5346340163435248
            ],
            "scale": [
                0.5,
                2.0,
                0.03
            ]
        }
    ],
    "cylinders": [
        {
            "position": [
                1.1324616905693798,
                0.2113058914124717,
                0.5
            ],
            "radius": 0.03601787369237773,
            "heigth": 0.4021268153931553
        },
        {
            "position": [
                1.1992324932168792,
                0.2105894405606426,
                0.5
            ],
            "radius": 0.07645060593078429,
            "heigth": 0.4474077996905662
        },
        {
            "position": [
                1.024434546230368,
                -0.17031781375732147,
                0.5
            ],
            "radius": 0.0731468111104927,
            "heigth": 0.4718802218779417
        },
        {
            "position": [
                1.0503391734591574,
                0.03163747776604259,
                0.5
            ],
            "radius": 0.06781874409404728,
            "heigth": 0.13684306355301648
        }
    ],
    "target": [
        [
            1.0,
            0.0,
            0.0,
            1.1534894704818726
        ],
        [
            0.0,
            -0.9999999999999961,
            -8.742277974564334e-08,
            -0.001123561873100698
        ],
        [
            0.0,
            8.742277974564332e-08,
            -0.9999999999999961,
            0.6583824157714844
        ],
        [
            0.0,
            0.0,
            0.0,
            1.0
        ]
    ],
    "robot_base": [
        [
            1.0,
            0.0,
            0.0,
            0.0
        ],
        [
            0.0,
            1.0,
            0.0,
            -0.026586361357396227
        ],
        [
            0.0,
            0.0,
            1.0,
            0.0
        ],
        [
            0.0,
            0.0,
            0.0,
            1.0
        ]
    ]
}