{
    "cubes": [
        {
            "position": [
                1.5,
                0.0,
                0.5509177673778676
            ],
            "scale": [
                0.5,
                2.0,
                0.03
            ]
        }
    ],
    "cylinders": [
        {
            "position": [
                1.1244158557701214,
                -0.1836203010148476,
                0.5
            ],
            "radius": 0.05747909384875048,
            "heigth": 0.17052585459467673
        },
        {
            "position": [
                1.068961645572068,
                -0.11643740410784531,
                0.5
            ],
            "radius": 0.020512733871570706,
            "heigth": 0.2812936540794926
        },
        {
            "position": [
                1.0584962650492422,
                -0.1529768403857396,
                0.5
            ],
            "radius": 0.04147814102912019,
            "heigth": 0.47098524772496225
        },
        {
            "position": [
                1.0620037899525157,
                -0.13203813312079554,
                0.5
            ],
            "radius": 0.04021352016515864,
            "heigth": 0.17762078681893906
        }
    ],
    "target": [
        [
            1.0,
            0.0,
            0.0,
            1.1534894704818726
        ],
        [
            0.0,
            -0.9999999999999961,
            -8.742277974564334e-08,
            -0.001123561873100698
        ],
        [
            0.0,
            8.742277974564332e-08,
            -0.9999999999999961,
            0.6583824157714844
        ],
        [
            0.0,
            0.0,
            0.0,
            1.0
        ]
    ],
    "robot_base": [
        [
            1.0,
            0.0,
            0.0,
            0.0
        ],
        [
            0.0,
            1.0,
            0.0,
            0.2697474226701053
        ],
        [
            0.0,
            0.0,
            1.0,
            0.0
        ],
        [
            0.0,
            0.0,
            0.0,
            1.0
        ]
    ]
}