{
    "cubes": [
        {
            "position": [
                1.5,
                0.0,
                0.4019761781025302
            ],
            "scale": [
                0.5,
                2.0,
                0.03
            ]
        }
    ],
    "cylinders": [
        {
            "position": [
                1.0310604140676944,
                0.1835173932214172,
                0.5
            ],
            "radius": 0.038831491632024595,
            "heigth": 0.40499822970650945
        },
        {
            "position": [
                1.0846804996387653,
                -0.12562680829307693,
                0.5
            ],
            "radius": 0.040542688738047214,
            "heigth": 0.1816952197172628
        },
        {
            "position": [
                1.1614910259258695,
                -0.15448291912652973,
                0.5
            ],
            "radius": 0.028708961268007482,
            "heigth": 0.18871135593376087
        },
        {
            "position": [
                1.0817097308326575,
                0.10217493943965078,
                0.5
            ],
            "radius": 0.04230542332830518,
            "heigth": 0.1303770639066883
        }
    ],
    "target": [
        [
            1.0,
            0.0,
            0.0,
            1.1534894704818726
        ],
        [
            0.0,
            -0.9999999999999961,
            -8.742277974564334e-08,
            -0.001123561873100698
        ],
        [
            0.0,
            8.742277974564332e-08,
            -0.9999999999999961,
            0.6583824157714844
        ],
        [
            0.0,
            0.0,
            0.0,
            1.0
        ]
    ],
    "robot_base": [
        [
            1.0,
            0.0,
            0.0,
            0.0
        ],
        [
            0.0,
            1.0,
            0.0,
            -0.23130917873347878
        ],
        [
            0.0,
            0.0,
            1.0,
            0.0
        ],
        [
            0.0,
            0.0,
            0.0,
            1.0
        ]
    ]
}