{
    "cubes": [
        {
            "position": [
                1.5,
                0.0,
                0.49113298321739424
            ],
            "scale": [
                0.5,
                2.0,
                0.03
            ]
        }
    ],
    "cylinders": [
        {
            "position": [
                1.0195146739656509,
                0.07265428245774536,
                0.5
            ],
            "radius": 0.061002253696643936,
            "heigth": 0.13692864430803586
        },
        {
            "position": [
                1.0616310023263629,
                -0.12817993577391973,
                0.5
            ],
            "radius": 0.035663266784092346,
            "heigth": 0.27249715157567955
        },
        {
            "position": [
                1.1411940620038215,
                0.23169176554080267,
                0.5
            ],
            "radius": 0.031241370022140006,
            "heigth": 0.15481576353525942
        },
        {
            "position": [
                1.0283907670512653,
                -0.1463927558063403,
                0.5
            ],
            "radius": 0.022980993486455117,
            "heigth": 0.38697791035445755
        }
    ],
    "target": [
        [
            1.0,
            0.0,
            0.0,
            1.1534894704818726
        ],
        [
            0.0,
            -0.9999999999999961,
            -8.742277974564334e-08,
            -0.001123561873100698
        ],
        [
            0.0,
            8.742277974564332e-08,
            -0.9999999999999961,
            0.6583824157714844
        ],
        [
            0.0,
            0.0,
            0.0,
            1.0
        ]
    ],
    "robot_base": [
        [
            1.0,
            0.0,
            0.0,
            0.0
        ],
        [
            0.0,
            1.0,
            0.0,
            0.2502519583849997
        ],
        [
            0.0,
            0.0,
            1.0,
            0.0
        ],
        [
            0.0,
            0.0,
            0.0,
            1.0
        ]
    ]
}