{
    "cubes": [
        {
            "position": [
                1.5,
                0.0,
                0.5994227142102666
            ],
            "scale": [
                0.5,
                2.0,
                0.03
            ]
        }
    ],
    "cylinders": [
        {
            "position": [
                1.1398861497741328,
                -0.20534922931475807,
                0.5
            ],
            "radius": 0.035445012815300325,
            "heigth": 0.39531012662430653
        },
        {
            "position": [
                1.0017272315982533,
                -0.13905585231045203,
                0.5
            ],
            "radius": 0.05560878011095226,
            "heigth": 0.4841599960080668
        },
        {
            "position": [
                1.1684033903300877,
                -0.2348193388398952,
                0.5
            ],
            "radius": 0.07151776567846987,
            "heigth": 0.4607911465326455
        },
        {
            "position": [
                1.0137757291234937,
                -0.1656202588043676,
                0.5
            ],
            "radius": 0.03658337423991845,
            "heigth": 0.4580982490550656
        }
    ],
    "target": [
        [
            1.0,
            0.0,
            0.0,
            1.1534894704818726
        ],
        [
            0.0,
            -0.9999999999999961,
            -8.742277974564334e-08,
            -0.001123561873100698
        ],
        [
            0.0,
            8.742277974564332e-08,
            -0.9999999999999961,
            0.6583824157714844
        ],
        [
            0.0,
            0.0,
            0.0,
            1.0
        ]
    ],
    "robot_base": [
        [
            1.0,
            0.0,
            0.0,
            0.0
        ],
        [
            0.0,
            1.0,
            0.0,
            0.4497460747202764
        ],
        [
            0.0,
            0.0,
            1.0,
            0.0
        ],
        [
            0.0,
            0.0,
            0.0,
            1.0
        ]
    ]
}