{
    "cubes": [
        {
            "position": [
                1.5,
                0.0,
                0.4591715347285483
            ],
            "scale": [
                0.5,
                2.0,
                0.03
            ]
        }
    ],
    "cylinders": [
        {
            "position": [
                1.00465526622419,
                -0.03411029610914351,
                0.5
            ],
            "radius": 0.04235528263091298,
            "heigth": 0.35421366063336496
        },
        {
            "position": [
                1.0188050927092949,
                0.05821060412979556,
                0.5
            ],
            "radius": 0.06859074143698603,
            "heigth": 0.18150378057938443
        },
        {
            "position": [
                1.042409319757382,
                -0.24400968673922707,
                0.5
            ],
            "radius": 0.07374284860853442,
            "heigth": 0.11558537049156074
        },
        {
            "position": [
                1.0048549874197281,
                0.12257937566339205,
                0.5
            ],
            "radius": 0.03597396012842474,
            "heigth": 0.4385306307007584
        }
    ],
    "target": [
        [
            1.0,
            0.0,
            0.0,
            1.1534894704818726
        ],
        [
            0.0,
            -0.9999999999999961,
            -8.742277974564334e-08,
            -0.001123561873100698
        ],
        [
            0.0,
            8.742277974564332e-08,
            -0.9999999999999961,
            0.6583824157714844
        ],
        [
            0.0,
            0.0,
            0.0,
            1.0
        ]
    ],
    "robot_base": [
        [
            1.0,
            0.0,
            0.0,
            0.0
        ],
        [
            0.0,
            1.0,
            0.0,
            -0.2015072460609979
        ],
        [
            0.0,
            0.0,
            1.0,
            0.0
        ],
        [
            0.0,
            0.0,
            0.0,
            1.0
        ]
    ]
}