{
    "cubes": [
        {
            "position": [
                1.5,
                0.0,
                0.5680733217765811
            ],
            "scale": [
                0.5,
                2.0,
                0.03
            ]
        }
    ],
    "cylinders": [
        {
            "position": [
                1.016249504673506,
                0.14338466234823555,
                0.5
            ],
            "radius": 0.027998651995433464,
            "heigth": 0.33097352439875594
        },
        {
            "position": [
                1.0492606259607524,
                0.019680519093941806,
                0.5
            ],
            "radius": 0.0332595960197515,
            "heigth": 0.17174578276873367
        },
        {
            "position": [
                1.0601718509719509,
                -0.08206109266068601,
                0.5
            ],
            "radius": 0.03212237804723896,
            "heigth": 0.3422359636122104
        },
        {
            "position": [
                1.0774659103119173,
                0.21554127842195675,
                0.5
            ],
            "radius": 0.03407528790970854,
            "heigth": 0.2434956408832537
        }
    ],
    "target": [
        [
            1.0,
            0.0,
            0.0,
            1.1534894704818726
        ],
        [
            0.0,
            -0.9999999999999961,
            -8.742277974564334e-08,
            -0.001123561873100698
        ],
        [
            0.0,
            8.742277974564332e-08,
            -0.9999999999999961,
            0.6583824157714844
        ],
        [
            0.0,
            0.0,
            0.0,
            1.0
        ]
    ],
    "robot_base": [
        [
            1.0,
            0.0,
            0.0,
            0.0
        ],
        [
            0.0,
            1.0,
            0.0,
            -0.49014693442878376
        ],
        [
            0.0,
            0.0,
            1.0,
            0.0
        ],
        [
            0.0,
            0.0,
            0.0,
            1.0
        ]
    ]
}