{
    "cubes": [
        {
            "position": [
                1.5,
                0.0,
                0.4443595904164904
            ],
            "scale": [
                0.5,
                2.0,
                0.03
            ]
        }
    ],
    "cylinders": [
        {
            "position": [
                1.1653667891850377,
                0.227894294212508,
                0.5
            ],
            "radius": 0.04136044804201028,
            "heigth": 0.389268717753986
        },
        {
            "position": [
                1.196756247000557,
                -0.06638898262149545,
                0.5
            ],
            "radius": 0.047693831781423016,
            "heigth": 0.13444382609867025
        },
        {
            "position": [
                1.1135727602191425,
                0.15920819543613257,
                0.5
            ],
            "radius": 0.03280634519783391,
            "heigth": 0.43854865063604825
        },
        {
            "position": [
                1.0340282867062773,
                0.00528802576086157,
                0.5
            ],
            "radius": 0.020668051603592322,
            "heigth": 0.1700538631467387
        }
    ],
    "target": [
        [
            1.0,
            0.0,
            0.0,
            1.1534894704818726
        ],
        [
            0.0,
            -0.9999999999999961,
            -8.742277974564334e-08,
            -0.001123561873100698
        ],
        [
            0.0,
            8.742277974564332e-08,
            -0.9999999999999961,
            0.6583824157714844
        ],
        [
            0.0,
            0.0,
            0.0,
            1.0
        ]
    ],
    "robot_base": [
        [
            1.0,
            0.0,
            0.0,
            0.0
        ],
        [
            0.0,
            1.0,
            0.0,
            -0.12393782325409208
        ],
        [
            0.0,
            0.0,
            1.0,
            0.0
        ],
        [
            0.0,
            0.0,
            0.0,
            1.0
        ]
    ]
}