{
    "cubes": [
        {
            "position": [
                1.5,
                0.0,
                0.4870154894356024
            ],
            "scale": [
                0.5,
                2.0,
                0.03
            ]
        }
    ],
    "cylinders": [
        {
            "position": [
                1.1865187938298674,
                0.1992322116858491,
                0.5
            ],
            "radius": 0.04294602215472949,
            "heigth": 0.20131345853900345
        },
        {
            "position": [
                1.1857748172756242,
                -0.19080434880318148,
                0.5
            ],
            "radius": 0.04969344355144237,
            "heigth": 0.1652686296330349
        },
        {
            "position": [
                1.053758601043928,
                -0.017242244348809943,
                0.5
            ],
            "radius": 0.04791125950266284,
            "heigth": 0.12720705784460024
        },
        {
            "position": [
                1.1503990241155342,
                0.15809572638230485,
                0.5
            ],
            "radius": 0.035268267948338095,
            "heigth": 0.3334955217321919
        }
    ],
    "target": [
        [
            1.0,
            0.0,
            0.0,
            1.1534894704818726
        ],
        [
            0.0,
            -0.9999999999999961,
            -8.742277974564334e-08,
            -0.001123561873100698
        ],
        [
            0.0,
            8.742277974564332e-08,
            -0.9999999999999961,
            0.6583824157714844
        ],
        [
            0.0,
            0.0,
            0.0,
            1.0
        ]
    ],
    "robot_base": [
        [
            1.0,
            0.0,
            0.0,
            0.0
        ],
        [
            0.0,
            1.0,
            0.0,
            -0.07559301539220642
        ],
        [
            0.0,
            0.0,
            1.0,
            0.0
        ],
        [
            0.0,
            0.0,
            0.0,
            1.0
        ]
    ]
}