{
    "cubes": [
        {
            "position": [
                1.5,
                0.0,
                0.5019605929832741
            ],
            "scale": [
                0.5,
                2.0,
                0.03
            ]
        }
    ],
    "cylinders": [
        {
            "position": [
                1.0438471413531263,
                0.24322744145582842,
                0.5
            ],
            "radius": 0.04545148926380625,
            "heigth": 0.14796514279900502
        },
        {
            "position": [
                1.0931199680722372,
                0.16579617491202053,
                0.5
            ],
            "radius": 0.03743772544199486,
            "heigth": 0.4857198101494603
        },
        {
            "position": [
                1.0938412504095025,
                -0.08137659649000567,
                0.5
            ],
            "radius": 0.05149418683498842,
            "heigth": 0.13691987560979738
        },
        {
            "position": [
                1.0753965508258265,
                0.05155894666468924,
                0.5
            ],
            "radius": 0.02069229023714091,
            "heigth": 0.17960749221679156
        }
    ],
    "target": [
        [
            1.0,
            0.0,
            0.0,
            1.1534894704818726
        ],
        [
            0.0,
            -0.9999999999999961,
            -8.742277974564334e-08,
            -0.001123561873100698
        ],
        [
            0.0,
            8.742277974564332e-08,
            -0.9999999999999961,
            0.6583824157714844
        ],
        [
            0.0,
            0.0,
            0.0,
            1.0
        ]
    ],
    "robot_base": [
        [
            1.0,
            0.0,
            0.0,
            0.0
        ],
        [
            0.0,
            1.0,
            0.0,
            -0.4525528184860349
        ],
        [
            0.0,
            0.0,
            1.0,
            0.0
        ],
        [
            0.0,
            0.0,
            0.0,
            1.0
        ]
    ]
}