{
    "cubes": [
        {
            "position": [
                1.5,
                0.0,
                0.583495253262108
            ],
            "scale": [
                0.5,
                2.0,
                0.03
            ]
        }
    ],
    "cylinders": [
        {
            "position": [
                1.0555597438143554,
                -0.06456317752851115,
                0.5
            ],
            "radius": 0.03414745590453011,
            "heigth": 0.1685949460951197
        },
        {
            "position": [
                1.0968209949461938,
                -0.1982597380593316,
                0.5
            ],
            "radius": 0.048053159887126454,
            "heigth": 0.29204618838597585
        },
        {
            "position": [
                1.012785519201693,
                -0.24068348238369497,
                0.5
            ],
            "radius": 0.06670370298535745,
            "heigth": 0.26469061307534025
        },
        {
            "position": [
                1.0856102517474981,
                -0.22761806236588245,
                0.5
            ],
            "radius": 0.07768034297166787,
            "heigth": 0.27871199592111007
        }
    ],
    "target": [
        [
            1.0,
            0.0,
            0.0,
            1.1534894704818726
        ],
        [
            0.0,
            -0.9999999999999961,
            -8.742277974564334e-08,
            -0.001123561873100698
        ],
        [
            0.0,
            8.742277974564332e-08,
            -0.9999999999999961,
            0.6583824157714844
        ],
        [
            0.0,
            0.0,
            0.0,
            1.0
        ]
    ],
    "robot_base": [
        [
            1.0,
            0.0,
            0.0,
            0.0
        ],
        [
            0.0,
            1.0,
            0.0,
            0.343989783567448
        ],
        [
            0.0,
            0.0,
            1.0,
            0.0
        ],
        [
            0.0,
            0.0,
            0.0,
            1.0
        ]
    ]
}