{
    "cubes": [
        {
            "position": [
                1.5,
                0.0,
                0.4829085891882652
            ],
            "scale": [
                0.5,
                2.0,
                0.03
            ]
        }
    ],
    "cylinders": [
        {
            "position": [
                1.195282438564854,
                0.16241684108972376,
                0.5
            ],
            "radius": 0.06542424441993186,
            "heigth": 0.143157378664803
        },
        {
            "position": [
                1.0289702319579896,
                -0.20857526249769642,
                0.5
            ],
            "radius": 0.06698327540874652,
            "heigth": 0.28149156288539223
        },
        {
            "position": [
                1.1248738279112338,
                0.055258633220310716,
                0.5
            ],
            "radius": 0.0425925560043826,
            "heigth": 0.12943033924684316
        },
        {
            "position": [
                1.123003654695088,
                -0.20675342064940688,
                0.5
            ],
            "radius": 0.04697577088892704,
            "heigth": 0.1257522768923363
        }
    ],
    "target": [
        [
            1.0,
            0.0,
            0.0,
            1.1534894704818726
        ],
        [
            0.0,
            -0.9999999999999961,
            -8.742277974564334e-08,
            -0.001123561873100698
        ],
        [
            0.0,
            8.742277974564332e-08,
            -0.9999999999999961,
            0.6583824157714844
        ],
        [
            0.0,
            0.0,
            0.0,
            1.0
        ]
    ],
    "robot_base": [
        [
            1.0,
            0.0,
            0.0,
            0.0
        ],
        [
            0.0,
            1.0,
            0.0,
            -0.13129341304139353
        ],
        [
            0.0,
            0.0,
            1.0,
            0.0
        ],
        [
            0.0,
            0.0,
            0.0,
            1.0
        ]
    ]
}