{
    "cubes": [
        {
            "position": [
                1.5,
                0.0,
                0.4679446423774
            ],
            "scale": [
                0.5,
                2.0,
                0.03
            ]
        }
    ],
    "cylinders": [
        {
            "position": [
                1.056133992465214,
                -0.19775384223865433,
                0.5
            ],
            "radius": 0.05003861436515196,
            "heigth": 0.14703245368339235
        },
        {
            "position": [
                1.13236447010885,
                0.23001327569806757,
                0.5
            ],
            "radius": 0.04949611790782725,
            "heigth": 0.18147895282356225
        },
        {
            "position": [
                1.1334683108388781,
                -0.21747291781699463,
                0.5
            ],
            "radius": 0.0644614916940287,
            "heigth": 0.16378232695214667
        },
        {
            "position": [
                1.1124607621404274,
                -0.03540533019720066,
                0.5
            ],
            "radius": 0.06740444167757707,
            "heigth": 0.10939446512634692
        }
    ],
    "target": [
        [
            1.0,
            0.0,
            0.0,
            1.1534894704818726
        ],
        [
            0.0,
            -0.9999999999999961,
            -8.742277974564334e-08,
            -0.001123561873100698
        ],
        [
            0.0,
            8.742277974564332e-08,
            -0.9999999999999961,
            0.6583824157714844
        ],
        [
            0.0,
            0.0,
            0.0,
            1.0
        ]
    ],
    "robot_base": [
        [
            1.0,
            0.0,
            0.0,
            0.0
        ],
        [
            0.0,
            1.0,
            0.0,
            0.017883333442870852
        ],
        [
            0.0,
            0.0,
            1.0,
            0.0
        ],
        [
            0.0,
            0.0,
            0.0,
            1.0
        ]
    ]
}