{
    "cubes": [
        {
            "position": [
                1.5,
                0.0,
                0.5525311581090664
            ],
            "scale": [
                0.5,
                2.0,
                0.03
            ]
        }
    ],
    "cylinders": [
        {
            "position": [
                1.0110491896747251,
                -0.008263436526077084,
                0.5
            ],
            "radius": 0.02637332977264514,
            "heigth": 0.33821630014289406
        },
        {
            "position": [
                1.0428373370514448,
                0.18207411123563205,
                0.5
            ],
            "radius": 0.020597321136990896,
            "heigth": 0.22951997674744934
        },
        {
            "position": [
                1.0723532536209834,
                0.18031176790982417,
                0.5
            ],
            "radius": 0.0520827547122851,
            "heigth": 0.29710584762717873
        },
        {
            "position": [
                1.1557277215426507,
                0.16393249783296965,
                0.5
            ],
            "radius": 0.039646939621510655,
            "heigth": 0.13756107705588463
        }
    ],
    "target": [
        [
            1.0,
            0.0,
            0.0,
            1.1534894704818726
        ],
        [
            0.0,
            -0.9999999999999961,
            -8.742277974564334e-08,
            -0.001123561873100698
        ],
        [
            0.0,
            8.742277974564332e-08,
            -0.9999999999999961,
            0.6583824157714844
        ],
        [
            0.0,
            0.0,
            0.0,
            1.0
        ]
    ],
    "robot_base": [
        [
            1.0,
            0.0,
            0.0,
            0.0
        ],
        [
            0.0,
            1.0,
            0.0,
            -0.07851241533239406
        ],
        [
            0.0,
            0.0,
            1.0,
            0.0
        ],
        [
            0.0,
            0.0,
            0.0,
            1.0
        ]
    ]
}