{
    "cubes": [
        {
            "position": [
                1.5,
                0.0,
                0.4566815938595519
            ],
            "scale": [
                0.5,
                2.0,
                0.03
            ]
        }
    ],
    "cylinders": [
        {
            "position": [
                1.148370715489435,
                -0.22093727263987978,
                0.5
            ],
            "radius": 0.06656718538661681,
            "heigth": 0.42888108301948363
        },
        {
            "position": [
                1.167837733797564,
                0.15699630250022473,
                0.5
            ],
            "radius": 0.025122905051123325,
            "heigth": 0.23310519425208517
        },
        {
            "position": [
                1.0212522786924405,
                0.14222303850145274,
                0.5
            ],
            "radius": 0.04815939731829483,
            "heigth": 0.28207414737048836
        },
        {
            "position": [
                1.0032431079838457,
                0.0008045391144440583,
                0.5
            ],
            "radius": 0.05646581502100355,
            "heigth": 0.220753607867052
        }
    ],
    "target": [
        [
            1.0,
            0.0,
            0.0,
            1.1534894704818726
        ],
        [
            0.0,
            -0.9999999999999961,
            -8.742277974564334e-08,
            -0.001123561873100698
        ],
        [
            0.0,
            8.742277974564332e-08,
            -0.9999999999999961,
            0.6583824157714844
        ],
        [
            0.0,
            0.0,
            0.0,
            1.0
        ]
    ],
    "robot_base": [
        [
            1.0,
            0.0,
            0.0,
            0.0
        ],
        [
            0.0,
            1.0,
            0.0,
            0.39629344920758147
        ],
        [
            0.0,
            0.0,
            1.0,
            0.0
        ],
        [
            0.0,
            0.0,
            0.0,
            1.0
        ]
    ]
}