{
    "cubes": [
        {
            "position": [
                1.5,
                0.0,
                0.527307324170142
            ],
            "scale": [
                0.5,
                2.0,
                0.03
            ]
        }
    ],
    "cylinders": [
        {
            "position": [
                1.0833116639014446,
                -0.23437547586704216,
                0.5
            ],
            "radius": 0.060317884488370034,
            "heigth": 0.2573927178650925
        },
        {
            "position": [
                1.1238401006300043,
                0.11615440809008681,
                0.5
            ],
            "radius": 0.05170787181112345,
            "heigth": 0.1065071710512209
        },
        {
            "position": [
                1.0382565327517506,
                0.22810090909391428,
                0.5
            ],
            "radius": 0.031398216670806,
            "heigth": 0.2967501017256946
        },
        {
            "position": [
                1.0261545659320355,
                0.19905140374541758,
                0.5
            ],
            "radius": 0.03095737920281549,
            "heigth": 0.4659515275263744
        }
    ],
    "target": [
        [
            1.0,
            0.0,
            0.0,
            1.1534894704818726
        ],
        [
            0.0,
            -0.9999999999999961,
            -8.742277974564334e-08,
            -0.001123561873100698
        ],
        [
            0.0,
            8.742277974564332e-08,
            -0.9999999999999961,
            0.6583824157714844
        ],
        [
            0.0,
            0.0,
            0.0,
            1.0
        ]
    ],
    "robot_base": [
        [
            1.0,
            0.0,
            0.0,
            0.0
        ],
        [
            0.0,
            1.0,
            0.0,
            -0.21540541788471756
        ],
        [
            0.0,
            0.0,
            1.0,
            0.0
        ],
        [
            0.0,
            0.0,
            0.0,
            1.0
        ]
    ]
}