{
    "cubes": [
        {
            "position": [
                1.5,
                0.0,
                0.47422114259741255
            ],
            "scale": [
                0.5,
                2.0,
                0.03
            ]
        }
    ],
    "cylinders": [
        {
            "position": [
                1.1154375743920055,
                -0.18315445145638803,
                0.5
            ],
            "radius": 0.05186440727418813,
            "heigth": 0.471750842126951
        },
        {
            "position": [
                1.0102203315599476,
                -0.19890493762023453,
                0.5
            ],
            "radius": 0.05025709479269082,
            "heigth": 0.1381621107605457
        },
        {
            "position": [
                1.0854972386915254,
                0.13110756483279112,
                0.5
            ],
            "radius": 0.05949984031515859,
            "heigth": 0.179815499597332
        },
        {
            "position": [
                1.0596144700498944,
                -0.21446052995672432,
                0.5
            ],
            "radius": 0.020180015453253614,
            "heigth": 0.4685507122306293
        }
    ],
    "target": [
        [
            1.0,
            0.0,
            0.0,
            1.1534894704818726
        ],
        [
            0.0,
            -0.9999999999999961,
            -8.742277974564334e-08,
            -0.001123561873100698
        ],
        [
            0.0,
            8.742277974564332e-08,
            -0.9999999999999961,
            0.6583824157714844
        ],
        [
            0.0,
            0.0,
            0.0,
            1.0
        ]
    ],
    "robot_base": [
        [
            1.0,
            0.0,
            0.0,
            0.0
        ],
        [
            0.0,
            1.0,
            0.0,
            0.2994473536471838
        ],
        [
            0.0,
            0.0,
            1.0,
            0.0
        ],
        [
            0.0,
            0.0,
            0.0,
            1.0
        ]
    ]
}