{
    "cubes": [
        {
            "position": [
                1.5,
                0.0,
                0.5109886580088421
            ],
            "scale": [
                0.5,
                2.0,
                0.03
            ]
        }
    ],
    "cylinders": [
        {
            "position": [
                1.0867744086184503,
                -0.24363839984511382,
                0.5
            ],
            "radius": 0.06392964344064532,
            "heigth": 0.18785868754491636
        },
        {
            "position": [
                1.0839248170638935,
                0.18997149504002853,
                0.5
            ],
            "radius": 0.048417510025747096,
            "heigth": 0.13896738292613747
        },
        {
            "position": [
                1.0140494642910098,
                -0.15959825784917298,
                0.5
            ],
            "radius": 0.07003074329061704,
            "heigth": 0.19727748748074106
        },
        {
            "position": [
                1.063595560421312,
                -0.12968409230056943,
                0.5
            ],
            "radius": 0.06733972984786726,
            "heigth": 0.1751909039543478
        }
    ],
    "target": [
        [
            1.0,
            0.0,
            0.0,
            1.1534894704818726
        ],
        [
            0.0,
            -0.9999999999999961,
            -8.742277974564334e-08,
            -0.001123561873100698
        ],
        [
            0.0,
            8.742277974564332e-08,
            -0.9999999999999961,
            0.6583824157714844
        ],
        [
            0.0,
            0.0,
            0.0,
            1.0
        ]
    ],
    "robot_base": [
        [
            1.0,
            0.0,
            0.0,
            0.0
        ],
        [
            0.0,
            1.0,
            0.0,
            0.02000088856554383
        ],
        [
            0.0,
            0.0,
            1.0,
            0.0
        ],
        [
            0.0,
            0.0,
            0.0,
            1.0
        ]
    ]
}