{
    "cubes": [
        {
            "position": [
                1.5,
                0.0,
                0.51034629366801
            ],
            "scale": [
                0.5,
                2.0,
                0.03
            ]
        }
    ],
    "cylinders": [
        {
            "position": [
                1.140613829139542,
                0.21528853000588594,
                0.5
            ],
            "radius": 0.07705470073902626,
            "heigth": 0.37688354737876
        },
        {
            "position": [
                1.1586191156742995,
                0.1861568919383339,
                0.5
            ],
            "radius": 0.021982599844507032,
            "heigth": 0.24028836644164653
        },
        {
            "position": [
                1.0291199051339763,
                -0.11208957346319104,
                0.5
            ],
            "radius": 0.07445207169282539,
            "heigth": 0.2946022388202646
        },
        {
            "position": [
                1.0938070514145464,
                -0.20829601417562826,
                0.5
            ],
            "radius": 0.06899677401684479,
            "heigth": 0.23389127711505553
        }
    ],
    "target": [
        [
            1.0,
            0.0,
            0.0,
            1.1534894704818726
        ],
        [
            0.0,
            -0.9999999999999961,
            -8.742277974564334e-08,
            -0.001123561873100698
        ],
        [
            0.0,
            8.742277974564332e-08,
            -0.9999999999999961,
            0.6583824157714844
        ],
        [
            0.0,
            0.0,
            0.0,
            1.0
        ]
    ],
    "robot_base": [
        [
            1.0,
            0.0,
            0.0,
            0.0
        ],
        [
            0.0,
            1.0,
            0.0,
            0.26074333952490647
        ],
        [
            0.0,
            0.0,
            1.0,
            0.0
        ],
        [
            0.0,
            0.0,
            0.0,
            1.0
        ]
    ]
}