{
    "cubes": [
        {
            "position": [
                1.5,
                0.0,
                0.4514116894642614
            ],
            "scale": [
                0.5,
                2.0,
                0.03
            ]
        }
    ],
    "cylinders": [
        {
            "position": [
                1.0434581495472468,
                -0.2287026966653259,
                0.5
            ],
            "radius": 0.05061438746961082,
            "heigth": 0.47623157509568925
        },
        {
            "position": [
                1.1819893001978294,
                0.21878644160459826,
                0.5
            ],
            "radius": 0.04840981711679532,
            "heigth": 0.34265324888961846
        },
        {
            "position": [
                1.0611304063305986,
                0.20796596059009753,
                0.5
            ],
            "radius": 0.06253441534124773,
            "heigth": 0.21583532752419865
        },
        {
            "position": [
                1.029637104809758,
                0.1152867351930083,
                0.5
            ],
            "radius": 0.03780577339495188,
            "heigth": 0.28461272849594843
        }
    ],
    "target": [
        [
            1.0,
            0.0,
            0.0,
            1.1534894704818726
        ],
        [
            0.0,
            -0.9999999999999961,
            -8.742277974564334e-08,
            -0.001123561873100698
        ],
        [
            0.0,
            8.742277974564332e-08,
            -0.9999999999999961,
            0.6583824157714844
        ],
        [
            0.0,
            0.0,
            0.0,
            1.0
        ]
    ],
    "robot_base": [
        [
            1.0,
            0.0,
            0.0,
            0.0
        ],
        [
            0.0,
            1.0,
            0.0,
            0.23416582235765793
        ],
        [
            0.0,
            0.0,
            1.0,
            0.0
        ],
        [
            0.0,
            0.0,
            0.0,
            1.0
        ]
    ]
}