{
    "cubes": [
        {
            "position": [
                1.5,
                0.0,
                0.5485718463271382
            ],
            "scale": [
                0.5,
                2.0,
                0.03
            ]
        }
    ],
    "cylinders": [
        {
            "position": [
                1.1670963517137711,
                0.06117413539507388,
                0.5
            ],
            "radius": 0.031121711689668527,
            "heigth": 0.10881863883649776
        },
        {
            "position": [
                1.0945173205799303,
                0.19040908284863378,
                0.5
            ],
            "radius": 0.04729005551389542,
            "heigth": 0.11013974374704365
        },
        {
            "position": [
                1.1095813719321077,
                0.2183613346297581,
                0.5
            ],
            "radius": 0.020463156305984154,
            "heigth": 0.15673176506306202
        },
        {
            "position": [
                1.1254449267826705,
                -0.19316605423629296,
                0.5
            ],
            "radius": 0.02242427894820294,
            "heigth": 0.15605909070916874
        }
    ],
    "target": [
        [
            1.0,
            0.0,
            0.0,
            1.1534894704818726
        ],
        [
            0.0,
            -0.9999999999999961,
            -8.742277974564334e-08,
            -0.001123561873100698
        ],
        [
            0.0,
            8.742277974564332e-08,
            -0.9999999999999961,
            0.6583824157714844
        ],
        [
            0.0,
            0.0,
            0.0,
            1.0
        ]
    ],
    "robot_base": [
        [
            1.0,
            0.0,
            0.0,
            0.0
        ],
        [
            0.0,
            1.0,
            0.0,
            0.033751270416648715
        ],
        [
            0.0,
            0.0,
            1.0,
            0.0
        ],
        [
            0.0,
            0.0,
            0.0,
            1.0
        ]
    ]
}