{
    "cubes": [
        {
            "position": [
                1.5,
                0.0,
                0.46322794566918557
            ],
            "scale": [
                0.5,
                2.0,
                0.03
            ]
        }
    ],
    "cylinders": [
        {
            "position": [
                1.1980610067529542,
                -0.16236992737692063,
                0.5
            ],
            "radius": 0.02148984726833986,
            "heigth": 0.24534258709364773
        },
        {
            "position": [
                1.167671152214203,
                0.12049013367539135,
                0.5
            ],
            "radius": 0.054889572554642746,
            "heigth": 0.12614191817783083
        },
        {
            "position": [
                1.0262829577137529,
                0.2275541364217748,
                0.5
            ],
            "radius": 0.053757555293525904,
            "heigth": 0.21527811799118313
        },
        {
            "position": [
                1.021887292435582,
                0.11947301581440828,
                0.5
            ],
            "radius": 0.051402306686180704,
            "heigth": 0.12910579860342877
        }
    ],
    "target": [
        [
            1.0,
            0.0,
            0.0,
            1.1534894704818726
        ],
        [
            0.0,
            -0.9999999999999961,
            -8.742277974564334e-08,
            -0.001123561873100698
        ],
        [
            0.0,
            8.742277974564332e-08,
            -0.9999999999999961,
            0.6583824157714844
        ],
        [
            0.0,
            0.0,
            0.0,
            1.0
        ]
    ],
    "robot_base": [
        [
            1.0,
            0.0,
            0.0,
            0.0
        ],
        [
            0.0,
            1.0,
            0.0,
            -0.25809627467611207
        ],
        [
            0.0,
            0.0,
            1.0,
            0.0
        ],
        [
            0.0,
            0.0,
            0.0,
            1.0
        ]
    ]
}