{
    "cubes": [
        {
            "position": [
                1.5,
                0.0,
                0.41678647159302307
            ],
            "scale": [
                0.5,
                2.0,
                0.03
            ]
        }
    ],
    "cylinders": [
        {
            "position": [
                1.0388413266063015,
                -0.01193894149789243,
                0.5
            ],
            "radius": 0.02884360087771823,
            "heigth": 0.3066046642268422
        },
        {
            "position": [
                1.198583952451372,
                -0.2208151053782229,
                0.5
            ],
            "radius": 0.06512456610906131,
            "heigth": 0.1509360813539437
        },
        {
            "position": [
                1.052402857008756,
                0.17058986824777927,
                0.5
            ],
            "radius": 0.06247306636874976,
            "heigth": 0.27474714257323035
        },
        {
            "position": [
                1.1684850897450443,
                -0.21401912904728904,
                0.5
            ],
            "radius": 0.044311237557285,
            "heigth": 0.2797964058921354
        }
    ],
    "target": [
        [
            1.0,
            0.0,
            0.0,
            1.1534894704818726
        ],
        [
            0.0,
            -0.9999999999999961,
            -8.742277974564334e-08,
            -0.001123561873100698
        ],
        [
            0.0,
            8.742277974564332e-08,
            -0.9999999999999961,
            0.6583824157714844
        ],
        [
            0.0,
            0.0,
            0.0,
            1.0
        ]
    ],
    "robot_base": [
        [
            1.0,
            0.0,
            0.0,
            0.0
        ],
        [
            0.0,
            1.0,
            0.0,
            0.3722981660356688
        ],
        [
            0.0,
            0.0,
            1.0,
            0.0
        ],
        [
            0.0,
            0.0,
            0.0,
            1.0
        ]
    ]
}