{
    "cubes": [
        {
            "position": [
                1.5,
                0.0,
                0.4258077902123285
            ],
            "scale": [
                0.5,
                2.0,
                0.03
            ]
        }
    ],
    "cylinders": [
        {
            "position": [
                1.1702696925639344,
                0.10081529917385712,
                0.5
            ],
            "radius": 0.06665578211673691,
            "heigth": 0.13526049862991127
        },
        {
            "position": [
                1.0538258154813316,
                -0.20954670758178956,
                0.5
            ],
            "radius": 0.030332774180678597,
            "heigth": 0.21744983271853058
        },
        {
            "position": [
                1.0238736544637417,
                0.10183746773595875,
                0.5
            ],
            "radius": 0.030138872588367494,
            "heigth": 0.1609669792985326
        },
        {
            "position": [
                1.0967638417858243,
                -0.17225300634345175,
                0.5
            ],
            "radius": 0.04368768433452909,
            "heigth": 0.12137869712471454
        }
    ],
    "target": [
        [
            1.0,
            0.0,
            0.0,
            1.1534894704818726
        ],
        [
            0.0,
            -0.9999999999999961,
            -8.742277974564334e-08,
            -0.001123561873100698
        ],
        [
            0.0,
            8.742277974564332e-08,
            -0.9999999999999961,
            0.6583824157714844
        ],
        [
            0.0,
            0.0,
            0.0,
            1.0
        ]
    ],
    "robot_base": [
        [
            1.0,
            0.0,
            0.0,
            0.0
        ],
        [
            0.0,
            1.0,
            0.0,
            0.08997519605041226
        ],
        [
            0.0,
            0.0,
            1.0,
            0.0
        ],
        [
            0.0,
            0.0,
            0.0,
            1.0
        ]
    ]
}