{
    "cubes": [
        {
            "position": [
                1.5,
                0.0,
                0.4470072720082296
            ],
            "scale": [
                0.5,
                2.0,
                0.03
            ]
        }
    ],
    "cylinders": [
        {
            "position": [
                1.1759859142952878,
                -0.12591561965759296,
                0.5
            ],
            "radius": 0.06758915774937926,
            "heigth": 0.17922920487213004
        },
        {
            "position": [
                1.031498833342333,
                -0.030943274174845936,
                0.5
            ],
            "radius": 0.02883977761180466,
            "heigth": 0.18334294246010388
        },
        {
            "position": [
                1.0306246636981482,
                -0.2332688462466137,
                0.5
            ],
            "radius": 0.07069958576223737,
            "heigth": 0.3566708137880989
        },
        {
            "position": [
                1.1923214875407184,
                0.23523232352563817,
                0.5
            ],
            "radius": 0.024652647879369605,
            "heigth": 0.4646422968401305
        }
    ],
    "target": [
        [
            1.0,
            0.0,
            0.0,
            1.1534894704818726
        ],
        [
            0.0,
            -0.9999999999999961,
            -8.742277974564334e-08,
            -0.001123561873100698
        ],
        [
            0.0,
            8.742277974564332e-08,
            -0.9999999999999961,
            0.6583824157714844
        ],
        [
            0.0,
            0.0,
            0.0,
            1.0
        ]
    ],
    "robot_base": [
        [
            1.0,
            0.0,
            0.0,
            0.0
        ],
        [
            0.0,
            1.0,
            0.0,
            -0.015419621258857541
        ],
        [
            0.0,
            0.0,
            1.0,
            0.0
        ],
        [
            0.0,
            0.0,
            0.0,
            1.0
        ]
    ]
}