{
    "cubes": [
        {
            "position": [
                1.5,
                0.0,
                0.4453313988846141
            ],
            "scale": [
                0.5,
                2.0,
                0.03
            ]
        }
    ],
    "cylinders": [
        {
            "position": [
                1.0129284837173134,
                0.07627371530888533,
                0.5
            ],
            "radius": 0.06282670617795966,
            "heigth": 0.17216720884082048
        },
        {
            "position": [
                1.0145536316500368,
                -0.15689061845017244,
                0.5
            ],
            "radius": 0.042163947264391446,
            "heigth": 0.11809815584098848
        },
        {
            "position": [
                1.1795397816591384,
                -0.20643669408624343,
                0.5
            ],
            "radius": 0.02628207211530757,
            "heigth": 0.3439558140539911
        },
        {
            "position": [
                1.0615587094259917,
                0.24066238259104838,
                0.5
            ],
            "radius": 0.027491590527907485,
            "heigth": 0.3391160922648869
        }
    ],
    "target": [
        [
            1.0,
            0.0,
            0.0,
            1.1534894704818726
        ],
        [
            0.0,
            -0.9999999999999961,
            -8.742277974564334e-08,
            -0.001123561873100698
        ],
        [
            0.0,
            8.742277974564332e-08,
            -0.9999999999999961,
            0.6583824157714844
        ],
        [
            0.0,
            0.0,
            0.0,
            1.0
        ]
    ],
    "robot_base": [
        [
            1.0,
            0.0,
            0.0,
            0.0
        ],
        [
            0.0,
            1.0,
            0.0,
            -0.4267059996240723
        ],
        [
            0.0,
            0.0,
            1.0,
            0.0
        ],
        [
            0.0,
            0.0,
            0.0,
            1.0
        ]
    ]
}