{
    "cubes": [
        {
            "position": [
                1.5,
                0.0,
                0.5866141612351636
            ],
            "scale": [
                0.5,
                2.0,
                0.03
            ]
        }
    ],
    "cylinders": [
        {
            "position": [
                1.0682315117145131,
                -0.18274643381139782,
                0.5
            ],
            "radius": 0.043921497163871906,
            "heigth": 0.4873632067485162
        },
        {
            "position": [
                1.0290773938327549,
                0.015550860992571747,
                0.5
            ],
            "radius": 0.02922519624717467,
            "heigth": 0.1288704861272396
        },
        {
            "position": [
                1.1745441071143248,
                -0.1939221928904144,
                0.5
            ],
            "radius": 0.04224668309321751,
            "heigth": 0.25415502512362154
        },
        {
            "position": [
                1.0558875216868209,
                -0.10629194120701102,
                0.5
            ],
            "radius": 0.03593275735587776,
            "heigth": 0.22919336674255367
        }
    ],
    "target": [
        [
            1.0,
            0.0,
            0.0,
            1.1534894704818726
        ],
        [
            0.0,
            -0.9999999999999961,
            -8.742277974564334e-08,
            -0.001123561873100698
        ],
        [
            0.0,
            8.742277974564332e-08,
            -0.9999999999999961,
            0.6583824157714844
        ],
        [
            0.0,
            0.0,
            0.0,
            1.0
        ]
    ],
    "robot_base": [
        [
            1.0,
            0.0,
            0.0,
            0.0
        ],
        [
            0.0,
            1.0,
            0.0,
            -0.10623755292472226
        ],
        [
            0.0,
            0.0,
            1.0,
            0.0
        ],
        [
            0.0,
            0.0,
            0.0,
            1.0
        ]
    ]
}