{
    "cubes": [
        {
            "position": [
                1.5,
                0.0,
                0.415942427865435
            ],
            "scale": [
                0.5,
                2.0,
                0.03
            ]
        }
    ],
    "cylinders": [
        {
            "position": [
                1.0707771334711085,
                -0.18394691773147875,
                0.5
            ],
            "radius": 0.026140506276798346,
            "heigth": 0.3261636961076523
        },
        {
            "position": [
                1.018456446251169,
                -0.14451317682056913,
                0.5
            ],
            "radius": 0.06605927563165372,
            "heigth": 0.37782274886629685
        },
        {
            "position": [
                1.1946608456951007,
                -0.2329143528849677,
                0.5
            ],
            "radius": 0.041658582152525235,
            "heigth": 0.2188957215187649
        },
        {
            "position": [
                1.0806655974687445,
                -0.19193999031402137,
                0.5
            ],
            "radius": 0.041455787254586186,
            "heigth": 0.4217556449172697
        }
    ],
    "target": [
        [
            1.0,
            0.0,
            0.0,
            1.1534894704818726
        ],
        [
            0.0,
            -0.9999999999999961,
            -8.742277974564334e-08,
            -0.001123561873100698
        ],
        [
            0.0,
            8.742277974564332e-08,
            -0.9999999999999961,
            0.6583824157714844
        ],
        [
            0.0,
            0.0,
            0.0,
            1.0
        ]
    ],
    "robot_base": [
        [
            1.0,
            0.0,
            0.0,
            0.0
        ],
        [
            0.0,
            1.0,
            0.0,
            -0.24516727043536524
        ],
        [
            0.0,
            0.0,
            1.0,
            0.0
        ],
        [
            0.0,
            0.0,
            0.0,
            1.0
        ]
    ]
}