{
    "cubes": [
        {
            "position": [
                1.5,
                0.0,
                0.5400938716853457
            ],
            "scale": [
                0.5,
                2.0,
                0.03
            ]
        }
    ],
    "cylinders": [
        {
            "position": [
                1.0376306321230278,
                -0.13678078946922012,
                0.5
            ],
            "radius": 0.04163218966186187,
            "heigth": 0.40085357922911863
        },
        {
            "position": [
                1.1942241993557134,
                -0.20471344780324835,
                0.5
            ],
            "radius": 0.04754928502418608,
            "heigth": 0.13845295148836417
        },
        {
            "position": [
                1.0674149204427656,
                -0.21967411342665544,
                0.5
            ],
            "radius": 0.06002080601906968,
            "heigth": 0.28387403893468377
        },
        {
            "position": [
                1.1544197464597303,
                0.23453332480349925,
                0.5
            ],
            "radius": 0.05817357523773206,
            "heigth": 0.419296763586655
        }
    ],
    "target": [
        [
            1.0,
            0.0,
            0.0,
            1.1534894704818726
        ],
        [
            0.0,
            -0.9999999999999961,
            -8.742277974564334e-08,
            -0.001123561873100698
        ],
        [
            0.0,
            8.742277974564332e-08,
            -0.9999999999999961,
            0.6583824157714844
        ],
        [
            0.0,
            0.0,
            0.0,
            1.0
        ]
    ],
    "robot_base": [
        [
            1.0,
            0.0,
            0.0,
            0.0
        ],
        [
            0.0,
            1.0,
            0.0,
            -0.4867154820268892
        ],
        [
            0.0,
            0.0,
            1.0,
            0.0
        ],
        [
            0.0,
            0.0,
            0.0,
            1.0
        ]
    ]
}