{
    "cubes": [
        {
            "position": [
                1.5,
                0.0,
                0.4946484089364839
            ],
            "scale": [
                0.5,
                2.0,
                0.03
            ]
        }
    ],
    "cylinders": [
        {
            "position": [
                1.0654778169197328,
                0.023344750961839744,
                0.5
            ],
            "radius": 0.03192570562910199,
            "heigth": 0.1749688838332757
        },
        {
            "position": [
                1.0519524853087063,
                0.24477104965943103,
                0.5
            ],
            "radius": 0.04121611206358782,
            "heigth": 0.31276445855131874
        },
        {
            "position": [
                1.1291191458374978,
                0.1307712854692359,
                0.5
            ],
            "radius": 0.05959918956318952,
            "heigth": 0.13854339864329918
        },
        {
            "position": [
                1.01541736141108,
                0.12366815487692528,
                0.5
            ],
            "radius": 0.07902728139199387,
            "heigth": 0.2864480735151097
        }
    ],
    "target": [
        [
            1.0,
            0.0,
            0.0,
            1.1534894704818726
        ],
        [
            0.0,
            -0.9999999999999961,
            -8.742277974564334e-08,
            -0.001123561873100698
        ],
        [
            0.0,
            8.742277974564332e-08,
            -0.9999999999999961,
            0.6583824157714844
        ],
        [
            0.0,
            0.0,
            0.0,
            1.0
        ]
    ],
    "robot_base": [
        [
            1.0,
            0.0,
            0.0,
            0.0
        ],
        [
            0.0,
            1.0,
            0.0,
            0.24302211331829793
        ],
        [
            0.0,
            0.0,
            1.0,
            0.0
        ],
        [
            0.0,
            0.0,
            0.0,
            1.0
        ]
    ]
}