{
    "cubes": [
        {
            "position": [
                1.5,
                0.0,
                0.5382838422992472
            ],
            "scale": [
                0.5,
                2.0,
                0.03
            ]
        }
    ],
    "cylinders": [
        {
            "position": [
                1.0350375123915607,
                -0.06891422867316016,
                0.5
            ],
            "radius": 0.06740244046797099,
            "heigth": 0.11990040527230719
        },
        {
            "position": [
                1.192139932231833,
                -0.22733048176255022,
                0.5
            ],
            "radius": 0.056060018037696356,
            "heigth": 0.3927341261407607
        },
        {
            "position": [
                1.0459872779622335,
                0.1411448251762002,
                0.5
            ],
            "radius": 0.030034369646792333,
            "heigth": 0.10640076771942815
        },
        {
            "position": [
                1.0211000892470115,
                -0.10918497035388447,
                0.5
            ],
            "radius": 0.04969625845469229,
            "heigth": 0.37621584185839513
        }
    ],
    "target": [
        [
            1.0,
            0.0,
            0.0,
            1.1534894704818726
        ],
        [
            0.0,
            -0.9999999999999961,
            -8.742277974564334e-08,
            -0.001123561873100698
        ],
        [
            0.0,
            8.742277974564332e-08,
            -0.9999999999999961,
            0.6583824157714844
        ],
        [
            0.0,
            0.0,
            0.0,
            1.0
        ]
    ],
    "robot_base": [
        [
            1.0,
            0.0,
            0.0,
            0.0
        ],
        [
            0.0,
            1.0,
            0.0,
            -0.3679764062807588
        ],
        [
            0.0,
            0.0,
            1.0,
            0.0
        ],
        [
            0.0,
            0.0,
            0.0,
            1.0
        ]
    ]
}