{
    "cubes": [
        {
            "position": [
                1.5,
                0.0,
                0.506303293970198
            ],
            "scale": [
                0.5,
                2.0,
                0.03
            ]
        }
    ],
    "cylinders": [
        {
            "position": [
                1.0656478305461663,
                0.2207412503590448,
                0.5
            ],
            "radius": 0.07938444241383874,
            "heigth": 0.2895372759611862
        },
        {
            "position": [
                1.033982095155674,
                0.12674769015563497,
                0.5
            ],
            "radius": 0.06650619871121241,
            "heigth": 0.1372577974411623
        },
        {
            "position": [
                1.1733363995768389,
                -0.24717528508767483,
                0.5
            ],
            "radius": 0.04664623993906948,
            "heigth": 0.3535550385787879
        },
        {
            "position": [
                1.0270704937987574,
                0.22225744337801207,
                0.5
            ],
            "radius": 0.028654196276241856,
            "heigth": 0.3473764290202599
        }
    ],
    "target": [
        [
            1.0,
            0.0,
            0.0,
            1.1534894704818726
        ],
        [
            0.0,
            -0.9999999999999961,
            -8.742277974564334e-08,
            -0.001123561873100698
        ],
        [
            0.0,
            8.742277974564332e-08,
            -0.9999999999999961,
            0.6583824157714844
        ],
        [
            0.0,
            0.0,
            0.0,
            1.0
        ]
    ],
    "robot_base": [
        [
            1.0,
            0.0,
            0.0,
            0.0
        ],
        [
            0.0,
            1.0,
            0.0,
            0.025409784115813294
        ],
        [
            0.0,
            0.0,
            1.0,
            0.0
        ],
        [
            0.0,
            0.0,
            0.0,
            1.0
        ]
    ]
}