{
    "cubes": [
        {
            "position": [
                1.5,
                0.0,
                0.5689979392890813
            ],
            "scale": [
                0.5,
                2.0,
                0.03
            ]
        }
    ],
    "cylinders": [
        {
            "position": [
                1.0690705367092257,
                -0.21021208281035042,
                0.5
            ],
            "radius": 0.0255400138833298,
            "heigth": 0.13620823952933206
        },
        {
            "position": [
                1.185473485106887,
                0.12648267095270843,
                0.5
            ],
            "radius": 0.05697963019296842,
            "heigth": 0.14229264057100185
        },
        {
            "position": [
                1.0068275397177053,
                0.039113872656161675,
                0.5
            ],
            "radius": 0.07843955555917402,
            "heigth": 0.18735282573223813
        },
        {
            "position": [
                1.169902608073389,
                0.21241828091732134,
                0.5
            ],
            "radius": 0.04296523096219826,
            "heigth": 0.30516925598056
        }
    ],
    "target": [
        [
            1.0,
            0.0,
            0.0,
            1.1534894704818726
        ],
        [
            0.0,
            -0.9999999999999961,
            -8.742277974564334e-08,
            -0.001123561873100698
        ],
        [
            0.0,
            8.742277974564332e-08,
            -0.9999999999999961,
            0.6583824157714844
        ],
        [
            0.0,
            0.0,
            0.0,
            1.0
        ]
    ],
    "robot_base": [
        [
            1.0,
            0.0,
            0.0,
            0.0
        ],
        [
            0.0,
            1.0,
            0.0,
            -0.027941976946018743
        ],
        [
            0.0,
            0.0,
            1.0,
            0.0
        ],
        [
            0.0,
            0.0,
            0.0,
            1.0
        ]
    ]
}