{
    "cubes": [
        {
            "position": [
                1.5,
                0.0,
                0.4952254714699411
            ],
            "scale": [
                0.5,
                2.0,
                0.03
            ]
        }
    ],
    "cylinders": [
        {
            "position": [
                1.0334871681345557,
                0.04559885485528614,
                0.5
            ],
            "radius": 0.06030307550826162,
            "heigth": 0.26728805386929827
        },
        {
            "position": [
                1.024125301503252,
                0.18378513695611193,
                0.5
            ],
            "radius": 0.04401186079874973,
            "heigth": 0.2177304512576025
        },
        {
            "position": [
                1.0045010805349661,
                -0.09499132777873365,
                0.5
            ],
            "radius": 0.06853898313902612,
            "heigth": 0.34503388109473776
        },
        {
            "position": [
                1.0105363590137553,
                0.21254014062873616,
                0.5
            ],
            "radius": 0.07638428794815058,
            "heigth": 0.15078767669782062
        }
    ],
    "target": [
        [
            1.0,
            0.0,
            0.0,
            1.1534894704818726
        ],
        [
            0.0,
            -0.9999999999999961,
            -8.742277974564334e-08,
            -0.001123561873100698
        ],
        [
            0.0,
            8.742277974564332e-08,
            -0.9999999999999961,
            0.6583824157714844
        ],
        [
            0.0,
            0.0,
            0.0,
            1.0
        ]
    ],
    "robot_base": [
        [
            1.0,
            0.0,
            0.0,
            0.0
        ],
        [
            0.0,
            1.0,
            0.0,
            -0.05313567348133241
        ],
        [
            0.0,
            0.0,
            1.0,
            0.0
        ],
        [
            0.0,
            0.0,
            0.0,
            1.0
        ]
    ]
}