{
    "cubes": [
        {
            "position": [
                1.5,
                0.0,
                0.5497303056085463
            ],
            "scale": [
                0.5,
                2.0,
                0.03
            ]
        }
    ],
    "cylinders": [
        {
            "position": [
                1.0369546298882524,
                -0.1520774514514357,
                0.5
            ],
            "radius": 0.07752165605809175,
            "heigth": 0.13506595227378798
        },
        {
            "position": [
                1.0525037572479077,
                0.21470588792240775,
                0.5
            ],
            "radius": 0.06392056409272498,
            "heigth": 0.1700360523181349
        },
        {
            "position": [
                1.1159110089120474,
                0.23742032039602423,
                0.5
            ],
            "radius": 0.0667391457130056,
            "heigth": 0.3248660273087289
        },
        {
            "position": [
                1.0090416964419413,
                -0.020622711746687505,
                0.5
            ],
            "radius": 0.05676677209413111,
            "heigth": 0.17725811385931237
        }
    ],
    "target": [
        [
            1.0,
            0.0,
            0.0,
            1.1534894704818726
        ],
        [
            0.0,
            -0.9999999999999961,
            -8.742277974564334e-08,
            -0.001123561873100698
        ],
        [
            0.0,
            8.742277974564332e-08,
            -0.9999999999999961,
            0.6583824157714844
        ],
        [
            0.0,
            0.0,
            0.0,
            1.0
        ]
    ],
    "robot_base": [
        [
            1.0,
            0.0,
            0.0,
            0.0
        ],
        [
            0.0,
            1.0,
            0.0,
            0.10632921615308566
        ],
        [
            0.0,
            0.0,
            1.0,
            0.0
        ],
        [
            0.0,
            0.0,
            0.0,
            1.0
        ]
    ]
}