{
    "cubes": [
        {
            "position": [
                1.5,
                0.0,
                0.4704294190558682
            ],
            "scale": [
                0.5,
                2.0,
                0.03
            ]
        }
    ],
    "cylinders": [
        {
            "position": [
                1.166825808674011,
                0.21477373488303098,
                0.5
            ],
            "radius": 0.04337275319559343,
            "heigth": 0.21241864954568013
        },
        {
            "position": [
                1.0638205684808066,
                -0.16554469842202757,
                0.5
            ],
            "radius": 0.05608913040553593,
            "heigth": 0.28144260394139753
        },
        {
            "position": [
                1.049902141031211,
                -0.0747210479442939,
                0.5
            ],
            "radius": 0.031144928998339445,
            "heigth": 0.3369953482002026
        },
        {
            "position": [
                1.0235286278462623,
                0.13200702753948496,
                0.5
            ],
            "radius": 0.04055854343680044,
            "heigth": 0.21648907150555197
        }
    ],
    "target": [
        [
            1.0,
            0.0,
            0.0,
            1.1534894704818726
        ],
        [
            0.0,
            -0.9999999999999961,
            -8.742277974564334e-08,
            -0.001123561873100698
        ],
        [
            0.0,
            8.742277974564332e-08,
            -0.9999999999999961,
            0.6583824157714844
        ],
        [
            0.0,
            0.0,
            0.0,
            1.0
        ]
    ],
    "robot_base": [
        [
            1.0,
            0.0,
            0.0,
            0.0
        ],
        [
            0.0,
            1.0,
            0.0,
            0.42013639150339654
        ],
        [
            0.0,
            0.0,
            1.0,
            0.0
        ],
        [
            0.0,
            0.0,
            0.0,
            1.0
        ]
    ]
}