{
    "cubes": [
        {
            "position": [
                1.5,
                0.0,
                0.4835198253371494
            ],
            "scale": [
                0.5,
                2.0,
                0.03
            ]
        }
    ],
    "cylinders": [
        {
            "position": [
                1.0360419732664865,
                -0.1296058503183098,
                0.5
            ],
            "radius": 0.04336592998264567,
            "heigth": 0.15764918595906824
        },
        {
            "position": [
                1.0110286056925937,
                0.14001701212842527,
                0.5
            ],
            "radius": 0.022618047196148544,
            "heigth": 0.14399562299440619
        },
        {
            "position": [
                1.1247949632980303,
                0.11823645516256992,
                0.5
            ],
            "radius": 0.05676731448443421,
            "heigth": 0.12965269798432016
        },
        {
            "position": [
                1.0484155698021338,
                0.21303237357462507,
                0.5
            ],
            "radius": 0.03600751395890001,
            "heigth": 0.2034656830709325
        }
    ],
    "target": [
        [
            1.0,
            0.0,
            0.0,
            1.1534894704818726
        ],
        [
            0.0,
            -0.9999999999999961,
            -8.742277974564334e-08,
            -0.001123561873100698
        ],
        [
            0.0,
            8.742277974564332e-08,
            -0.9999999999999961,
            0.6583824157714844
        ],
        [
            0.0,
            0.0,
            0.0,
            1.0
        ]
    ],
    "robot_base": [
        [
            1.0,
            0.0,
            0.0,
            0.0
        ],
        [
            0.0,
            1.0,
            0.0,
            0.2859867698866526
        ],
        [
            0.0,
            0.0,
            1.0,
            0.0
        ],
        [
            0.0,
            0.0,
            0.0,
            1.0
        ]
    ]
}