{
    "cubes": [
        {
            "position": [
                1.5,
                0.0,
                0.5794945470043927
            ],
            "scale": [
                0.5,
                2.0,
                0.03
            ]
        }
    ],
    "cylinders": [
        {
            "position": [
                1.0403839811350943,
                -0.19277897417484224,
                0.5
            ],
            "radius": 0.06015190459221771,
            "heigth": 0.3397039101149876
        },
        {
            "position": [
                1.0642723626460484,
                -0.18998512084614866,
                0.5
            ],
            "radius": 0.07603787110508797,
            "heigth": 0.1436798522911595
        },
        {
            "position": [
                1.1146801346905741,
                -0.1863570029227558,
                0.5
            ],
            "radius": 0.042298389307966394,
            "heigth": 0.102797546732826
        },
        {
            "position": [
                1.032007366811593,
                0.22478372721173817,
                0.5
            ],
            "radius": 0.02885332021187545,
            "heigth": 0.1329948315393437
        }
    ],
    "target": [
        [
            1.0,
            0.0,
            0.0,
            1.1534894704818726
        ],
        [
            0.0,
            -0.9999999999999961,
            -8.742277974564334e-08,
            -0.001123561873100698
        ],
        [
            0.0,
            8.742277974564332e-08,
            -0.9999999999999961,
            0.6583824157714844
        ],
        [
            0.0,
            0.0,
            0.0,
            1.0
        ]
    ],
    "robot_base": [
        [
            1.0,
            0.0,
            0.0,
            0.0
        ],
        [
            0.0,
            1.0,
            0.0,
            -0.29323614673175036
        ],
        [
            0.0,
            0.0,
            1.0,
            0.0
        ],
        [
            0.0,
            0.0,
            0.0,
            1.0
        ]
    ]
}