{
    "cubes": [
        {
            "position": [
                1.5,
                0.0,
                0.4588108707255012
            ],
            "scale": [
                0.5,
                2.0,
                0.03
            ]
        }
    ],
    "cylinders": [
        {
            "position": [
                1.199118247794697,
                0.234228145995107,
                0.5
            ],
            "radius": 0.07027480327232316,
            "heigth": 0.4136044944328011
        },
        {
            "position": [
                1.0097092607733102,
                -0.24748785415541835,
                0.5
            ],
            "radius": 0.06961270785216497,
            "heigth": 0.39747404309122314
        },
        {
            "position": [
                1.0414776757772972,
                0.19095792334976514,
                0.5
            ],
            "radius": 0.020378312464765257,
            "heigth": 0.32046335510716106
        },
        {
            "position": [
                1.1930549481207224,
                0.15683214288083863,
                0.5
            ],
            "radius": 0.042291849028667956,
            "heigth": 0.414601721258136
        }
    ],
    "target": [
        [
            1.0,
            0.0,
            0.0,
            1.1534894704818726
        ],
        [
            0.0,
            -0.9999999999999961,
            -8.742277974564334e-08,
            -0.001123561873100698
        ],
        [
            0.0,
            8.742277974564332e-08,
            -0.9999999999999961,
            0.6583824157714844
        ],
        [
            0.0,
            0.0,
            0.0,
            1.0
        ]
    ],
    "robot_base": [
        [
            1.0,
            0.0,
            0.0,
            0.0
        ],
        [
            0.0,
            1.0,
            0.0,
            -0.36092632046329165
        ],
        [
            0.0,
            0.0,
            1.0,
            0.0
        ],
        [
            0.0,
            0.0,
            0.0,
            1.0
        ]
    ]
}