{
    "cubes": [
        {
            "position": [
                1.5,
                0.0,
                0.5640385643859357
            ],
            "scale": [
                0.5,
                2.0,
                0.03
            ]
        }
    ],
    "cylinders": [
        {
            "position": [
                1.120949766733539,
                0.1773081108677364,
                0.5
            ],
            "radius": 0.0248442221107855,
            "heigth": 0.4142226508158179
        },
        {
            "position": [
                1.0234949806275662,
                0.08449341733734933,
                0.5
            ],
            "radius": 0.07262157837831433,
            "heigth": 0.14310316479587254
        },
        {
            "position": [
                1.1796366095977415,
                0.2043176678318145,
                0.5
            ],
            "radius": 0.02164155687034506,
            "heigth": 0.2632617234023016
        },
        {
            "position": [
                1.1837351854864369,
                -0.24259412313126222,
                0.5
            ],
            "radius": 0.06627498456936051,
            "heigth": 0.4213339514689959
        }
    ],
    "target": [
        [
            1.0,
            0.0,
            0.0,
            1.1534894704818726
        ],
        [
            0.0,
            -0.9999999999999961,
            -8.742277974564334e-08,
            -0.001123561873100698
        ],
        [
            0.0,
            8.742277974564332e-08,
            -0.9999999999999961,
            0.6583824157714844
        ],
        [
            0.0,
            0.0,
            0.0,
            1.0
        ]
    ],
    "robot_base": [
        [
            1.0,
            0.0,
            0.0,
            0.0
        ],
        [
            0.0,
            1.0,
            0.0,
            -0.08873967282472317
        ],
        [
            0.0,
            0.0,
            1.0,
            0.0
        ],
        [
            0.0,
            0.0,
            0.0,
            1.0
        ]
    ]
}