{
    "cubes": [
        {
            "position": [
                1.5,
                0.0,
                0.4277359784941347
            ],
            "scale": [
                0.5,
                2.0,
                0.03
            ]
        }
    ],
    "cylinders": [
        {
            "position": [
                1.0675247394404601,
                -0.13011088632361495,
                0.5
            ],
            "radius": 0.022106191811348364,
            "heigth": 0.20267618905431278
        },
        {
            "position": [
                1.0175470309349643,
                0.1844632632880709,
                0.5
            ],
            "radius": 0.025785458740235676,
            "heigth": 0.2717697692960641
        },
        {
            "position": [
                1.0395861385253473,
                -0.01649831798658241,
                0.5
            ],
            "radius": 0.07950458024976519,
            "heigth": 0.1761390423107393
        },
        {
            "position": [
                1.155403098129058,
                -0.2396006842311007,
                0.5
            ],
            "radius": 0.06161938412145587,
            "heigth": 0.37199673454197096
        }
    ],
    "target": [
        [
            1.0,
            0.0,
            0.0,
            1.1534894704818726
        ],
        [
            0.0,
            -0.9999999999999961,
            -8.742277974564334e-08,
            -0.001123561873100698
        ],
        [
            0.0,
            8.742277974564332e-08,
            -0.9999999999999961,
            0.6583824157714844
        ],
        [
            0.0,
            0.0,
            0.0,
            1.0
        ]
    ],
    "robot_base": [
        [
            1.0,
            0.0,
            0.0,
            0.0
        ],
        [
            0.0,
            1.0,
            0.0,
            -0.047764314188516344
        ],
        [
            0.0,
            0.0,
            1.0,
            0.0
        ],
        [
            0.0,
            0.0,
            0.0,
            1.0
        ]
    ]
}