{
    "cubes": [
        {
            "position": [
                1.5,
                0.0,
                0.47019662834330084
            ],
            "scale": [
                0.5,
                2.0,
                0.03
            ]
        }
    ],
    "cylinders": [
        {
            "position": [
                1.1379535028392043,
                0.11077908825917587,
                0.5
            ],
            "radius": 0.03564403783491572,
            "heigth": 0.16156741077931497
        },
        {
            "position": [
                1.1464706569544214,
                -0.16719714557175092,
                0.5
            ],
            "radius": 0.03069063769119744,
            "heigth": 0.40208103486558666
        },
        {
            "position": [
                1.031724200414221,
                -0.1745306253582079,
                0.5
            ],
            "radius": 0.03426620340238676,
            "heigth": 0.4345039929611599
        },
        {
            "position": [
                1.067241056982,
                0.19010211761171553,
                0.5
            ],
            "radius": 0.029993115897207275,
            "heigth": 0.32078201706565757
        }
    ],
    "target": [
        [
            1.0,
            0.0,
            0.0,
            1.1534894704818726
        ],
        [
            0.0,
            -0.9999999999999961,
            -8.742277974564334e-08,
            -0.001123561873100698
        ],
        [
            0.0,
            8.742277974564332e-08,
            -0.9999999999999961,
            0.6583824157714844
        ],
        [
            0.0,
            0.0,
            0.0,
            1.0
        ]
    ],
    "robot_base": [
        [
            1.0,
            0.0,
            0.0,
            0.0
        ],
        [
            0.0,
            1.0,
            0.0,
            0.22056196319634103
        ],
        [
            0.0,
            0.0,
            1.0,
            0.0
        ],
        [
            0.0,
            0.0,
            0.0,
            1.0
        ]
    ]
}