{
    "cubes": [
        {
            "position": [
                1.5,
                0.0,
                0.5786441376722852
            ],
            "scale": [
                0.5,
                2.0,
                0.03
            ]
        }
    ],
    "cylinders": [
        {
            "position": [
                1.1115014177903877,
                0.23757107584697057,
                0.5
            ],
            "radius": 0.06912936017067656,
            "heigth": 0.3234532677811678
        },
        {
            "position": [
                1.0027063391356392,
                -0.011676810344754873,
                0.5
            ],
            "radius": 0.053080633323306474,
            "heigth": 0.15663740796725956
        },
        {
            "position": [
                1.0258098012771812,
                -0.24388927685578432,
                0.5
            ],
            "radius": 0.05541371348023042,
            "heigth": 0.35404409203781434
        },
        {
            "position": [
                1.0188393279422965,
                -0.17745629017420722,
                0.5
            ],
            "radius": 0.07875848606403435,
            "heigth": 0.44038191086533457
        }
    ],
    "target": [
        [
            1.0,
            0.0,
            0.0,
            1.1534894704818726
        ],
        [
            0.0,
            -0.9999999999999961,
            -8.742277974564334e-08,
            -0.001123561873100698
        ],
        [
            0.0,
            8.742277974564332e-08,
            -0.9999999999999961,
            0.6583824157714844
        ],
        [
            0.0,
            0.0,
            0.0,
            1.0
        ]
    ],
    "robot_base": [
        [
            1.0,
            0.0,
            0.0,
            0.0
        ],
        [
            0.0,
            1.0,
            0.0,
            -0.43243777597000554
        ],
        [
            0.0,
            0.0,
            1.0,
            0.0
        ],
        [
            0.0,
            0.0,
            0.0,
            1.0
        ]
    ]
}