{
    "cubes": [
        {
            "position": [
                1.5,
                0.0,
                0.46095592121235673
            ],
            "scale": [
                0.5,
                2.0,
                0.03
            ]
        }
    ],
    "cylinders": [
        {
            "position": [
                1.1567432122515584,
                -0.17978216747313347,
                0.5
            ],
            "radius": 0.025247242312360096,
            "heigth": 0.25447983331258406
        },
        {
            "position": [
                1.0123059810224384,
                -0.08372936301290956,
                0.5
            ],
            "radius": 0.07820111357531925,
            "heigth": 0.48033162958408954
        },
        {
            "position": [
                1.0432161000210278,
                -0.24395609596986567,
                0.5
            ],
            "radius": 0.07897004866061855,
            "heigth": 0.3660370075060277
        },
        {
            "position": [
                1.0675788784197027,
                0.09474520653593926,
                0.5
            ],
            "radius": 0.04603137224228157,
            "heigth": 0.1524800148855453
        }
    ],
    "target": [
        [
            1.0,
            0.0,
            0.0,
            1.1534894704818726
        ],
        [
            0.0,
            -0.9999999999999961,
            -8.742277974564334e-08,
            -0.001123561873100698
        ],
        [
            0.0,
            8.742277974564332e-08,
            -0.9999999999999961,
            0.6583824157714844
        ],
        [
            0.0,
            0.0,
            0.0,
            1.0
        ]
    ],
    "robot_base": [
        [
            1.0,
            0.0,
            0.0,
            0.0
        ],
        [
            0.0,
            1.0,
            0.0,
            -0.1372535639927377
        ],
        [
            0.0,
            0.0,
            1.0,
            0.0
        ],
        [
            0.0,
            0.0,
            0.0,
            1.0
        ]
    ]
}