{
    "cubes": [
        {
            "position": [
                1.5,
                0.0,
                0.43714372328018525
            ],
            "scale": [
                0.5,
                2.0,
                0.03
            ]
        }
    ],
    "cylinders": [
        {
            "position": [
                1.0607698519048676,
                -0.23728135438572368,
                0.5
            ],
            "radius": 0.07167919154551652,
            "heigth": 0.46967748008475463
        },
        {
            "position": [
                1.0099276963174537,
                -0.11091025751355577,
                0.5
            ],
            "radius": 0.06397706878228723,
            "heigth": 0.38513997785842785
        },
        {
            "position": [
                1.0934673572410276,
                0.18546822242657668,
                0.5
            ],
            "radius": 0.052891619739066975,
            "heigth": 0.22927704703439294
        },
        {
            "position": [
                1.0165675140795287,
                -0.18584415762291923,
                0.5
            ],
            "radius": 0.026165693427170247,
            "heigth": 0.10674513672558786
        }
    ],
    "target": [
        [
            1.0,
            0.0,
            0.0,
            1.1534894704818726
        ],
        [
            0.0,
            -0.9999999999999961,
            -8.742277974564334e-08,
            -0.001123561873100698
        ],
        [
            0.0,
            8.742277974564332e-08,
            -0.9999999999999961,
            0.6583824157714844
        ],
        [
            0.0,
            0.0,
            0.0,
            1.0
        ]
    ],
    "robot_base": [
        [
            1.0,
            0.0,
            0.0,
            0.0
        ],
        [
            0.0,
            1.0,
            0.0,
            0.23798718957242526
        ],
        [
            0.0,
            0.0,
            1.0,
            0.0
        ],
        [
            0.0,
            0.0,
            0.0,
            1.0
        ]
    ]
}