{
    "cubes": [
        {
            "position": [
                1.5,
                0.0,
                0.5958223670863718
            ],
            "scale": [
                0.5,
                2.0,
                0.03
            ]
        }
    ],
    "cylinders": [
        {
            "position": [
                1.178521801321271,
                0.17952889567707553,
                0.5
            ],
            "radius": 0.025282123961813528,
            "heigth": 0.22436065181281756
        },
        {
            "position": [
                1.0351712916199747,
                0.10104146502134081,
                0.5
            ],
            "radius": 0.03860893605158741,
            "heigth": 0.1860722505222659
        },
        {
            "position": [
                1.0782552727719676,
                -0.13849846073180683,
                0.5
            ],
            "radius": 0.04334525704428261,
            "heigth": 0.10687172030911987
        },
        {
            "position": [
                1.0332804468375565,
                0.1724103352306282,
                0.5
            ],
            "radius": 0.06667627157478892,
            "heigth": 0.11858250063118733
        }
    ],
    "target": [
        [
            1.0,
            0.0,
            0.0,
            1.1534894704818726
        ],
        [
            0.0,
            -0.9999999999999961,
            -8.742277974564334e-08,
            -0.001123561873100698
        ],
        [
            0.0,
            8.742277974564332e-08,
            -0.9999999999999961,
            0.6583824157714844
        ],
        [
            0.0,
            0.0,
            0.0,
            1.0
        ]
    ],
    "robot_base": [
        [
            1.0,
            0.0,
            0.0,
            0.0
        ],
        [
            0.0,
            1.0,
            0.0,
            -0.4483825862668773
        ],
        [
            0.0,
            0.0,
            1.0,
            0.0
        ],
        [
            0.0,
            0.0,
            0.0,
            1.0
        ]
    ]
}