{
    "cubes": [
        {
            "position": [
                1.5,
                0.0,
                0.4779472057674704
            ],
            "scale": [
                0.5,
                2.0,
                0.03
            ]
        }
    ],
    "cylinders": [
        {
            "position": [
                1.127965784224194,
                0.1664127206851717,
                0.5
            ],
            "radius": 0.07612358264659509,
            "heigth": 0.13679287785141542
        },
        {
            "position": [
                1.001044411424061,
                0.0021601776577027665,
                0.5
            ],
            "radius": 0.03069708131158577,
            "heigth": 0.4418393175226663
        },
        {
            "position": [
                1.109864243657341,
                0.15458242276069795,
                0.5
            ],
            "radius": 0.028342389612893905,
            "heigth": 0.20517956727858966
        },
        {
            "position": [
                1.019303180082176,
                0.16027343415723178,
                0.5
            ],
            "radius": 0.041635694972630484,
            "heigth": 0.29001363440965733
        }
    ],
    "target": [
        [
            1.0,
            0.0,
            0.0,
            1.1534894704818726
        ],
        [
            0.0,
            -0.9999999999999961,
            -8.742277974564334e-08,
            -0.001123561873100698
        ],
        [
            0.0,
            8.742277974564332e-08,
            -0.9999999999999961,
            0.6583824157714844
        ],
        [
            0.0,
            0.0,
            0.0,
            1.0
        ]
    ],
    "robot_base": [
        [
            1.0,
            0.0,
            0.0,
            0.0
        ],
        [
            0.0,
            1.0,
            0.0,
            -0.49691521838799335
        ],
        [
            0.0,
            0.0,
            1.0,
            0.0
        ],
        [
            0.0,
            0.0,
            0.0,
            1.0
        ]
    ]
}