{
    "cubes": [
        {
            "position": [
                1.5,
                0.0,
                0.44744283216645514
            ],
            "scale": [
                0.5,
                2.0,
                0.03
            ]
        }
    ],
    "cylinders": [
        {
            "position": [
                1.119377243808684,
                -0.24056990209214713,
                0.5
            ],
            "radius": 0.032390228519199385,
            "heigth": 0.4854876609775517
        },
        {
            "position": [
                1.1193166497444778,
                0.19410725202349127,
                0.5
            ],
            "radius": 0.07219798260931326,
            "heigth": 0.21410727608729158
        },
        {
            "position": [
                1.1925577701405308,
                0.11085695966348641,
                0.5
            ],
            "radius": 0.03444842592720389,
            "heigth": 0.1381823083885412
        },
        {
            "position": [
                1.083371948689499,
                0.23512426236170908,
                0.5
            ],
            "radius": 0.07427016488881871,
            "heigth": 0.319963853700997
        }
    ],
    "target": [
        [
            1.0,
            0.0,
            0.0,
            1.1534894704818726
        ],
        [
            0.0,
            -0.9999999999999961,
            -8.742277974564334e-08,
            -0.001123561873100698
        ],
        [
            0.0,
            8.742277974564332e-08,
            -0.9999999999999961,
            0.6583824157714844
        ],
        [
            0.0,
            0.0,
            0.0,
            1.0
        ]
    ],
    "robot_base": [
        [
            1.0,
            0.0,
            0.0,
            0.0
        ],
        [
            0.0,
            1.0,
            0.0,
            0.38774355113198533
        ],
        [
            0.0,
            0.0,
            1.0,
            0.0
        ],
        [
            0.0,
            0.0,
            0.0,
            1.0
        ]
    ]
}