{
    "cubes": [
        {
            "position": [
                1.5,
                0.0,
                0.5338320901025422
            ],
            "scale": [
                0.5,
                2.0,
                0.03
            ]
        }
    ],
    "cylinders": [
        {
            "position": [
                1.1764415082030741,
                -0.0012614716236538648,
                0.5
            ],
            "radius": 0.053815973488302894,
            "heigth": 0.11342062721536135
        },
        {
            "position": [
                1.0916550733140382,
                0.22350067883596425,
                0.5
            ],
            "radius": 0.0316910740281713,
            "heigth": 0.18777683459709252
        },
        {
            "position": [
                1.1623499936478374,
                -0.20149992646707154,
                0.5
            ],
            "radius": 0.061375422520495417,
            "heigth": 0.3596858158585965
        },
        {
            "position": [
                1.1822378617208797,
                -0.20129942163514253,
                0.5
            ],
            "radius": 0.0621791727553327,
            "heigth": 0.4430930910605941
        }
    ],
    "target": [
        [
            1.0,
            0.0,
            0.0,
            1.1534894704818726
        ],
        [
            0.0,
            -0.9999999999999961,
            -8.742277974564334e-08,
            -0.001123561873100698
        ],
        [
            0.0,
            8.742277974564332e-08,
            -0.9999999999999961,
            0.6583824157714844
        ],
        [
            0.0,
            0.0,
            0.0,
            1.0
        ]
    ],
    "robot_base": [
        [
            1.0,
            0.0,
            0.0,
            0.0
        ],
        [
            0.0,
            1.0,
            0.0,
            -0.4313150516643228
        ],
        [
            0.0,
            0.0,
            1.0,
            0.0
        ],
        [
            0.0,
            0.0,
            0.0,
            1.0
        ]
    ]
}