{
    "cubes": [
        {
            "position": [
                1.5,
                0.0,
                0.4891387924593286
            ],
            "scale": [
                0.5,
                2.0,
                0.03
            ]
        }
    ],
    "cylinders": [
        {
            "position": [
                1.066560488192036,
                -0.12020563076960472,
                0.5
            ],
            "radius": 0.022575696569475695,
            "heigth": 0.47650259195685474
        },
        {
            "position": [
                1.084666014722187,
                0.23837998567344848,
                0.5
            ],
            "radius": 0.0405778851213294,
            "heigth": 0.14008542082649295
        },
        {
            "position": [
                1.149645567105475,
                -0.16835434076521466,
                0.5
            ],
            "radius": 0.03925207782925208,
            "heigth": 0.2529852583083674
        },
        {
            "position": [
                1.1757357346617157,
                -0.23575725787064794,
                0.5
            ],
            "radius": 0.06624603192826053,
            "heigth": 0.3729221382505929
        }
    ],
    "target": [
        [
            1.0,
            0.0,
            0.0,
            1.1534894704818726
        ],
        [
            0.0,
            -0.9999999999999961,
            -8.742277974564334e-08,
            -0.001123561873100698
        ],
        [
            0.0,
            8.742277974564332e-08,
            -0.9999999999999961,
            0.6583824157714844
        ],
        [
            0.0,
            0.0,
            0.0,
            1.0
        ]
    ],
    "robot_base": [
        [
            1.0,
            0.0,
            0.0,
            0.0
        ],
        [
            0.0,
            1.0,
            0.0,
            -0.08946466975534872
        ],
        [
            0.0,
            0.0,
            1.0,
            0.0
        ],
        [
            0.0,
            0.0,
            0.0,
            1.0
        ]
    ]
}