{
    "cubes": [
        {
            "position": [
                1.5,
                0.0,
                0.48957614882783634
            ],
            "scale": [
                0.5,
                2.0,
                0.03
            ]
        }
    ],
    "cylinders": [
        {
            "position": [
                1.1043337501155355,
                0.17099759316004193,
                0.5
            ],
            "radius": 0.06999918101125388,
            "heigth": 0.1290304674182077
        },
        {
            "position": [
                1.0352940095886725,
                -0.22630170707085173,
                0.5
            ],
            "radius": 0.061377221984640455,
            "heigth": 0.1448648094709063
        },
        {
            "position": [
                1.0141942427866948,
                0.1131068827164935,
                0.5
            ],
            "radius": 0.04151353106116965,
            "heigth": 0.1882700806750941
        },
        {
            "position": [
                1.0312365063048103,
                -0.20099253982869458,
                0.5
            ],
            "radius": 0.04634903169234416,
            "heigth": 0.21715903816985266
        }
    ],
    "target": [
        [
            1.0,
            0.0,
            0.0,
            1.1534894704818726
        ],
        [
            0.0,
            -0.9999999999999961,
            -8.742277974564334e-08,
            -0.001123561873100698
        ],
        [
            0.0,
            8.742277974564332e-08,
            -0.9999999999999961,
            0.6583824157714844
        ],
        [
            0.0,
            0.0,
            0.0,
            1.0
        ]
    ],
    "robot_base": [
        [
            1.0,
            0.0,
            0.0,
            0.0
        ],
        [
            0.0,
            1.0,
            0.0,
            -0.29549290532671246
        ],
        [
            0.0,
            0.0,
            1.0,
            0.0
        ],
        [
            0.0,
            0.0,
            0.0,
            1.0
        ]
    ]
}