{
    "cubes": [
        {
            "position": [
                1.5,
                0.0,
                0.4376768027180221
            ],
            "scale": [
                0.5,
                2.0,
                0.03
            ]
        }
    ],
    "cylinders": [
        {
            "position": [
                1.0790864570113332,
                -0.07965530485517575,
                0.5
            ],
            "radius": 0.021903053292052933,
            "heigth": 0.30430126645074174
        },
        {
            "position": [
                1.081844241426149,
                -0.009365000409184532,
                0.5
            ],
            "radius": 0.025277585399717636,
            "heigth": 0.12962802001204515
        },
        {
            "position": [
                1.0077457556411467,
                0.18269198158055366,
                0.5
            ],
            "radius": 0.029257048689176703,
            "heigth": 0.4426443823557501
        },
        {
            "position": [
                1.0103306235724154,
                -0.07294390169831755,
                0.5
            ],
            "radius": 0.04002226824013404,
            "heigth": 0.4066653835532163
        }
    ],
    "target": [
        [
            1.0,
            0.0,
            0.0,
            1.1534894704818726
        ],
        [
            0.0,
            -0.9999999999999961,
            -8.742277974564334e-08,
            -0.001123561873100698
        ],
        [
            0.0,
            8.742277974564332e-08,
            -0.9999999999999961,
            0.6583824157714844
        ],
        [
            0.0,
            0.0,
            0.0,
            1.0
        ]
    ],
    "robot_base": [
        [
            1.0,
            0.0,
            0.0,
            0.0
        ],
        [
            0.0,
            1.0,
            0.0,
            0.43426124344264416
        ],
        [
            0.0,
            0.0,
            1.0,
            0.0
        ],
        [
            0.0,
            0.0,
            0.0,
            1.0
        ]
    ]
}