{
    "cubes": [
        {
            "position": [
                1.5,
                0.0,
                0.455828925752879
            ],
            "scale": [
                0.5,
                2.0,
                0.03
            ]
        }
    ],
    "cylinders": [
        {
            "position": [
                1.007649607139975,
                0.20158976401223955,
                0.5
            ],
            "radius": 0.0461707457638672,
            "heigth": 0.11824129702131755
        },
        {
            "position": [
                1.0781317234912962,
                0.0832356860002273,
                0.5
            ],
            "radius": 0.03481462919829169,
            "heigth": 0.2190178940182548
        },
        {
            "position": [
                1.0241045982495403,
                -0.20685103426500212,
                0.5
            ],
            "radius": 0.05823683821152166,
            "heigth": 0.4121547033969326
        },
        {
            "position": [
                1.0376097472048216,
                -0.21952052089779306,
                0.5
            ],
            "radius": 0.026746407628759825,
            "heigth": 0.2096750884679313
        }
    ],
    "target": [
        [
            1.0,
            0.0,
            0.0,
            1.1534894704818726
        ],
        [
            0.0,
            -0.9999999999999961,
            -8.742277974564334e-08,
            -0.001123561873100698
        ],
        [
            0.0,
            8.742277974564332e-08,
            -0.9999999999999961,
            0.6583824157714844
        ],
        [
            0.0,
            0.0,
            0.0,
            1.0
        ]
    ],
    "robot_base": [
        [
            1.0,
            0.0,
            0.0,
            0.0
        ],
        [
            0.0,
            1.0,
            0.0,
            -0.39273743351449264
        ],
        [
            0.0,
            0.0,
            1.0,
            0.0
        ],
        [
            0.0,
            0.0,
            0.0,
            1.0
        ]
    ]
}