{
    "cubes": [
        {
            "position": [
                1.5,
                0.0,
                0.5416204759439893
            ],
            "scale": [
                0.5,
                2.0,
                0.03
            ]
        }
    ],
    "cylinders": [
        {
            "position": [
                1.0531979079615135,
                0.2260910244525306,
                0.5
            ],
            "radius": 0.05208428859635659,
            "heigth": 0.3070384315874831
        },
        {
            "position": [
                1.0498116233058092,
                0.010981154799976522,
                0.5
            ],
            "radius": 0.06256254023340133,
            "heigth": 0.13473674579625922
        },
        {
            "position": [
                1.149590972165158,
                -0.2151235126715857,
                0.5
            ],
            "radius": 0.05081421686127349,
            "heigth": 0.37193491992753946
        },
        {
            "position": [
                1.0221888570123532,
                0.23680904659584923,
                0.5
            ],
            "radius": 0.07511889570183841,
            "heigth": 0.2010570048634606
        }
    ],
    "target": [
        [
            1.0,
            0.0,
            0.0,
            1.1534894704818726
        ],
        [
            0.0,
            -0.9999999999999961,
            -8.742277974564334e-08,
            -0.001123561873100698
        ],
        [
            0.0,
            8.742277974564332e-08,
            -0.9999999999999961,
            0.6583824157714844
        ],
        [
            0.0,
            0.0,
            0.0,
            1.0
        ]
    ],
    "robot_base": [
        [
            1.0,
            0.0,
            0.0,
            0.0
        ],
        [
            0.0,
            1.0,
            0.0,
            0.4215886788249916
        ],
        [
            0.0,
            0.0,
            1.0,
            0.0
        ],
        [
            0.0,
            0.0,
            0.0,
            1.0
        ]
    ]
}