{
    "cubes": [
        {
            "position": [
                1.5,
                0.0,
                0.5721490211727833
            ],
            "scale": [
                0.5,
                2.0,
                0.03
            ]
        }
    ],
    "cylinders": [
        {
            "position": [
                1.1154227834916317,
                0.24756183546688076,
                0.5
            ],
            "radius": 0.024557367540224584,
            "heigth": 0.2685937710513078
        },
        {
            "position": [
                1.1034735795783797,
                0.19824937708910284,
                0.5
            ],
            "radius": 0.023511309113802104,
            "heigth": 0.39702263088125483
        },
        {
            "position": [
                1.0982012056198456,
                0.17131309411655643,
                0.5
            ],
            "radius": 0.044658586925831495,
            "heigth": 0.29411620555564333
        },
        {
            "position": [
                1.0934505968106165,
                0.16376292316263508,
                0.5
            ],
            "radius": 0.02514075950052179,
            "heigth": 0.3462516922129876
        }
    ],
    "target": [
        [
            1.0,
            0.0,
            0.0,
            1.1534894704818726
        ],
        [
            0.0,
            -0.9999999999999961,
            -8.742277974564334e-08,
            -0.001123561873100698
        ],
        [
            0.0,
            8.742277974564332e-08,
            -0.9999999999999961,
            0.6583824157714844
        ],
        [
            0.0,
            0.0,
            0.0,
            1.0
        ]
    ],
    "robot_base": [
        [
            1.0,
            0.0,
            0.0,
            0.0
        ],
        [
            0.0,
            1.0,
            0.0,
            0.05140051982242266
        ],
        [
            0.0,
            0.0,
            1.0,
            0.0
        ],
        [
            0.0,
            0.0,
            0.0,
            1.0
        ]
    ]
}