{
    "cubes": [
        {
            "position": [
                1.5,
                0.0,
                0.5045900176211392
            ],
            "scale": [
                0.5,
                2.0,
                0.03
            ]
        }
    ],
    "cylinders": [
        {
            "position": [
                1.0965133162812415,
                0.18714176562339008,
                0.5
            ],
            "radius": 0.06904966616462435,
            "heigth": 0.12960636679054394
        },
        {
            "position": [
                1.0590806350151407,
                -0.21291859352016318,
                0.5
            ],
            "radius": 0.024581885576104707,
            "heigth": 0.4725677226541888
        },
        {
            "position": [
                1.0372085188224927,
                -0.08193793658695503,
                0.5
            ],
            "radius": 0.039130174195545875,
            "heigth": 0.4476992183976593
        },
        {
            "position": [
                1.0580322099198267,
                0.13066955058457774,
                0.5
            ],
            "radius": 0.07611461406426018,
            "heigth": 0.10966035883488667
        }
    ],
    "target": [
        [
            1.0,
            0.0,
            0.0,
            1.1534894704818726
        ],
        [
            0.0,
            -0.9999999999999961,
            -8.742277974564334e-08,
            -0.001123561873100698
        ],
        [
            0.0,
            8.742277974564332e-08,
            -0.9999999999999961,
            0.6583824157714844
        ],
        [
            0.0,
            0.0,
            0.0,
            1.0
        ]
    ],
    "robot_base": [
        [
            1.0,
            0.0,
            0.0,
            0.0
        ],
        [
            0.0,
            1.0,
            0.0,
            0.2943989884981679
        ],
        [
            0.0,
            0.0,
            1.0,
            0.0
        ],
        [
            0.0,
            0.0,
            0.0,
            1.0
        ]
    ]
}