{
    "cubes": [
        {
            "position": [
                1.5,
                0.0,
                0.42796491667818753
            ],
            "scale": [
                0.5,
                2.0,
                0.03
            ]
        }
    ],
    "cylinders": [
        {
            "position": [
                1.0772104047273676,
                0.1359438850217854,
                0.5
            ],
            "radius": 0.049934256902243956,
            "heigth": 0.2474255718937117
        },
        {
            "position": [
                1.0411496940744869,
                0.038746500074737567,
                0.5
            ],
            "radius": 0.05670016565289722,
            "heigth": 0.22368926848570642
        },
        {
            "position": [
                1.1516374782299414,
                0.04089711784184369,
                0.5
            ],
            "radius": 0.0789959967059585,
            "heigth": 0.12222018294709709
        },
        {
            "position": [
                1.1860322755014838,
                -0.0651963625848832,
                0.5
            ],
            "radius": 0.03002604000364515,
            "heigth": 0.11530000476343186
        }
    ],
    "target": [
        [
            1.0,
            0.0,
            0.0,
            1.1534894704818726
        ],
        [
            0.0,
            -0.9999999999999961,
            -8.742277974564334e-08,
            -0.001123561873100698
        ],
        [
            0.0,
            8.742277974564332e-08,
            -0.9999999999999961,
            0.6583824157714844
        ],
        [
            0.0,
            0.0,
            0.0,
            1.0
        ]
    ],
    "robot_base": [
        [
            1.0,
            0.0,
            0.0,
            0.0
        ],
        [
            0.0,
            1.0,
            0.0,
            0.04990826704340057
        ],
        [
            0.0,
            0.0,
            1.0,
            0.0
        ],
        [
            0.0,
            0.0,
            0.0,
            1.0
        ]
    ]
}