{
    "cubes": [
        {
            "position": [
                1.5,
                0.0,
                0.5209249459689281
            ],
            "scale": [
                0.5,
                2.0,
                0.03
            ]
        }
    ],
    "cylinders": [
        {
            "position": [
                1.1547609730870567,
                -0.24050915730748645,
                0.5
            ],
            "radius": 0.05416561419260085,
            "heigth": 0.32963938728632436
        },
        {
            "position": [
                1.0064131690339526,
                -0.01984850727856957,
                0.5
            ],
            "radius": 0.029667294294887153,
            "heigth": 0.48290439580010786
        },
        {
            "position": [
                1.071195257417028,
                -0.24594517367548824,
                0.5
            ],
            "radius": 0.07565862198836007,
            "heigth": 0.4178306405743878
        },
        {
            "position": [
                1.0537294374034905,
                -0.21275955320586404,
                0.5
            ],
            "radius": 0.07458148222716023,
            "heigth": 0.12134076465475647
        }
    ],
    "target": [
        [
            1.0,
            0.0,
            0.0,
            1.1534894704818726
        ],
        [
            0.0,
            -0.9999999999999961,
            -8.742277974564334e-08,
            -0.001123561873100698
        ],
        [
            0.0,
            8.742277974564332e-08,
            -0.9999999999999961,
            0.6583824157714844
        ],
        [
            0.0,
            0.0,
            0.0,
            1.0
        ]
    ],
    "robot_base": [
        [
            1.0,
            0.0,
            0.0,
            0.0
        ],
        [
            0.0,
            1.0,
            0.0,
            -0.282810572168975
        ],
        [
            0.0,
            0.0,
            1.0,
            0.0
        ],
        [
            0.0,
            0.0,
            0.0,
            1.0
        ]
    ]
}