{
    "cubes": [
        {
            "position": [
                1.5,
                0.0,
                0.5694807169437852
            ],
            "scale": [
                0.5,
                2.0,
                0.03
            ]
        }
    ],
    "cylinders": [
        {
            "position": [
                1.0666020882200271,
                0.23646495398059464,
                0.5
            ],
            "radius": 0.026102190687296738,
            "heigth": 0.3349909138791273
        },
        {
            "position": [
                1.060792030033434,
                0.06982659951820391,
                0.5
            ],
            "radius": 0.05367593252027134,
            "heigth": 0.12412456627899575
        },
        {
            "position": [
                1.0579059614415474,
                0.21839324432036872,
                0.5
            ],
            "radius": 0.038862209306027753,
            "heigth": 0.20151202502699822
        },
        {
            "position": [
                1.1960645144896547,
                -0.2147712372153982,
                0.5
            ],
            "radius": 0.05800741868117922,
            "heigth": 0.23719204475297614
        }
    ],
    "target": [
        [
            1.0,
            0.0,
            0.0,
            1.1534894704818726
        ],
        [
            0.0,
            -0.9999999999999961,
            -8.742277974564334e-08,
            -0.001123561873100698
        ],
        [
            0.0,
            8.742277974564332e-08,
            -0.9999999999999961,
            0.6583824157714844
        ],
        [
            0.0,
            0.0,
            0.0,
            1.0
        ]
    ],
    "robot_base": [
        [
            1.0,
            0.0,
            0.0,
            0.0
        ],
        [
            0.0,
            1.0,
            0.0,
            0.4514045686114302
        ],
        [
            0.0,
            0.0,
            1.0,
            0.0
        ],
        [
            0.0,
            0.0,
            0.0,
            1.0
        ]
    ]
}