{
    "cubes": [
        {
            "position": [
                1.5,
                0.0,
                0.5570543943409167
            ],
            "scale": [
                0.5,
                2.0,
                0.03
            ]
        }
    ],
    "cylinders": [
        {
            "position": [
                1.0739384889576464,
                -0.23214528231937398,
                0.5
            ],
            "radius": 0.07596140426613213,
            "heigth": 0.3110551412603506
        },
        {
            "position": [
                1.0716306776525855,
                0.03426916108142447,
                0.5
            ],
            "radius": 0.033046329509734435,
            "heigth": 0.1953226432888955
        },
        {
            "position": [
                1.035429353896626,
                0.049066207469360024,
                0.5
            ],
            "radius": 0.0451296596093472,
            "heigth": 0.16861294849289313
        },
        {
            "position": [
                1.1527194701702443,
                -0.16797381610483353,
                0.5
            ],
            "radius": 0.029641474074094135,
            "heigth": 0.47210787638091445
        }
    ],
    "target": [
        [
            1.0,
            0.0,
            0.0,
            1.1534894704818726
        ],
        [
            0.0,
            -0.9999999999999961,
            -8.742277974564334e-08,
            -0.001123561873100698
        ],
        [
            0.0,
            8.742277974564332e-08,
            -0.9999999999999961,
            0.6583824157714844
        ],
        [
            0.0,
            0.0,
            0.0,
            1.0
        ]
    ],
    "robot_base": [
        [
            1.0,
            0.0,
            0.0,
            0.0
        ],
        [
            0.0,
            1.0,
            0.0,
            0.2354389598361597
        ],
        [
            0.0,
            0.0,
            1.0,
            0.0
        ],
        [
            0.0,
            0.0,
            0.0,
            1.0
        ]
    ]
}