{
    "cubes": [
        {
            "position": [
                1.5,
                0.0,
                0.47726708334363954
            ],
            "scale": [
                0.5,
                2.0,
                0.03
            ]
        }
    ],
    "cylinders": [
        {
            "position": [
                1.0687018601243776,
                0.03481084127285483,
                0.5
            ],
            "radius": 0.038508124765790394,
            "heigth": 0.20297246048096884
        },
        {
            "position": [
                1.125107168706617,
                -0.17791686885138852,
                0.5
            ],
            "radius": 0.02795350163526646,
            "heigth": 0.39720124411730534
        },
        {
            "position": [
                1.1146027814793682,
                -0.19295983063568628,
                0.5
            ],
            "radius": 0.052051662023934506,
            "heigth": 0.4514938632333385
        },
        {
            "position": [
                1.0398529657235553,
                0.19489727846348637,
                0.5
            ],
            "radius": 0.06047335861252059,
            "heigth": 0.34678868389034856
        }
    ],
    "target": [
        [
            1.0,
            0.0,
            0.0,
            1.1534894704818726
        ],
        [
            0.0,
            -0.9999999999999961,
            -8.742277974564334e-08,
            -0.001123561873100698
        ],
        [
            0.0,
            8.742277974564332e-08,
            -0.9999999999999961,
            0.6583824157714844
        ],
        [
            0.0,
            0.0,
            0.0,
            1.0
        ]
    ],
    "robot_base": [
        [
            1.0,
            0.0,
            0.0,
            0.0
        ],
        [
            0.0,
            1.0,
            0.0,
            0.34999435717308813
        ],
        [
            0.0,
            0.0,
            1.0,
            0.0
        ],
        [
            0.0,
            0.0,
            0.0,
            1.0
        ]
    ]
}