{
    "cubes": [
        {
            "position": [
                1.5,
                0.0,
                0.5002917231334874
            ],
            "scale": [
                0.5,
                2.0,
                0.03
            ]
        }
    ],
    "cylinders": [
        {
            "position": [
                1.1782850112279033,
                -0.0129791246502165,
                0.5
            ],
            "radius": 0.07714392226215444,
            "heigth": 0.13194995401007195
        },
        {
            "position": [
                1.0981987501790478,
                -0.23033010669257004,
                0.5
            ],
            "radius": 0.038662772901674095,
            "heigth": 0.37451355732880504
        },
        {
            "position": [
                1.1152131802494134,
                -0.15492104686833225,
                0.5
            ],
            "radius": 0.054950518104235485,
            "heigth": 0.14112116899690402
        },
        {
            "position": [
                1.0017794079962958,
                -0.007010216698036198,
                0.5
            ],
            "radius": 0.06138226937020314,
            "heigth": 0.20721258017679572
        }
    ],
    "target": [
        [
            1.0,
            0.0,
            0.0,
            1.1534894704818726
        ],
        [
            0.0,
            -0.9999999999999961,
            -8.742277974564334e-08,
            -0.001123561873100698
        ],
        [
            0.0,
            8.742277974564332e-08,
            -0.9999999999999961,
            0.6583824157714844
        ],
        [
            0.0,
            0.0,
            0.0,
            1.0
        ]
    ],
    "robot_base": [
        [
            1.0,
            0.0,
            0.0,
            0.0
        ],
        [
            0.0,
            1.0,
            0.0,
            -0.2440188491471973
        ],
        [
            0.0,
            0.0,
            1.0,
            0.0
        ],
        [
            0.0,
            0.0,
            0.0,
            1.0
        ]
    ]
}