{
    "cubes": [
        {
            "position": [
                1.5,
                0.0,
                0.5573452012502365
            ],
            "scale": [
                0.5,
                2.0,
                0.03
            ]
        }
    ],
    "cylinders": [
        {
            "position": [
                1.0230873062332486,
                -0.23902792800274147,
                0.5
            ],
            "radius": 0.027250537649988256,
            "heigth": 0.12758487402536306
        },
        {
            "position": [
                1.1506418321716307,
                -0.1706979582213723,
                0.5
            ],
            "radius": 0.046235089417390844,
            "heigth": 0.3918240887193956
        },
        {
            "position": [
                1.1405650067837445,
                -0.22528686557225264,
                0.5
            ],
            "radius": 0.021056083057363995,
            "heigth": 0.16784083399179942
        },
        {
            "position": [
                1.0861547527253452,
                0.22933839588060073,
                0.5
            ],
            "radius": 0.07026308354474149,
            "heigth": 0.41317061258423926
        }
    ],
    "target": [
        [
            1.0,
            0.0,
            0.0,
            1.1534894704818726
        ],
        [
            0.0,
            -0.9999999999999961,
            -8.742277974564334e-08,
            -0.001123561873100698
        ],
        [
            0.0,
            8.742277974564332e-08,
            -0.9999999999999961,
            0.6583824157714844
        ],
        [
            0.0,
            0.0,
            0.0,
            1.0
        ]
    ],
    "robot_base": [
        [
            1.0,
            0.0,
            0.0,
            0.0
        ],
        [
            0.0,
            1.0,
            0.0,
            0.2730485915417379
        ],
        [
            0.0,
            0.0,
            1.0,
            0.0
        ],
        [
            0.0,
            0.0,
            0.0,
            1.0
        ]
    ]
}