{
    "cubes": [
        {
            "position": [
                1.5,
                0.0,
                0.5801501340761352
            ],
            "scale": [
                0.5,
                2.0,
                0.03
            ]
        }
    ],
    "cylinders": [
        {
            "position": [
                1.1767410772662397,
                -0.00314112365406366,
                0.5
            ],
            "radius": 0.038127499977613194,
            "heigth": 0.12788519406030893
        },
        {
            "position": [
                1.1472359184667886,
                -0.06496724537063514,
                0.5
            ],
            "radius": 0.03849450893116134,
            "heigth": 0.11615371650329502
        },
        {
            "position": [
                1.0149322419411744,
                0.16330656380032815,
                0.5
            ],
            "radius": 0.07355346532728224,
            "heigth": 0.20302312576533027
        },
        {
            "position": [
                1.0391958315136143,
                -0.18689136864687095,
                0.5
            ],
            "radius": 0.04144237735625526,
            "heigth": 0.22093444698167242
        }
    ],
    "target": [
        [
            1.0,
            0.0,
            0.0,
            1.1534894704818726
        ],
        [
            0.0,
            -0.9999999999999961,
            -8.742277974564334e-08,
            -0.001123561873100698
        ],
        [
            0.0,
            8.742277974564332e-08,
            -0.9999999999999961,
            0.6583824157714844
        ],
        [
            0.0,
            0.0,
            0.0,
            1.0
        ]
    ],
    "robot_base": [
        [
            1.0,
            0.0,
            0.0,
            0.0
        ],
        [
            0.0,
            1.0,
            0.0,
            0.4715354887286727
        ],
        [
            0.0,
            0.0,
            1.0,
            0.0
        ],
        [
            0.0,
            0.0,
            0.0,
            1.0
        ]
    ]
}