{
    "cubes": [
        {
            "position": [
                1.5,
                0.0,
                0.5016054381011529
            ],
            "scale": [
                0.5,
                2.0,
                0.03
            ]
        }
    ],
    "cylinders": [
        {
            "position": [
                1.1839095930137047,
                0.22365763817682804,
                0.5
            ],
            "radius": 0.057985753889338555,
            "heigth": 0.4381262715202454
        },
        {
            "position": [
                1.0513864692628507,
                0.18855216471372405,
                0.5
            ],
            "radius": 0.029330298764075335,
            "heigth": 0.28065372313667103
        },
        {
            "position": [
                1.173391060977269,
                -0.12125148333785418,
                0.5
            ],
            "radius": 0.050568220995874526,
            "heigth": 0.17198533774028107
        },
        {
            "position": [
                1.0279998473992324,
                0.057404352335180375,
                0.5
            ],
            "radius": 0.029507706200626146,
            "heigth": 0.11500922487262957
        }
    ],
    "target": [
        [
            1.0,
            0.0,
            0.0,
            1.1534894704818726
        ],
        [
            0.0,
            -0.9999999999999961,
            -8.742277974564334e-08,
            -0.001123561873100698
        ],
        [
            0.0,
            8.742277974564332e-08,
            -0.9999999999999961,
            0.6583824157714844
        ],
        [
            0.0,
            0.0,
            0.0,
            1.0
        ]
    ],
    "robot_base": [
        [
            1.0,
            0.0,
            0.0,
            0.0
        ],
        [
            0.0,
            1.0,
            0.0,
            -0.14198361324821918
        ],
        [
            0.0,
            0.0,
            1.0,
            0.0
        ],
        [
            0.0,
            0.0,
            0.0,
            1.0
        ]
    ]
}