{
    "cubes": [
        {
            "position": [
                1.5,
                0.0,
                0.5468251020082688
            ],
            "scale": [
                0.5,
                2.0,
                0.03
            ]
        }
    ],
    "cylinders": [
        {
            "position": [
                1.020148242605802,
                0.16022668816456503,
                0.5
            ],
            "radius": 0.04616729770874332,
            "heigth": 0.3101648942029177
        },
        {
            "position": [
                1.0050946304874098,
                0.12018817601489384,
                0.5
            ],
            "radius": 0.069583956278608,
            "heigth": 0.30058036102058083
        },
        {
            "position": [
                1.0214853605590202,
                0.24148461019746525,
                0.5
            ],
            "radius": 0.046680836275345625,
            "heigth": 0.4639041679297843
        },
        {
            "position": [
                1.0163230191589407,
                -0.18373863222523057,
                0.5
            ],
            "radius": 0.05952276702377967,
            "heigth": 0.3552693396311731
        }
    ],
    "target": [
        [
            1.0,
            0.0,
            0.0,
            1.1534894704818726
        ],
        [
            0.0,
            -0.9999999999999961,
            -8.742277974564334e-08,
            -0.001123561873100698
        ],
        [
            0.0,
            8.742277974564332e-08,
            -0.9999999999999961,
            0.6583824157714844
        ],
        [
            0.0,
            0.0,
            0.0,
            1.0
        ]
    ],
    "robot_base": [
        [
            1.0,
            0.0,
            0.0,
            0.0
        ],
        [
            0.0,
            1.0,
            0.0,
            -0.44530427894675206
        ],
        [
            0.0,
            0.0,
            1.0,
            0.0
        ],
        [
            0.0,
            0.0,
            0.0,
            1.0
        ]
    ]
}