{
    "cubes": [
        {
            "position": [
                1.5,
                0.0,
                0.41948258501774816
            ],
            "scale": [
                0.5,
                2.0,
                0.03
            ]
        }
    ],
    "cylinders": [
        {
            "position": [
                1.1320120318272533,
                0.20204814598363346,
                0.5
            ],
            "radius": 0.03245079434563029,
            "heigth": 0.309774251457841
        },
        {
            "position": [
                1.1878593317232928,
                -0.23669311837015683,
                0.5
            ],
            "radius": 0.0481661156764048,
            "heigth": 0.39991266175103696
        },
        {
            "position": [
                1.0763326646574625,
                0.14073151682199275,
                0.5
            ],
            "radius": 0.04696125539647714,
            "heigth": 0.2399408501296913
        },
        {
            "position": [
                1.16180523232175,
                -0.19251937780818418,
                0.5
            ],
            "radius": 0.03367607378409291,
            "heigth": 0.20700911917124631
        }
    ],
    "target": [
        [
            1.0,
            0.0,
            0.0,
            1.1534894704818726
        ],
        [
            0.0,
            -0.9999999999999961,
            -8.742277974564334e-08,
            -0.001123561873100698
        ],
        [
            0.0,
            8.742277974564332e-08,
            -0.9999999999999961,
            0.6583824157714844
        ],
        [
            0.0,
            0.0,
            0.0,
            1.0
        ]
    ],
    "robot_base": [
        [
            1.0,
            0.0,
            0.0,
            0.0
        ],
        [
            0.0,
            1.0,
            0.0,
            -0.06995897505670079
        ],
        [
            0.0,
            0.0,
            1.0,
            0.0
        ],
        [
            0.0,
            0.0,
            0.0,
            1.0
        ]
    ]
}