{
    "cubes": [
        {
            "position": [
                1.5,
                0.0,
                0.5135010574660588
            ],
            "scale": [
                0.5,
                2.0,
                0.03
            ]
        }
    ],
    "cylinders": [
        {
            "position": [
                1.0001066501280829,
                -0.16140998338894103,
                0.5
            ],
            "radius": 0.05218493686932192,
            "heigth": 0.2777446177738474
        },
        {
            "position": [
                1.0059771609304209,
                0.21599179623611164,
                0.5
            ],
            "radius": 0.035254004792202726,
            "heigth": 0.2844527916219579
        },
        {
            "position": [
                1.1487666607662752,
                -0.20431231439711417,
                0.5
            ],
            "radius": 0.03654466855049079,
            "heigth": 0.1404606319477562
        },
        {
            "position": [
                1.0781869989579982,
                -0.20242834616883132,
                0.5
            ],
            "radius": 0.06823346950141126,
            "heigth": 0.3770236456812607
        }
    ],
    "target": [
        [
            1.0,
            0.0,
            0.0,
            1.1534894704818726
        ],
        [
            0.0,
            -0.9999999999999961,
            -8.742277974564334e-08,
            -0.001123561873100698
        ],
        [
            0.0,
            8.742277974564332e-08,
            -0.9999999999999961,
            0.6583824157714844
        ],
        [
            0.0,
            0.0,
            0.0,
            1.0
        ]
    ],
    "robot_base": [
        [
            1.0,
            0.0,
            0.0,
            0.0
        ],
        [
            0.0,
            1.0,
            0.0,
            0.4461588834090593
        ],
        [
            0.0,
            0.0,
            1.0,
            0.0
        ],
        [
            0.0,
            0.0,
            0.0,
            1.0
        ]
    ]
}