{
    "cubes": [
        {
            "position": [
                1.5,
                0.0,
                0.47632429124949854
            ],
            "scale": [
                0.5,
                2.0,
                0.03
            ]
        }
    ],
    "cylinders": [
        {
            "position": [
                1.018890249132419,
                0.21970535369248467,
                0.5
            ],
            "radius": 0.05870366150310783,
            "heigth": 0.34814037177181456
        },
        {
            "position": [
                1.186620972995759,
                -0.19449370631094254,
                0.5
            ],
            "radius": 0.038433369959075966,
            "heigth": 0.1542045178262021
        },
        {
            "position": [
                1.0225559055460012,
                -0.19595808703410333,
                0.5
            ],
            "radius": 0.022992162406011048,
            "heigth": 0.42984988860254425
        },
        {
            "position": [
                1.1128707451596558,
                0.13647432020494715,
                0.5
            ],
            "radius": 0.07217665226203443,
            "heigth": 0.10075299177381003
        }
    ],
    "target": [
        [
            1.0,
            0.0,
            0.0,
            1.1534894704818726
        ],
        [
            0.0,
            -0.9999999999999961,
            -8.742277974564334e-08,
            -0.001123561873100698
        ],
        [
            0.0,
            8.742277974564332e-08,
            -0.9999999999999961,
            0.6583824157714844
        ],
        [
            0.0,
            0.0,
            0.0,
            1.0
        ]
    ],
    "robot_base": [
        [
            1.0,
            0.0,
            0.0,
            0.0
        ],
        [
            0.0,
            1.0,
            0.0,
            0.05853686960990834
        ],
        [
            0.0,
            0.0,
            1.0,
            0.0
        ],
        [
            0.0,
            0.0,
            0.0,
            1.0
        ]
    ]
}