{
    "cubes": [
        {
            "position": [
                1.5,
                0.0,
                0.4251605125340847
            ],
            "scale": [
                0.5,
                2.0,
                0.03
            ]
        }
    ],
    "cylinders": [
        {
            "position": [
                1.1867981693152645,
                -0.20768047971764952,
                0.5
            ],
            "radius": 0.07913852680292849,
            "heigth": 0.21504687159897856
        },
        {
            "position": [
                1.1671872595942077,
                0.2003843744777145,
                0.5
            ],
            "radius": 0.04218555194664508,
            "heigth": 0.32126817446567735
        },
        {
            "position": [
                1.1609810252107555,
                -0.22349945879028632,
                0.5
            ],
            "radius": 0.03318798546778363,
            "heigth": 0.4608984343486057
        },
        {
            "position": [
                1.0463612597425374,
                0.23043423608958724,
                0.5
            ],
            "radius": 0.07874700291757442,
            "heigth": 0.10253452893136432
        }
    ],
    "target": [
        [
            1.0,
            0.0,
            0.0,
            1.1534894704818726
        ],
        [
            0.0,
            -0.9999999999999961,
            -8.742277974564334e-08,
            -0.001123561873100698
        ],
        [
            0.0,
            8.742277974564332e-08,
            -0.9999999999999961,
            0.6583824157714844
        ],
        [
            0.0,
            0.0,
            0.0,
            1.0
        ]
    ],
    "robot_base": [
        [
            1.0,
            0.0,
            0.0,
            0.0
        ],
        [
            0.0,
            1.0,
            0.0,
            0.2795149750191932
        ],
        [
            0.0,
            0.0,
            1.0,
            0.0
        ],
        [
            0.0,
            0.0,
            0.0,
            1.0
        ]
    ]
}