{
    "cubes": [
        {
            "position": [
                1.5,
                0.0,
                0.5031133150179914
            ],
            "scale": [
                0.5,
                2.0,
                0.03
            ]
        }
    ],
    "cylinders": [
        {
            "position": [
                1.0776683329869157,
                -0.17948060441171454,
                0.5
            ],
            "radius": 0.062342268281832335,
            "heigth": 0.34859562864535476
        },
        {
            "position": [
                1.0098253369969887,
                0.1954588713211421,
                0.5
            ],
            "radius": 0.0553825621895091,
            "heigth": 0.38136589486991807
        },
        {
            "position": [
                1.0004344840585466,
                0.07694622307500493,
                0.5
            ],
            "radius": 0.06676427222976111,
            "heigth": 0.1397216931576783
        },
        {
            "position": [
                1.0856714800506722,
                -0.21076235424288625,
                0.5
            ],
            "radius": 0.07907909269003141,
            "heigth": 0.42819973405871925
        }
    ],
    "target": [
        [
            1.0,
            0.0,
            0.0,
            1.1534894704818726
        ],
        [
            0.0,
            -0.9999999999999961,
            -8.742277974564334e-08,
            -0.001123561873100698
        ],
        [
            0.0,
            8.742277974564332e-08,
            -0.9999999999999961,
            0.6583824157714844
        ],
        [
            0.0,
            0.0,
            0.0,
            1.0
        ]
    ],
    "robot_base": [
        [
            1.0,
            0.0,
            0.0,
            0.0
        ],
        [
            0.0,
            1.0,
            0.0,
            0.011270500430129449
        ],
        [
            0.0,
            0.0,
            1.0,
            0.0
        ],
        [
            0.0,
            0.0,
            0.0,
            1.0
        ]
    ]
}