{
    "cubes": [
        {
            "position": [
                1.5,
                0.0,
                0.5075781521244498
            ],
            "scale": [
                0.5,
                2.0,
                0.03
            ]
        }
    ],
    "cylinders": [
        {
            "position": [
                1.18519055472281,
                0.18788558298576347,
                0.5
            ],
            "radius": 0.038399862160608714,
            "heigth": 0.22846774792519586
        },
        {
            "position": [
                1.170523586588811,
                -0.16623024609144949,
                0.5
            ],
            "radius": 0.07909984385403968,
            "heigth": 0.15437880274107235
        },
        {
            "position": [
                1.0913508550292328,
                -0.17209350094985854,
                0.5
            ],
            "radius": 0.05110118433600882,
            "heigth": 0.15930760886317882
        },
        {
            "position": [
                1.0610873723735124,
                -0.22052937273551865,
                0.5
            ],
            "radius": 0.05101887865552154,
            "heigth": 0.33450618919185404
        }
    ],
    "target": [
        [
            1.0,
            0.0,
            0.0,
            1.1534894704818726
        ],
        [
            0.0,
            -0.9999999999999961,
            -8.742277974564334e-08,
            -0.001123561873100698
        ],
        [
            0.0,
            8.742277974564332e-08,
            -0.9999999999999961,
            0.6583824157714844
        ],
        [
            0.0,
            0.0,
            0.0,
            1.0
        ]
    ],
    "robot_base": [
        [
            1.0,
            0.0,
            0.0,
            0.0
        ],
        [
            0.0,
            1.0,
            0.0,
            0.2705996121308981
        ],
        [
            0.0,
            0.0,
            1.0,
            0.0
        ],
        [
            0.0,
            0.0,
            0.0,
            1.0
        ]
    ]
}