{
    "cubes": [
        {
            "position": [
                1.5,
                0.0,
                0.5135775579031959
            ],
            "scale": [
                0.5,
                2.0,
                0.03
            ]
        }
    ],
    "cylinders": [
        {
            "position": [
                1.051635896059341,
                -0.17195160989950808,
                0.5
            ],
            "radius": 0.025140356632332196,
            "heigth": 0.28989324697459423
        },
        {
            "position": [
                1.083204364539513,
                -0.2437262943055994,
                0.5
            ],
            "radius": 0.07388938952494306,
            "heigth": 0.26085312339591016
        },
        {
            "position": [
                1.1028106209348545,
                -0.22385136101223696,
                0.5
            ],
            "radius": 0.06610853426356403,
            "heigth": 0.4022250609674958
        },
        {
            "position": [
                1.129680520767536,
                -0.19766300832921258,
                0.5
            ],
            "radius": 0.06847367760239051,
            "heigth": 0.37627694094890957
        }
    ],
    "target": [
        [
            1.0,
            0.0,
            0.0,
            1.1534894704818726
        ],
        [
            0.0,
            -0.9999999999999961,
            -8.742277974564334e-08,
            -0.001123561873100698
        ],
        [
            0.0,
            8.742277974564332e-08,
            -0.9999999999999961,
            0.6583824157714844
        ],
        [
            0.0,
            0.0,
            0.0,
            1.0
        ]
    ],
    "robot_base": [
        [
            1.0,
            0.0,
            0.0,
            0.0
        ],
        [
            0.0,
            1.0,
            0.0,
            -0.19279604760714142
        ],
        [
            0.0,
            0.0,
            1.0,
            0.0
        ],
        [
            0.0,
            0.0,
            0.0,
            1.0
        ]
    ]
}