{
    "cubes": [
        {
            "position": [
                1.5,
                0.0,
                0.5475613046120057
            ],
            "scale": [
                0.5,
                2.0,
                0.03
            ]
        }
    ],
    "cylinders": [
        {
            "position": [
                1.1224597042935494,
                0.20492408822836805,
                0.5
            ],
            "radius": 0.048000288212259365,
            "heigth": 0.3611444377615711
        },
        {
            "position": [
                1.0995417868935589,
                -0.23228252228654572,
                0.5
            ],
            "radius": 0.02922464260950195,
            "heigth": 0.4167249839292726
        },
        {
            "position": [
                1.1170219400021995,
                -0.23139556687162238,
                0.5
            ],
            "radius": 0.07560645251537776,
            "heigth": 0.21697084149648715
        },
        {
            "position": [
                1.1921960777158622,
                -0.16649396940837136,
                0.5
            ],
            "radius": 0.0753036760510882,
            "heigth": 0.13102138804622993
        }
    ],
    "target": [
        [
            1.0,
            0.0,
            0.0,
            1.1534894704818726
        ],
        [
            0.0,
            -0.9999999999999961,
            -8.742277974564334e-08,
            -0.001123561873100698
        ],
        [
            0.0,
            8.742277974564332e-08,
            -0.9999999999999961,
            0.6583824157714844
        ],
        [
            0.0,
            0.0,
            0.0,
            1.0
        ]
    ],
    "robot_base": [
        [
            1.0,
            0.0,
            0.0,
            0.0
        ],
        [
            0.0,
            1.0,
            0.0,
            -0.348051139558081
        ],
        [
            0.0,
            0.0,
            1.0,
            0.0
        ],
        [
            0.0,
            0.0,
            0.0,
            1.0
        ]
    ]
}