{
    "cubes": [
        {
            "position": [
                1.5,
                0.0,
                0.4229872371296069
            ],
            "scale": [
                0.5,
                2.0,
                0.03
            ]
        }
    ],
    "cylinders": [
        {
            "position": [
                1.036056558503382,
                -0.1037208676364263,
                0.5
            ],
            "radius": 0.029324433568582373,
            "heigth": 0.40703162046505226
        },
        {
            "position": [
                1.056787421382223,
                -0.2492235439384088,
                0.5
            ],
            "radius": 0.054710491723963084,
            "heigth": 0.32612571421236947
        },
        {
            "position": [
                1.1993965592072102,
                0.19597095090792988,
                0.5
            ],
            "radius": 0.034719926897873565,
            "heigth": 0.11793713496342002
        },
        {
            "position": [
                1.1306545820550842,
                -0.24730271477044846,
                0.5
            ],
            "radius": 0.07216771536307365,
            "heigth": 0.2686919976384692
        }
    ],
    "target": [
        [
            1.0,
            0.0,
            0.0,
            1.1534894704818726
        ],
        [
            0.0,
            -0.9999999999999961,
            -8.742277974564334e-08,
            -0.001123561873100698
        ],
        [
            0.0,
            8.742277974564332e-08,
            -0.9999999999999961,
            0.6583824157714844
        ],
        [
            0.0,
            0.0,
            0.0,
            1.0
        ]
    ],
    "robot_base": [
        [
            1.0,
            0.0,
            0.0,
            0.0
        ],
        [
            0.0,
            1.0,
            0.0,
            -0.08258217915426025
        ],
        [
            0.0,
            0.0,
            1.0,
            0.0
        ],
        [
            0.0,
            0.0,
            0.0,
            1.0
        ]
    ]
}