{
    "cubes": [
        {
            "position": [
                1.5,
                0.0,
                0.4519441249974615
            ],
            "scale": [
                0.5,
                2.0,
                0.03
            ]
        }
    ],
    "cylinders": [
        {
            "position": [
                1.1212215499432696,
                0.20497888426057187,
                0.5
            ],
            "radius": 0.06326724895678427,
            "heigth": 0.36375304728338564
        },
        {
            "position": [
                1.0033162374188034,
                -0.22175584857929875,
                0.5
            ],
            "radius": 0.06549505798533671,
            "heigth": 0.42187448660813376
        },
        {
            "position": [
                1.0371245310225368,
                -0.14861489650217669,
                0.5
            ],
            "radius": 0.028940286122695648,
            "heigth": 0.19203338222719235
        },
        {
            "position": [
                1.0474286899444227,
                0.1665548774445097,
                0.5
            ],
            "radius": 0.03076132089269791,
            "heigth": 0.22917242272279717
        }
    ],
    "target": [
        [
            1.0,
            0.0,
            0.0,
            1.1534894704818726
        ],
        [
            0.0,
            -0.9999999999999961,
            -8.742277974564334e-08,
            -0.001123561873100698
        ],
        [
            0.0,
            8.742277974564332e-08,
            -0.9999999999999961,
            0.6583824157714844
        ],
        [
            0.0,
            0.0,
            0.0,
            1.0
        ]
    ],
    "robot_base": [
        [
            1.0,
            0.0,
            0.0,
            0.0
        ],
        [
            0.0,
            1.0,
            0.0,
            0.14924488565689153
        ],
        [
            0.0,
            0.0,
            1.0,
            0.0
        ],
        [
            0.0,
            0.0,
            0.0,
            1.0
        ]
    ]
}