{
    "cubes": [
        {
            "position": [
                1.5,
                0.0,
                0.5552316772715153
            ],
            "scale": [
                0.5,
                2.0,
                0.03
            ]
        }
    ],
    "cylinders": [
        {
            "position": [
                1.0624916819040104,
                0.11369325952721343,
                0.5
            ],
            "radius": 0.028688720189936734,
            "heigth": 0.11138467196695959
        },
        {
            "position": [
                1.0488306955964743,
                -0.10027637907460296,
                0.5
            ],
            "radius": 0.05529521144475762,
            "heigth": 0.2667594088136055
        },
        {
            "position": [
                1.1007415737417334,
                0.1966096253889748,
                0.5
            ],
            "radius": 0.023674151630001392,
            "heigth": 0.3164187390930835
        },
        {
            "position": [
                1.0432956259897368,
                -0.07336791496424472,
                0.5
            ],
            "radius": 0.07010174646549683,
            "heigth": 0.1594534058109146
        }
    ],
    "target": [
        [
            1.0,
            0.0,
            0.0,
            1.1534894704818726
        ],
        [
            0.0,
            -0.9999999999999961,
            -8.742277974564334e-08,
            -0.001123561873100698
        ],
        [
            0.0,
            8.742277974564332e-08,
            -0.9999999999999961,
            0.6583824157714844
        ],
        [
            0.0,
            0.0,
            0.0,
            1.0
        ]
    ],
    "robot_base": [
        [
            1.0,
            0.0,
            0.0,
            0.0
        ],
        [
            0.0,
            1.0,
            0.0,
            0.42982813620802063
        ],
        [
            0.0,
            0.0,
            1.0,
            0.0
        ],
        [
            0.0,
            0.0,
            0.0,
            1.0
        ]
    ]
}