{
    "cubes": [
        {
            "position": [
                1.5,
                0.0,
                0.49518355124776064
            ],
            "scale": [
                0.5,
                2.0,
                0.03
            ]
        }
    ],
    "cylinders": [
        {
            "position": [
                1.029520451150435,
                -0.24463382618122925,
                0.5
            ],
            "radius": 0.03818558406581314,
            "heigth": 0.24862517461294179
        },
        {
            "position": [
                1.0390164759109217,
                0.23810956331101946,
                0.5
            ],
            "radius": 0.03958233464398293,
            "heigth": 0.2087378842051107
        },
        {
            "position": [
                1.0623206103628478,
                0.17817148908644748,
                0.5
            ],
            "radius": 0.055189985749303574,
            "heigth": 0.3428566634616588
        },
        {
            "position": [
                1.1259809817523692,
                -0.22050842757346023,
                0.5
            ],
            "radius": 0.0679337641682829,
            "heigth": 0.15403716280661606
        }
    ],
    "target": [
        [
            1.0,
            0.0,
            0.0,
            1.1534894704818726
        ],
        [
            0.0,
            -0.9999999999999961,
            -8.742277974564334e-08,
            -0.001123561873100698
        ],
        [
            0.0,
            8.742277974564332e-08,
            -0.9999999999999961,
            0.6583824157714844
        ],
        [
            0.0,
            0.0,
            0.0,
            1.0
        ]
    ],
    "robot_base": [
        [
            1.0,
            0.0,
            0.0,
            0.0
        ],
        [
            0.0,
            1.0,
            0.0,
            0.36537573011449764
        ],
        [
            0.0,
            0.0,
            1.0,
            0.0
        ],
        [
            0.0,
            0.0,
            0.0,
            1.0
        ]
    ]
}