{
    "cubes": [
        {
            "position": [
                1.5,
                0.0,
                0.590315643765313
            ],
            "scale": [
                0.5,
                2.0,
                0.03
            ]
        }
    ],
    "cylinders": [
        {
            "position": [
                1.1172452183425445,
                0.19918554161216956,
                0.5
            ],
            "radius": 0.04240918509892548,
            "heigth": 0.211097300217983
        },
        {
            "position": [
                1.0158137141960069,
                -0.13367684134172214,
                0.5
            ],
            "radius": 0.0707450227383534,
            "heigth": 0.10930192342076406
        },
        {
            "position": [
                1.040061754073299,
                0.12509455640030126,
                0.5
            ],
            "radius": 0.05902843465296033,
            "heigth": 0.3022622237870013
        },
        {
            "position": [
                1.1631586774513887,
                0.24422694618107182,
                0.5
            ],
            "radius": 0.054762219997085325,
            "heigth": 0.42613504437673433
        }
    ],
    "target": [
        [
            1.0,
            0.0,
            0.0,
            1.1534894704818726
        ],
        [
            0.0,
            -0.9999999999999961,
            -8.742277974564334e-08,
            -0.001123561873100698
        ],
        [
            0.0,
            8.742277974564332e-08,
            -0.9999999999999961,
            0.6583824157714844
        ],
        [
            0.0,
            0.0,
            0.0,
            1.0
        ]
    ],
    "robot_base": [
        [
            1.0,
            0.0,
            0.0,
            0.0
        ],
        [
            0.0,
            1.0,
            0.0,
            0.07514767157298308
        ],
        [
            0.0,
            0.0,
            1.0,
            0.0
        ],
        [
            0.0,
            0.0,
            0.0,
            1.0
        ]
    ]
}