{
    "cubes": [
        {
            "position": [
                1.5,
                0.0,
                0.4264666896647125
            ],
            "scale": [
                0.5,
                2.0,
                0.03
            ]
        }
    ],
    "cylinders": [
        {
            "position": [
                1.0525874553569257,
                -0.16127453977592676,
                0.5
            ],
            "radius": 0.030627478993181984,
            "heigth": 0.3870585542997252
        },
        {
            "position": [
                1.1267547530418178,
                -0.2280962528546157,
                0.5
            ],
            "radius": 0.036671664800508805,
            "heigth": 0.17427278949485842
        },
        {
            "position": [
                1.1315602508644584,
                -0.2079295975645185,
                0.5
            ],
            "radius": 0.028774492988563986,
            "heigth": 0.23251153827583024
        },
        {
            "position": [
                1.146174778325919,
                -0.18979111492537354,
                0.5
            ],
            "radius": 0.06991781317245153,
            "heigth": 0.11346562479957926
        }
    ],
    "target": [
        [
            1.0,
            0.0,
            0.0,
            1.1534894704818726
        ],
        [
            0.0,
            -0.9999999999999961,
            -8.742277974564334e-08,
            -0.001123561873100698
        ],
        [
            0.0,
            8.742277974564332e-08,
            -0.9999999999999961,
            0.6583824157714844
        ],
        [
            0.0,
            0.0,
            0.0,
            1.0
        ]
    ],
    "robot_base": [
        [
            1.0,
            0.0,
            0.0,
            0.0
        ],
        [
            0.0,
            1.0,
            0.0,
            -0.03712196399076495
        ],
        [
            0.0,
            0.0,
            1.0,
            0.0
        ],
        [
            0.0,
            0.0,
            0.0,
            1.0
        ]
    ]
}