{
    "cubes": [
        {
            "position": [
                1.5,
                0.0,
                0.5733277902130459
            ],
            "scale": [
                0.5,
                2.0,
                0.03
            ]
        }
    ],
    "cylinders": [
        {
            "position": [
                1.050565845209011,
                -0.14442057817963844,
                0.5
            ],
            "radius": 0.06738221817069781,
            "heigth": 0.47742143492412115
        },
        {
            "position": [
                1.1216277846218372,
                -0.17329207737236074,
                0.5
            ],
            "radius": 0.07947387684258957,
            "heigth": 0.1672725407128493
        },
        {
            "position": [
                1.136505342239571,
                -0.2496710276449664,
                0.5
            ],
            "radius": 0.06351963989925291,
            "heigth": 0.2337519163181295
        },
        {
            "position": [
                1.1544231612542173,
                0.001284606621394624,
                0.5
            ],
            "radius": 0.03989528419379142,
            "heigth": 0.128534247973159
        }
    ],
    "target": [
        [
            1.0,
            0.0,
            0.0,
            1.1534894704818726
        ],
        [
            0.0,
            -0.9999999999999961,
            -8.742277974564334e-08,
            -0.001123561873100698
        ],
        [
            0.0,
            8.742277974564332e-08,
            -0.9999999999999961,
            0.6583824157714844
        ],
        [
            0.0,
            0.0,
            0.0,
            1.0
        ]
    ],
    "robot_base": [
        [
            1.0,
            0.0,
            0.0,
            0.0
        ],
        [
            0.0,
            1.0,
            0.0,
            -0.030339411107138226
        ],
        [
            0.0,
            0.0,
            1.0,
            0.0
        ],
        [
            0.0,
            0.0,
            0.0,
            1.0
        ]
    ]
}