{
    "cubes": [
        {
            "position": [
                1.5,
                0.0,
                0.5225454905930023
            ],
            "scale": [
                0.5,
                2.0,
                0.03
            ]
        }
    ],
    "cylinders": [
        {
            "position": [
                1.010661191154024,
                0.21532211813122704,
                0.5
            ],
            "radius": 0.07751099289313162,
            "heigth": 0.28278561749911
        },
        {
            "position": [
                1.0297629656881537,
                -0.17498581849982436,
                0.5
            ],
            "radius": 0.04360187488429955,
            "heigth": 0.47064291034208827
        },
        {
            "position": [
                1.0260392061333743,
                0.20092741081702992,
                0.5
            ],
            "radius": 0.02739260100179757,
            "heigth": 0.37223595154650096
        },
        {
            "position": [
                1.0350172494677643,
                -0.043612130679727745,
                0.5
            ],
            "radius": 0.021733677124890424,
            "heigth": 0.4893120164434898
        }
    ],
    "target": [
        [
            1.0,
            0.0,
            0.0,
            1.1534894704818726
        ],
        [
            0.0,
            -0.9999999999999961,
            -8.742277974564334e-08,
            -0.001123561873100698
        ],
        [
            0.0,
            8.742277974564332e-08,
            -0.9999999999999961,
            0.6583824157714844
        ],
        [
            0.0,
            0.0,
            0.0,
            1.0
        ]
    ],
    "robot_base": [
        [
            1.0,
            0.0,
            0.0,
            0.0
        ],
        [
            0.0,
            1.0,
            0.0,
            -0.37819295001145703
        ],
        [
            0.0,
            0.0,
            1.0,
            0.0
        ],
        [
            0.0,
            0.0,
            0.0,
            1.0
        ]
    ]
}