{
    "cubes": [
        {
            "position": [
                1.5,
                0.0,
                0.4824901602693069
            ],
            "scale": [
                0.5,
                2.0,
                0.03
            ]
        }
    ],
    "cylinders": [
        {
            "position": [
                1.031126713697423,
                -0.15622872452045544,
                0.5
            ],
            "radius": 0.06864244869330746,
            "heigth": 0.3374464974798212
        },
        {
            "position": [
                1.0504972288612857,
                0.11536084331000007,
                0.5
            ],
            "radius": 0.0629805606592315,
            "heigth": 0.21290357241682462
        },
        {
            "position": [
                1.12029769379882,
                -0.19541389801006936,
                0.5
            ],
            "radius": 0.02997219698133701,
            "heigth": 0.22659423177776378
        },
        {
            "position": [
                1.0685320966309708,
                -0.0800643859770635,
                0.5
            ],
            "radius": 0.025335634394988524,
            "heigth": 0.1860252209854782
        }
    ],
    "target": [
        [
            1.0,
            0.0,
            0.0,
            1.1534894704818726
        ],
        [
            0.0,
            -0.9999999999999961,
            -8.742277974564334e-08,
            -0.001123561873100698
        ],
        [
            0.0,
            8.742277974564332e-08,
            -0.9999999999999961,
            0.6583824157714844
        ],
        [
            0.0,
            0.0,
            0.0,
            1.0
        ]
    ],
    "robot_base": [
        [
            1.0,
            0.0,
            0.0,
            0.0
        ],
        [
            0.0,
            1.0,
            0.0,
            -0.2611697633150264
        ],
        [
            0.0,
            0.0,
            1.0,
            0.0
        ],
        [
            0.0,
            0.0,
            0.0,
            1.0
        ]
    ]
}