{
    "cubes": [
        {
            "position": [
                1.5,
                0.0,
                0.5799095619050888
            ],
            "scale": [
                0.5,
                2.0,
                0.03
            ]
        }
    ],
    "cylinders": [
        {
            "position": [
                1.088036969770038,
                -0.20068896977087286,
                0.5
            ],
            "radius": 0.05319512528579281,
            "heigth": 0.2044481533871993
        },
        {
            "position": [
                1.0287996436816844,
                0.0617529567720852,
                0.5
            ],
            "radius": 0.06951512632495437,
            "heigth": 0.1885800543858095
        },
        {
            "position": [
                1.0190460793607878,
                -0.11404530797839707,
                0.5
            ],
            "radius": 0.06419349164793495,
            "heigth": 0.4556799182631174
        },
        {
            "position": [
                1.1968828436907817,
                -0.09139185286806356,
                0.5
            ],
            "radius": 0.04374267580196742,
            "heigth": 0.11100273400779777
        }
    ],
    "target": [
        [
            1.0,
            0.0,
            0.0,
            1.1534894704818726
        ],
        [
            0.0,
            -0.9999999999999961,
            -8.742277974564334e-08,
            -0.001123561873100698
        ],
        [
            0.0,
            8.742277974564332e-08,
            -0.9999999999999961,
            0.6583824157714844
        ],
        [
            0.0,
            0.0,
            0.0,
            1.0
        ]
    ],
    "robot_base": [
        [
            1.0,
            0.0,
            0.0,
            0.0
        ],
        [
            0.0,
            1.0,
            0.0,
            0.4551410840685469
        ],
        [
            0.0,
            0.0,
            1.0,
            0.0
        ],
        [
            0.0,
            0.0,
            0.0,
            1.0
        ]
    ]
}