{
    "cubes": [
        {
            "position": [
                1.5,
                0.0,
                0.4002272242817916
            ],
            "scale": [
                0.5,
                2.0,
                0.03
            ]
        }
    ],
    "cylinders": [
        {
            "position": [
                1.012718316387824,
                -0.23629322891779347,
                0.5
            ],
            "radius": 0.06320673075885139,
            "heigth": 0.20591356962596769
        },
        {
            "position": [
                1.0136454758988662,
                0.15546426821359594,
                0.5
            ],
            "radius": 0.025110822088001687,
            "heigth": 0.37780359062505015
        },
        {
            "position": [
                1.0981998102692152,
                -0.15299908965676778,
                0.5
            ],
            "radius": 0.04406056259057696,
            "heigth": 0.14236910960624202
        },
        {
            "position": [
                1.0347315683729432,
                -0.22729329317758423,
                0.5
            ],
            "radius": 0.05835364126253763,
            "heigth": 0.280462634288398
        }
    ],
    "target": [
        [
            1.0,
            0.0,
            0.0,
            1.1534894704818726
        ],
        [
            0.0,
            -0.9999999999999961,
            -8.742277974564334e-08,
            -0.001123561873100698
        ],
        [
            0.0,
            8.742277974564332e-08,
            -0.9999999999999961,
            0.6583824157714844
        ],
        [
            0.0,
            0.0,
            0.0,
            1.0
        ]
    ],
    "robot_base": [
        [
            1.0,
            0.0,
            0.0,
            0.0
        ],
        [
            0.0,
            1.0,
            0.0,
            0.2077941540930569
        ],
        [
            0.0,
            0.0,
            1.0,
            0.0
        ],
        [
            0.0,
            0.0,
            0.0,
            1.0
        ]
    ]
}