{
    "cubes": [
        {
            "position": [
                1.5,
                0.0,
                0.47913328600167343
            ],
            "scale": [
                0.5,
                2.0,
                0.03
            ]
        }
    ],
    "cylinders": [
        {
            "position": [
                1.043364593670589,
                0.23836732943557487,
                0.5
            ],
            "radius": 0.029947541336838104,
            "heigth": 0.4465869532669776
        },
        {
            "position": [
                1.1312242569766284,
                0.23722032957385047,
                0.5
            ],
            "radius": 0.053244730805578254,
            "heigth": 0.2131029232784547
        },
        {
            "position": [
                1.0573893341584215,
                -0.18829200894150733,
                0.5
            ],
            "radius": 0.055712233249554016,
            "heigth": 0.16865784825313163
        },
        {
            "position": [
                1.1775963526096902,
                0.24444343713272298,
                0.5
            ],
            "radius": 0.03676415326269926,
            "heigth": 0.1914325646437472
        }
    ],
    "target": [
        [
            1.0,
            0.0,
            0.0,
            1.1534894704818726
        ],
        [
            0.0,
            -0.9999999999999961,
            -8.742277974564334e-08,
            -0.001123561873100698
        ],
        [
            0.0,
            8.742277974564332e-08,
            -0.9999999999999961,
            0.6583824157714844
        ],
        [
            0.0,
            0.0,
            0.0,
            1.0
        ]
    ],
    "robot_base": [
        [
            1.0,
            0.0,
            0.0,
            0.0
        ],
        [
            0.0,
            1.0,
            0.0,
            -0.4079979877063066
        ],
        [
            0.0,
            0.0,
            1.0,
            0.0
        ],
        [
            0.0,
            0.0,
            0.0,
            1.0
        ]
    ]
}