{
    "cubes": [
        {
            "position": [
                1.5,
                0.0,
                0.571180083253961
            ],
            "scale": [
                0.5,
                2.0,
                0.03
            ]
        }
    ],
    "cylinders": [
        {
            "position": [
                1.03639319785984,
                -0.07535284759218197,
                0.5
            ],
            "radius": 0.05496062819638608,
            "heigth": 0.2643908916891836
        },
        {
            "position": [
                1.0560501351599314,
                0.1564216650482257,
                0.5
            ],
            "radius": 0.0758165237014944,
            "heigth": 0.2948264584346511
        },
        {
            "position": [
                1.0016335109418877,
                -0.16363233833966462,
                0.5
            ],
            "radius": 0.06362449306071902,
            "heigth": 0.207391009664188
        },
        {
            "position": [
                1.051040116043249,
                -0.17785642397931184,
                0.5
            ],
            "radius": 0.03471762386838854,
            "heigth": 0.46979665296910544
        }
    ],
    "target": [
        [
            1.0,
            0.0,
            0.0,
            1.1534894704818726
        ],
        [
            0.0,
            -0.9999999999999961,
            -8.742277974564334e-08,
            -0.001123561873100698
        ],
        [
            0.0,
            8.742277974564332e-08,
            -0.9999999999999961,
            0.6583824157714844
        ],
        [
            0.0,
            0.0,
            0.0,
            1.0
        ]
    ],
    "robot_base": [
        [
            1.0,
            0.0,
            0.0,
            0.0
        ],
        [
            0.0,
            1.0,
            0.0,
            -0.0022533702544933476
        ],
        [
            0.0,
            0.0,
            1.0,
            0.0
        ],
        [
            0.0,
            0.0,
            0.0,
            1.0
        ]
    ]
}