{
    "cubes": [
        {
            "position": [
                1.5,
                0.0,
                0.5152108914222329
            ],
            "scale": [
                0.5,
                2.0,
                0.03
            ]
        }
    ],
    "cylinders": [
        {
            "position": [
                1.0307114495250451,
                0.022588098544142232,
                0.5
            ],
            "radius": 0.026764937377026732,
            "heigth": 0.2144889082948292
        },
        {
            "position": [
                1.0392153132624304,
                0.13545747514149525,
                0.5
            ],
            "radius": 0.03299173256748945,
            "heigth": 0.1549734030151935
        },
        {
            "position": [
                1.0610912571633373,
                -0.19166388124859213,
                0.5
            ],
            "radius": 0.025620033899332127,
            "heigth": 0.11831495783886894
        },
        {
            "position": [
                1.0200321387938072,
                -0.12779879265201782,
                0.5
            ],
            "radius": 0.0742660508209892,
            "heigth": 0.14033879152655288
        }
    ],
    "target": [
        [
            1.0,
            0.0,
            0.0,
            1.1534894704818726
        ],
        [
            0.0,
            -0.9999999999999961,
            -8.742277974564334e-08,
            -0.001123561873100698
        ],
        [
            0.0,
            8.742277974564332e-08,
            -0.9999999999999961,
            0.6583824157714844
        ],
        [
            0.0,
            0.0,
            0.0,
            1.0
        ]
    ],
    "robot_base": [
        [
            1.0,
            0.0,
            0.0,
            0.0
        ],
        [
            0.0,
            1.0,
            0.0,
            -0.467559829723867
        ],
        [
            0.0,
            0.0,
            1.0,
            0.0
        ],
        [
            0.0,
            0.0,
            0.0,
            1.0
        ]
    ]
}