{
    "cubes": [
        {
            "position": [
                1.5,
                0.0,
                0.5765897079266874
            ],
            "scale": [
                0.5,
                2.0,
                0.03
            ]
        }
    ],
    "cylinders": [
        {
            "position": [
                1.1891212869670555,
                -0.022178429824121104,
                0.5
            ],
            "radius": 0.03113542428223193,
            "heigth": 0.12435196570517275
        },
        {
            "position": [
                1.099695842098994,
                0.23728863331335165,
                0.5
            ],
            "radius": 0.042733746864302743,
            "heigth": 0.1734695421958719
        },
        {
            "position": [
                1.1060991654728127,
                -0.2218919933399191,
                0.5
            ],
            "radius": 0.046113125099982825,
            "heigth": 0.25932974689167143
        },
        {
            "position": [
                1.0608308390423355,
                -0.23491550210323614,
                0.5
            ],
            "radius": 0.027040201758959506,
            "heigth": 0.2657545264941701
        }
    ],
    "target": [
        [
            1.0,
            0.0,
            0.0,
            1.1534894704818726
        ],
        [
            0.0,
            -0.9999999999999961,
            -8.742277974564334e-08,
            -0.001123561873100698
        ],
        [
            0.0,
            8.742277974564332e-08,
            -0.9999999999999961,
            0.6583824157714844
        ],
        [
            0.0,
            0.0,
            0.0,
            1.0
        ]
    ],
    "robot_base": [
        [
            1.0,
            0.0,
            0.0,
            0.0
        ],
        [
            0.0,
            1.0,
            0.0,
            -0.10695323759754893
        ],
        [
            0.0,
            0.0,
            1.0,
            0.0
        ],
        [
            0.0,
            0.0,
            0.0,
            1.0
        ]
    ]
}