{
    "cubes": [
        {
            "position": [
                1.5,
                0.0,
                0.597084147289781
            ],
            "scale": [
                0.5,
                2.0,
                0.03
            ]
        }
    ],
    "cylinders": [
        {
            "position": [
                1.1342578817285365,
                -0.22758885308198917,
                0.5
            ],
            "radius": 0.039642807225423654,
            "heigth": 0.46845267337455154
        },
        {
            "position": [
                1.057495859962039,
                0.19763433096331146,
                0.5
            ],
            "radius": 0.04870076833825139,
            "heigth": 0.250545153623152
        },
        {
            "position": [
                1.1941776615815454,
                0.2269125960259587,
                0.5
            ],
            "radius": 0.06617990284756205,
            "heigth": 0.10466355097063754
        },
        {
            "position": [
                1.1896705371149432,
                -0.22624136438463127,
                0.5
            ],
            "radius": 0.02943810209032776,
            "heigth": 0.30818995598444693
        }
    ],
    "target": [
        [
            1.0,
            0.0,
            0.0,
            1.1534894704818726
        ],
        [
            0.0,
            -0.9999999999999961,
            -8.742277974564334e-08,
            -0.001123561873100698
        ],
        [
            0.0,
            8.742277974564332e-08,
            -0.9999999999999961,
            0.6583824157714844
        ],
        [
            0.0,
            0.0,
            0.0,
            1.0
        ]
    ],
    "robot_base": [
        [
            1.0,
            0.0,
            0.0,
            0.0
        ],
        [
            0.0,
            1.0,
            0.0,
            0.1669229969618934
        ],
        [
            0.0,
            0.0,
            1.0,
            0.0
        ],
        [
            0.0,
            0.0,
            0.0,
            1.0
        ]
    ]
}