{
    "cubes": [
        {
            "position": [
                1.5,
                0.0,
                0.5489228968312145
            ],
            "scale": [
                0.5,
                2.0,
                0.03
            ]
        }
    ],
    "cylinders": [
        {
            "position": [
                1.0257525241965204,
                -0.005906836579551544,
                0.5
            ],
            "radius": 0.021190236583233036,
            "heigth": 0.3023957589739514
        },
        {
            "position": [
                1.0432478686495612,
                -0.16740406242226707,
                0.5
            ],
            "radius": 0.059999480950445654,
            "heigth": 0.29887079178077747
        },
        {
            "position": [
                1.1814719480770268,
                0.20644584370070612,
                0.5
            ],
            "radius": 0.024274584003326535,
            "heigth": 0.36077357025597145
        },
        {
            "position": [
                1.0551798781199795,
                0.2100119384344783,
                0.5
            ],
            "radius": 0.07274960452931345,
            "heigth": 0.45052451993878245
        }
    ],
    "target": [
        [
            1.0,
            0.0,
            0.0,
            1.1534894704818726
        ],
        [
            0.0,
            -0.9999999999999961,
            -8.742277974564334e-08,
            -0.001123561873100698
        ],
        [
            0.0,
            8.742277974564332e-08,
            -0.9999999999999961,
            0.6583824157714844
        ],
        [
            0.0,
            0.0,
            0.0,
            1.0
        ]
    ],
    "robot_base": [
        [
            1.0,
            0.0,
            0.0,
            0.0
        ],
        [
            0.0,
            1.0,
            0.0,
            -0.03644088184185035
        ],
        [
            0.0,
            0.0,
            1.0,
            0.0
        ],
        [
            0.0,
            0.0,
            0.0,
            1.0
        ]
    ]
}