{
    "cubes": [
        {
            "position": [
                1.5,
                0.0,
                0.5204567266250071
            ],
            "scale": [
                0.5,
                2.0,
                0.03
            ]
        }
    ],
    "cylinders": [
        {
            "position": [
                1.1186181901901673,
                -0.17486339340569262,
                0.5
            ],
            "radius": 0.023765685484888555,
            "heigth": 0.20888671860217428
        },
        {
            "position": [
                1.030484198181887,
                -0.03266746678643101,
                0.5
            ],
            "radius": 0.05820778976438471,
            "heigth": 0.1372032880993918
        },
        {
            "position": [
                1.0522493285120296,
                0.18424688357767172,
                0.5
            ],
            "radius": 0.03586969731024841,
            "heigth": 0.22588584213369842
        },
        {
            "position": [
                1.109637732227269,
                0.24628188120956684,
                0.5
            ],
            "radius": 0.03459719688265114,
            "heigth": 0.2572176209594713
        }
    ],
    "target": [
        [
            1.0,
            0.0,
            0.0,
            1.1534894704818726
        ],
        [
            0.0,
            -0.9999999999999961,
            -8.742277974564334e-08,
            -0.001123561873100698
        ],
        [
            0.0,
            8.742277974564332e-08,
            -0.9999999999999961,
            0.6583824157714844
        ],
        [
            0.0,
            0.0,
            0.0,
            1.0
        ]
    ],
    "robot_base": [
        [
            1.0,
            0.0,
            0.0,
            0.0
        ],
        [
            0.0,
            1.0,
            0.0,
            0.2695470659096172
        ],
        [
            0.0,
            0.0,
            1.0,
            0.0
        ],
        [
            0.0,
            0.0,
            0.0,
            1.0
        ]
    ]
}