{
    "cubes": [
        {
            "position": [
                1.5,
                0.0,
                0.46934053834806816
            ],
            "scale": [
                0.5,
                2.0,
                0.03
            ]
        }
    ],
    "cylinders": [
        {
            "position": [
                1.1302177679423302,
                -0.19753793120987406,
                0.5
            ],
            "radius": 0.046831868153808076,
            "heigth": 0.3262271285150029
        },
        {
            "position": [
                1.040430359750505,
                -0.24261448145254788,
                0.5
            ],
            "radius": 0.03297910642183261,
            "heigth": 0.40168732335707735
        },
        {
            "position": [
                1.0794563151475254,
                -0.10713036325787162,
                0.5
            ],
            "radius": 0.05626857933419097,
            "heigth": 0.14743291811988385
        },
        {
            "position": [
                1.175096245528332,
                0.14959838894845845,
                0.5
            ],
            "radius": 0.022643740362316412,
            "heigth": 0.22228280427535246
        }
    ],
    "target": [
        [
            1.0,
            0.0,
            0.0,
            1.1534894704818726
        ],
        [
            0.0,
            -0.9999999999999961,
            -8.742277974564334e-08,
            -0.001123561873100698
        ],
        [
            0.0,
            8.742277974564332e-08,
            -0.9999999999999961,
            0.6583824157714844
        ],
        [
            0.0,
            0.0,
            0.0,
            1.0
        ]
    ],
    "robot_base": [
        [
            1.0,
            0.0,
            0.0,
            0.0
        ],
        [
            0.0,
            1.0,
            0.0,
            0.07066740496743207
        ],
        [
            0.0,
            0.0,
            1.0,
            0.0
        ],
        [
            0.0,
            0.0,
            0.0,
            1.0
        ]
    ]
}