{
    "cubes": [
        {
            "position": [
                1.5,
                0.0,
                0.4566114999385092
            ],
            "scale": [
                0.5,
                2.0,
                0.03
            ]
        }
    ],
    "cylinders": [
        {
            "position": [
                1.0510877698943024,
                -0.1630991533154148,
                0.5
            ],
            "radius": 0.07614236039001163,
            "heigth": 0.4673536246127331
        },
        {
            "position": [
                1.1782523056425533,
                -0.22295473091545992,
                0.5
            ],
            "radius": 0.04663980971675377,
            "heigth": 0.1580667998002274
        },
        {
            "position": [
                1.1227693041704212,
                -0.20211718875483264,
                0.5
            ],
            "radius": 0.05727633012346366,
            "heigth": 0.3562066339118251
        },
        {
            "position": [
                1.1942257771188591,
                -0.22259210905567245,
                0.5
            ],
            "radius": 0.06851517054022514,
            "heigth": 0.3277784454307785
        }
    ],
    "target": [
        [
            1.0,
            0.0,
            0.0,
            1.1534894704818726
        ],
        [
            0.0,
            -0.9999999999999961,
            -8.742277974564334e-08,
            -0.001123561873100698
        ],
        [
            0.0,
            8.742277974564332e-08,
            -0.9999999999999961,
            0.6583824157714844
        ],
        [
            0.0,
            0.0,
            0.0,
            1.0
        ]
    ],
    "robot_base": [
        [
            1.0,
            0.0,
            0.0,
            0.0
        ],
        [
            0.0,
            1.0,
            0.0,
            0.18480411635613547
        ],
        [
            0.0,
            0.0,
            1.0,
            0.0
        ],
        [
            0.0,
            0.0,
            0.0,
            1.0
        ]
    ]
}