{
    "cubes": [
        {
            "position": [
                1.5,
                0.0,
                0.4274341958502177
            ],
            "scale": [
                0.5,
                2.0,
                0.03
            ]
        }
    ],
    "cylinders": [
        {
            "position": [
                1.1678147172226823,
                -0.21401512117861726,
                0.5
            ],
            "radius": 0.05451525184885979,
            "heigth": 0.22402659218669754
        },
        {
            "position": [
                1.1988532532335254,
                0.19822265266037536,
                0.5
            ],
            "radius": 0.039106036168699405,
            "heigth": 0.11233764435966417
        },
        {
            "position": [
                1.0156624034442383,
                0.028367686941855874,
                0.5
            ],
            "radius": 0.06289773967146442,
            "heigth": 0.23568607116928886
        },
        {
            "position": [
                1.0770933751144998,
                -0.011026330506577586,
                0.5
            ],
            "radius": 0.03139845806874984,
            "heigth": 0.10720528167365495
        }
    ],
    "target": [
        [
            1.0,
            0.0,
            0.0,
            1.1534894704818726
        ],
        [
            0.0,
            -0.9999999999999961,
            -8.742277974564334e-08,
            -0.001123561873100698
        ],
        [
            0.0,
            8.742277974564332e-08,
            -0.9999999999999961,
            0.6583824157714844
        ],
        [
            0.0,
            0.0,
            0.0,
            1.0
        ]
    ],
    "robot_base": [
        [
            1.0,
            0.0,
            0.0,
            0.0
        ],
        [
            0.0,
            1.0,
            0.0,
            0.1547730167847864
        ],
        [
            0.0,
            0.0,
            1.0,
            0.0
        ],
        [
            0.0,
            0.0,
            0.0,
            1.0
        ]
    ]
}