{
    "cubes": [
        {
            "position": [
                1.5,
                0.0,
                0.4188382301812351
            ],
            "scale": [
                0.5,
                2.0,
                0.03
            ]
        }
    ],
    "cylinders": [
        {
            "position": [
                1.0325149959042197,
                -0.2214347311467001,
                0.5
            ],
            "radius": 0.027218132707938644,
            "heigth": 0.41716132049305804
        },
        {
            "position": [
                1.180181122497508,
                0.24565937641569519,
                0.5
            ],
            "radius": 0.034161140988727245,
            "heigth": 0.13635268387066232
        },
        {
            "position": [
                1.0414584623028353,
                0.2408550199606876,
                0.5
            ],
            "radius": 0.05106086829602094,
            "heigth": 0.11217280408232273
        },
        {
            "position": [
                1.0040635254767944,
                -0.02453723986215911,
                0.5
            ],
            "radius": 0.03613798557283358,
            "heigth": 0.1296651359907375
        }
    ],
    "target": [
        [
            1.0,
            0.0,
            0.0,
            1.1534894704818726
        ],
        [
            0.0,
            -0.9999999999999961,
            -8.742277974564334e-08,
            -0.001123561873100698
        ],
        [
            0.0,
            8.742277974564332e-08,
            -0.9999999999999961,
            0.6583824157714844
        ],
        [
            0.0,
            0.0,
            0.0,
            1.0
        ]
    ],
    "robot_base": [
        [
            1.0,
            0.0,
            0.0,
            0.0
        ],
        [
            0.0,
            1.0,
            0.0,
            -0.23167432582345382
        ],
        [
            0.0,
            0.0,
            1.0,
            0.0
        ],
        [
            0.0,
            0.0,
            0.0,
            1.0
        ]
    ]
}