{
    "cubes": [
        {
            "position": [
                1.5,
                0.0,
                0.4862992972090031
            ],
            "scale": [
                0.5,
                2.0,
                0.03
            ]
        }
    ],
    "cylinders": [
        {
            "position": [
                1.1761924012562122,
                0.11530379928057488,
                0.5
            ],
            "radius": 0.05149313000840728,
            "heigth": 0.16486657861924828
        },
        {
            "position": [
                1.137088011395202,
                -0.23736630397552344,
                0.5
            ],
            "radius": 0.03495468368756761,
            "heigth": 0.19757454500370064
        },
        {
            "position": [
                1.1493718099653238,
                -0.18645206664791864,
                0.5
            ],
            "radius": 0.05060516258093094,
            "heigth": 0.39749865280579033
        },
        {
            "position": [
                1.061856963127785,
                -0.21739438616690276,
                0.5
            ],
            "radius": 0.07732402412273254,
            "heigth": 0.16497643480843355
        }
    ],
    "target": [
        [
            1.0,
            0.0,
            0.0,
            1.1534894704818726
        ],
        [
            0.0,
            -0.9999999999999961,
            -8.742277974564334e-08,
            -0.001123561873100698
        ],
        [
            0.0,
            8.742277974564332e-08,
            -0.9999999999999961,
            0.6583824157714844
        ],
        [
            0.0,
            0.0,
            0.0,
            1.0
        ]
    ],
    "robot_base": [
        [
            1.0,
            0.0,
            0.0,
            0.0
        ],
        [
            0.0,
            1.0,
            0.0,
            -0.032213759787222185
        ],
        [
            0.0,
            0.0,
            1.0,
            0.0
        ],
        [
            0.0,
            0.0,
            0.0,
            1.0
        ]
    ]
}