{
    "cubes": [
        {
            "position": [
                1.5,
                0.0,
                0.5142115025531154
            ],
            "scale": [
                0.5,
                2.0,
                0.03
            ]
        }
    ],
    "cylinders": [
        {
            "position": [
                1.044548865522053,
                0.12991481185417808,
                0.5
            ],
            "radius": 0.04413592101503366,
            "heigth": 0.31046353039620084
        },
        {
            "position": [
                1.0082531624582793,
                0.16210494883793908,
                0.5
            ],
            "radius": 0.058148261759654124,
            "heigth": 0.13881954093506058
        },
        {
            "position": [
                1.1266386651957927,
                0.1996235565257689,
                0.5
            ],
            "radius": 0.06405201378890238,
            "heigth": 0.40398269882777127
        },
        {
            "position": [
                1.0119763204092849,
                -0.056077466723260194,
                0.5
            ],
            "radius": 0.0508394561531169,
            "heigth": 0.2651635885630188
        }
    ],
    "target": [
        [
            1.0,
            0.0,
            0.0,
            1.1534894704818726
        ],
        [
            0.0,
            -0.9999999999999961,
            -8.742277974564334e-08,
            -0.001123561873100698
        ],
        [
            0.0,
            8.742277974564332e-08,
            -0.9999999999999961,
            0.6583824157714844
        ],
        [
            0.0,
            0.0,
            0.0,
            1.0
        ]
    ],
    "robot_base": [
        [
            1.0,
            0.0,
            0.0,
            0.0
        ],
        [
            0.0,
            1.0,
            0.0,
            0.3587259762622582
        ],
        [
            0.0,
            0.0,
            1.0,
            0.0
        ],
        [
            0.0,
            0.0,
            0.0,
            1.0
        ]
    ]
}