{
    "cubes": [
        {
            "position": [
                1.5,
                0.0,
                0.5531810792458322
            ],
            "scale": [
                0.5,
                2.0,
                0.03
            ]
        }
    ],
    "cylinders": [
        {
            "position": [
                1.1080927851761941,
                -0.10158214873678573,
                0.5
            ],
            "radius": 0.03993706905894076,
            "heigth": 0.15954713119585545
        },
        {
            "position": [
                1.0032677545213027,
                -0.06880885256212316,
                0.5
            ],
            "radius": 0.03756146786325544,
            "heigth": 0.3226685757955031
        },
        {
            "position": [
                1.036693732918147,
                0.1387191864736676,
                0.5
            ],
            "radius": 0.0661703399045874,
            "heigth": 0.18424251730488111
        },
        {
            "position": [
                1.0103856578268688,
                0.21950630572079577,
                0.5
            ],
            "radius": 0.031033517636160107,
            "heigth": 0.4206575751308014
        }
    ],
    "target": [
        [
            1.0,
            0.0,
            0.0,
            1.1534894704818726
        ],
        [
            0.0,
            -0.9999999999999961,
            -8.742277974564334e-08,
            -0.001123561873100698
        ],
        [
            0.0,
            8.742277974564332e-08,
            -0.9999999999999961,
            0.6583824157714844
        ],
        [
            0.0,
            0.0,
            0.0,
            1.0
        ]
    ],
    "robot_base": [
        [
            1.0,
            0.0,
            0.0,
            0.0
        ],
        [
            0.0,
            1.0,
            0.0,
            0.00890216138630151
        ],
        [
            0.0,
            0.0,
            1.0,
            0.0
        ],
        [
            0.0,
            0.0,
            0.0,
            1.0
        ]
    ]
}