{
    "cubes": [
        {
            "position": [
                1.5,
                0.0,
                0.5585022753094699
            ],
            "scale": [
                0.5,
                2.0,
                0.03
            ]
        }
    ],
    "cylinders": [
        {
            "position": [
                1.0368190906946413,
                -0.11863484901119203,
                0.5
            ],
            "radius": 0.05499079842776087,
            "heigth": 0.16237423665078385
        },
        {
            "position": [
                1.1731762979144484,
                -0.21058615824097726,
                0.5
            ],
            "radius": 0.07235397437309864,
            "heigth": 0.12319697254346458
        },
        {
            "position": [
                1.0668067596804562,
                -0.2294938237144697,
                0.5
            ],
            "radius": 0.029281386671124787,
            "heigth": 0.2365781040046061
        },
        {
            "position": [
                1.1493097807693091,
                0.19293262441727543,
                0.5
            ],
            "radius": 0.0656134044031757,
            "heigth": 0.1535652184542064
        }
    ],
    "target": [
        [
            1.0,
            0.0,
            0.0,
            1.1534894704818726
        ],
        [
            0.0,
            -0.9999999999999961,
            -8.742277974564334e-08,
            -0.001123561873100698
        ],
        [
            0.0,
            8.742277974564332e-08,
            -0.9999999999999961,
            0.6583824157714844
        ],
        [
            0.0,
            0.0,
            0.0,
            1.0
        ]
    ],
    "robot_base": [
        [
            1.0,
            0.0,
            0.0,
            0.0
        ],
        [
            0.0,
            1.0,
            0.0,
            -0.3141244019776781
        ],
        [
            0.0,
            0.0,
            1.0,
            0.0
        ],
        [
            0.0,
            0.0,
            0.0,
            1.0
        ]
    ]
}