{
    "cubes": [
        {
            "position": [
                1.5,
                0.0,
                0.5429232804123817
            ],
            "scale": [
                0.5,
                2.0,
                0.03
            ]
        }
    ],
    "cylinders": [
        {
            "position": [
                1.0029322730896884,
                -0.11740212564810526,
                0.5
            ],
            "radius": 0.02273267426872786,
            "heigth": 0.19259621579929181
        },
        {
            "position": [
                1.0444639718455138,
                0.2453374468390055,
                0.5
            ],
            "radius": 0.05240474995896869,
            "heigth": 0.25164148960578736
        },
        {
            "position": [
                1.1904262993920085,
                0.19768734352027,
                0.5
            ],
            "radius": 0.03956208614894105,
            "heigth": 0.49782626173200767
        },
        {
            "position": [
                1.195719212475967,
                0.17903217951743278,
                0.5
            ],
            "radius": 0.07376766756017375,
            "heigth": 0.1188940713152679
        }
    ],
    "target": [
        [
            1.0,
            0.0,
            0.0,
            1.1534894704818726
        ],
        [
            0.0,
            -0.9999999999999961,
            -8.742277974564334e-08,
            -0.001123561873100698
        ],
        [
            0.0,
            8.742277974564332e-08,
            -0.9999999999999961,
            0.6583824157714844
        ],
        [
            0.0,
            0.0,
            0.0,
            1.0
        ]
    ],
    "robot_base": [
        [
            1.0,
            0.0,
            0.0,
            0.0
        ],
        [
            0.0,
            1.0,
            0.0,
            0.325471258899078
        ],
        [
            0.0,
            0.0,
            1.0,
            0.0
        ],
        [
            0.0,
            0.0,
            0.0,
            1.0
        ]
    ]
}