{
    "cubes": [
        {
            "position": [
                1.5,
                0.0,
                0.4482223254654774
            ],
            "scale": [
                0.5,
                2.0,
                0.03
            ]
        }
    ],
    "cylinders": [
        {
            "position": [
                1.0092748564547669,
                -0.09708488372322654,
                0.5
            ],
            "radius": 0.05924574065295632,
            "heigth": 0.13541153463142533
        },
        {
            "position": [
                1.1531170925228837,
                -0.09885250686242253,
                0.5
            ],
            "radius": 0.04739919673760262,
            "heigth": 0.12915446896421964
        },
        {
            "position": [
                1.0532609032314677,
                -0.14128458902003,
                0.5
            ],
            "radius": 0.06282338117031196,
            "heigth": 0.23205641569806693
        },
        {
            "position": [
                1.0613620982726222,
                0.18428510376127583,
                0.5
            ],
            "radius": 0.05930009056210328,
            "heigth": 0.18217323551763087
        }
    ],
    "target": [
        [
            1.0,
            0.0,
            0.0,
            1.1534894704818726
        ],
        [
            0.0,
            -0.9999999999999961,
            -8.742277974564334e-08,
            -0.001123561873100698
        ],
        [
            0.0,
            8.742277974564332e-08,
            -0.9999999999999961,
            0.6583824157714844
        ],
        [
            0.0,
            0.0,
            0.0,
            1.0
        ]
    ],
    "robot_base": [
        [
            1.0,
            0.0,
            0.0,
            0.0
        ],
        [
            0.0,
            1.0,
            0.0,
            -0.3012745776905953
        ],
        [
            0.0,
            0.0,
            1.0,
            0.0
        ],
        [
            0.0,
            0.0,
            0.0,
            1.0
        ]
    ]
}