{
    "cubes": [
        {
            "position": [
                1.5,
                0.0,
                0.4416429880246692
            ],
            "scale": [
                0.5,
                2.0,
                0.03
            ]
        }
    ],
    "cylinders": [
        {
            "position": [
                1.0824998429853434,
                0.1992504761948578,
                0.5
            ],
            "radius": 0.03620148981424394,
            "heigth": 0.3320774500491628
        },
        {
            "position": [
                1.0760858827882143,
                -0.198198978698981,
                0.5
            ],
            "radius": 0.026401130055117142,
            "heigth": 0.46501337859453196
        },
        {
            "position": [
                1.0255969438813972,
                0.012337005152772473,
                0.5
            ],
            "radius": 0.045315836315952776,
            "heigth": 0.28892172079835854
        },
        {
            "position": [
                1.058758917994972,
                -0.23880210222856757,
                0.5
            ],
            "radius": 0.061288013171201916,
            "heigth": 0.19303969481659494
        }
    ],
    "target": [
        [
            1.0,
            0.0,
            0.0,
            1.1534894704818726
        ],
        [
            0.0,
            -0.9999999999999961,
            -8.742277974564334e-08,
            -0.001123561873100698
        ],
        [
            0.0,
            8.742277974564332e-08,
            -0.9999999999999961,
            0.6583824157714844
        ],
        [
            0.0,
            0.0,
            0.0,
            1.0
        ]
    ],
    "robot_base": [
        [
            1.0,
            0.0,
            0.0,
            0.0
        ],
        [
            0.0,
            1.0,
            0.0,
            0.355458454647556
        ],
        [
            0.0,
            0.0,
            1.0,
            0.0
        ],
        [
            0.0,
            0.0,
            0.0,
            1.0
        ]
    ]
}