{
    "cubes": [
        {
            "position": [
                1.5,
                0.0,
                0.479632252971823
            ],
            "scale": [
                0.5,
                2.0,
                0.03
            ]
        }
    ],
    "cylinders": [
        {
            "position": [
                1.0092611638308981,
                0.13917501282869277,
                0.5
            ],
            "radius": 0.055800985656282,
            "heigth": 0.16180167832426778
        },
        {
            "position": [
                1.0190987823515005,
                0.2123833201867067,
                0.5
            ],
            "radius": 0.04172021392217465,
            "heigth": 0.48381235852944926
        },
        {
            "position": [
                1.1154080659361936,
                -0.2376297738731975,
                0.5
            ],
            "radius": 0.03191434455036801,
            "heigth": 0.40980336258636824
        },
        {
            "position": [
                1.075564141983061,
                -0.2027070303418418,
                0.5
            ],
            "radius": 0.07183727306890529,
            "heigth": 0.2917028224434816
        }
    ],
    "target": [
        [
            1.0,
            0.0,
            0.0,
            1.1534894704818726
        ],
        [
            0.0,
            -0.9999999999999961,
            -8.742277974564334e-08,
            -0.001123561873100698
        ],
        [
            0.0,
            8.742277974564332e-08,
            -0.9999999999999961,
            0.6583824157714844
        ],
        [
            0.0,
            0.0,
            0.0,
            1.0
        ]
    ],
    "robot_base": [
        [
            1.0,
            0.0,
            0.0,
            0.0
        ],
        [
            0.0,
            1.0,
            0.0,
            -0.13042904680505651
        ],
        [
            0.0,
            0.0,
            1.0,
            0.0
        ],
        [
            0.0,
            0.0,
            0.0,
            1.0
        ]
    ]
}