{
    "cubes": [
        {
            "position": [
                1.5,
                0.0,
                0.5645574362957145
            ],
            "scale": [
                0.5,
                2.0,
                0.03
            ]
        }
    ],
    "cylinders": [
        {
            "position": [
                1.034193401883947,
                -0.06773039868405611,
                0.5
            ],
            "radius": 0.024456156171262174,
            "heigth": 0.28140345299277336
        },
        {
            "position": [
                1.1728737367875237,
                0.22567729737311393,
                0.5
            ],
            "radius": 0.07446987876705191,
            "heigth": 0.2560647567252766
        },
        {
            "position": [
                1.084372891756279,
                -0.10765868295298792,
                0.5
            ],
            "radius": 0.05967109326040845,
            "heigth": 0.11169836127894162
        },
        {
            "position": [
                1.1369199532690928,
                0.24162323311497863,
                0.5
            ],
            "radius": 0.06980706473147569,
            "heigth": 0.30023574595091773
        }
    ],
    "target": [
        [
            1.0,
            0.0,
            0.0,
            1.1534894704818726
        ],
        [
            0.0,
            -0.9999999999999961,
            -8.742277974564334e-08,
            -0.001123561873100698
        ],
        [
            0.0,
            8.742277974564332e-08,
            -0.9999999999999961,
            0.6583824157714844
        ],
        [
            0.0,
            0.0,
            0.0,
            1.0
        ]
    ],
    "robot_base": [
        [
            1.0,
            0.0,
            0.0,
            0.0
        ],
        [
            0.0,
            1.0,
            0.0,
            0.051854795414274624
        ],
        [
            0.0,
            0.0,
            1.0,
            0.0
        ],
        [
            0.0,
            0.0,
            0.0,
            1.0
        ]
    ]
}