{
    "cubes": [
        {
            "position": [
                1.5,
                0.0,
                0.4187043416507623
            ],
            "scale": [
                0.5,
                2.0,
                0.03
            ]
        }
    ],
    "cylinders": [
        {
            "position": [
                1.0575533338418164,
                -0.019762601103228417,
                0.5
            ],
            "radius": 0.02473204268159662,
            "heigth": 0.12324536926781501
        },
        {
            "position": [
                1.0205281531672767,
                0.07697716076303807,
                0.5
            ],
            "radius": 0.05873162855383536,
            "heigth": 0.10637742913909316
        },
        {
            "position": [
                1.1080958067933127,
                0.18627503059598866,
                0.5
            ],
            "radius": 0.029324324515774162,
            "heigth": 0.39516949180982325
        },
        {
            "position": [
                1.0659790915482814,
                0.24201120718422442,
                0.5
            ],
            "radius": 0.044102308864071925,
            "heigth": 0.23721165458582777
        }
    ],
    "target": [
        [
            1.0,
            0.0,
            0.0,
            1.1534894704818726
        ],
        [
            0.0,
            -0.9999999999999961,
            -8.742277974564334e-08,
            -0.001123561873100698
        ],
        [
            0.0,
            8.742277974564332e-08,
            -0.9999999999999961,
            0.6583824157714844
        ],
        [
            0.0,
            0.0,
            0.0,
            1.0
        ]
    ],
    "robot_base": [
        [
            1.0,
            0.0,
            0.0,
            0.0
        ],
        [
            0.0,
            1.0,
            0.0,
            0.009888360838071542
        ],
        [
            0.0,
            0.0,
            1.0,
            0.0
        ],
        [
            0.0,
            0.0,
            0.0,
            1.0
        ]
    ]
}