{
    "cubes": [
        {
            "position": [
                1.5,
                0.0,
                0.4106813336521181
            ],
            "scale": [
                0.5,
                2.0,
                0.03
            ]
        }
    ],
    "cylinders": [
        {
            "position": [
                1.090205589985037,
                0.20349199800619328,
                0.5
            ],
            "radius": 0.07352588195686438,
            "heigth": 0.16234932472129027
        },
        {
            "position": [
                1.0157509497995534,
                -0.09176902793792446,
                0.5
            ],
            "radius": 0.06939359825421275,
            "heigth": 0.4391312857277175
        },
        {
            "position": [
                1.1128317970534014,
                0.1877408999047983,
                0.5
            ],
            "radius": 0.04889679551456965,
            "heigth": 0.49007454226680636
        },
        {
            "position": [
                1.0426121183928263,
                0.07066319490088707,
                0.5
            ],
            "radius": 0.05714804119056212,
            "heigth": 0.12948391294514414
        }
    ],
    "target": [
        [
            1.0,
            0.0,
            0.0,
            1.1534894704818726
        ],
        [
            0.0,
            -0.9999999999999961,
            -8.742277974564334e-08,
            -0.001123561873100698
        ],
        [
            0.0,
            8.742277974564332e-08,
            -0.9999999999999961,
            0.6583824157714844
        ],
        [
            0.0,
            0.0,
            0.0,
            1.0
        ]
    ],
    "robot_base": [
        [
            1.0,
            0.0,
            0.0,
            0.0
        ],
        [
            0.0,
            1.0,
            0.0,
            -0.37274932206033684
        ],
        [
            0.0,
            0.0,
            1.0,
            0.0
        ],
        [
            0.0,
            0.0,
            0.0,
            1.0
        ]
    ]
}