{
    "cubes": [
        {
            "position": [
                1.5,
                0.0,
                0.5240698299235648
            ],
            "scale": [
                0.5,
                2.0,
                0.03
            ]
        }
    ],
    "cylinders": [
        {
            "position": [
                1.0841185794817765,
                0.21619000064175947,
                0.5
            ],
            "radius": 0.04075204558949447,
            "heigth": 0.3309995802284518
        },
        {
            "position": [
                1.1624848284531408,
                -0.2078904397516777,
                0.5
            ],
            "radius": 0.03204386183022814,
            "heigth": 0.3032373536419778
        },
        {
            "position": [
                1.149080772851718,
                0.23897747229747662,
                0.5
            ],
            "radius": 0.055154062922453735,
            "heigth": 0.3663032401418394
        },
        {
            "position": [
                1.1259641169443575,
                0.23564484324955526,
                0.5
            ],
            "radius": 0.060306092422923806,
            "heigth": 0.30266290897404236
        }
    ],
    "target": [
        [
            1.0,
            0.0,
            0.0,
            1.1534894704818726
        ],
        [
            0.0,
            -0.9999999999999961,
            -8.742277974564334e-08,
            -0.001123561873100698
        ],
        [
            0.0,
            8.742277974564332e-08,
            -0.9999999999999961,
            0.6583824157714844
        ],
        [
            0.0,
            0.0,
            0.0,
            1.0
        ]
    ],
    "robot_base": [
        [
            1.0,
            0.0,
            0.0,
            0.0
        ],
        [
            0.0,
            1.0,
            0.0,
            -0.25612605806343425
        ],
        [
            0.0,
            0.0,
            1.0,
            0.0
        ],
        [
            0.0,
            0.0,
            0.0,
            1.0
        ]
    ]
}