{
    "cubes": [
        {
            "position": [
                1.5,
                0.0,
                0.4765473475157887
            ],
            "scale": [
                0.5,
                2.0,
                0.03
            ]
        }
    ],
    "cylinders": [
        {
            "position": [
                1.071688992066175,
                -0.06015049511178411,
                0.5
            ],
            "radius": 0.022916817136367666,
            "heigth": 0.3145617254119284
        },
        {
            "position": [
                1.1327028148459903,
                -0.034149488221034474,
                0.5
            ],
            "radius": 0.04267291327016999,
            "heigth": 0.10496354277856648
        },
        {
            "position": [
                1.1842009443904966,
                -0.1831625204627112,
                0.5
            ],
            "radius": 0.0413778343113335,
            "heigth": 0.17606115671542422
        },
        {
            "position": [
                1.059690884906161,
                0.11987100248805083,
                0.5
            ],
            "radius": 0.0560578578873437,
            "heigth": 0.21496628639710316
        }
    ],
    "target": [
        [
            1.0,
            0.0,
            0.0,
            1.1534894704818726
        ],
        [
            0.0,
            -0.9999999999999961,
            -8.742277974564334e-08,
            -0.001123561873100698
        ],
        [
            0.0,
            8.742277974564332e-08,
            -0.9999999999999961,
            0.6583824157714844
        ],
        [
            0.0,
            0.0,
            0.0,
            1.0
        ]
    ],
    "robot_base": [
        [
            1.0,
            0.0,
            0.0,
            0.0
        ],
        [
            0.0,
            1.0,
            0.0,
            -0.05811890670919406
        ],
        [
            0.0,
            0.0,
            1.0,
            0.0
        ],
        [
            0.0,
            0.0,
            0.0,
            1.0
        ]
    ]
}