{
    "cubes": [
        {
            "position": [
                1.5,
                0.0,
                0.46877987463478044
            ],
            "scale": [
                0.5,
                2.0,
                0.03
            ]
        }
    ],
    "cylinders": [
        {
            "position": [
                1.1664323806014325,
                0.18450210627683317,
                0.5
            ],
            "radius": 0.05282546930016364,
            "heigth": 0.27419083780958287
        },
        {
            "position": [
                1.0734702580452353,
                0.17048628678963523,
                0.5
            ],
            "radius": 0.0640736473204424,
            "heigth": 0.27851698958212645
        },
        {
            "position": [
                1.0064655188511193,
                0.090699472665003,
                0.5
            ],
            "radius": 0.04290816223280121,
            "heigth": 0.21155329309652476
        },
        {
            "position": [
                1.0973110946730018,
                0.20403766165337323,
                0.5
            ],
            "radius": 0.03778900187602073,
            "heigth": 0.3126651871237902
        }
    ],
    "target": [
        [
            1.0,
            0.0,
            0.0,
            1.1534894704818726
        ],
        [
            0.0,
            -0.9999999999999961,
            -8.742277974564334e-08,
            -0.001123561873100698
        ],
        [
            0.0,
            8.742277974564332e-08,
            -0.9999999999999961,
            0.6583824157714844
        ],
        [
            0.0,
            0.0,
            0.0,
            1.0
        ]
    ],
    "robot_base": [
        [
            1.0,
            0.0,
            0.0,
            0.0
        ],
        [
            0.0,
            1.0,
            0.0,
            0.16800435458727758
        ],
        [
            0.0,
            0.0,
            1.0,
            0.0
        ],
        [
            0.0,
            0.0,
            0.0,
            1.0
        ]
    ]
}