{
    "cubes": [
        {
            "position": [
                1.5,
                0.0,
                0.5631523196477362
            ],
            "scale": [
                0.5,
                2.0,
                0.03
            ]
        }
    ],
    "cylinders": [
        {
            "position": [
                1.008164109446714,
                -0.0468325214196284,
                0.5
            ],
            "radius": 0.024135529569413304,
            "heigth": 0.15395383009645153
        },
        {
            "position": [
                1.0667682248498658,
                -0.23309730707078774,
                0.5
            ],
            "radius": 0.06255256740202432,
            "heigth": 0.37256553833763667
        },
        {
            "position": [
                1.0942247594108006,
                0.23540362135170734,
                0.5
            ],
            "radius": 0.05172129491768071,
            "heigth": 0.36990673836554044
        },
        {
            "position": [
                1.0422753469681985,
                -0.15073027245092513,
                0.5
            ],
            "radius": 0.052002765747719254,
            "heigth": 0.36723719601208266
        }
    ],
    "target": [
        [
            1.0,
            0.0,
            0.0,
            1.1534894704818726
        ],
        [
            0.0,
            -0.9999999999999961,
            -8.742277974564334e-08,
            -0.001123561873100698
        ],
        [
            0.0,
            8.742277974564332e-08,
            -0.9999999999999961,
            0.6583824157714844
        ],
        [
            0.0,
            0.0,
            0.0,
            1.0
        ]
    ],
    "robot_base": [
        [
            1.0,
            0.0,
            0.0,
            0.0
        ],
        [
            0.0,
            1.0,
            0.0,
            -0.0011682140251290107
        ],
        [
            0.0,
            0.0,
            1.0,
            0.0
        ],
        [
            0.0,
            0.0,
            0.0,
            1.0
        ]
    ]
}