{
    "cubes": [
        {
            "position": [
                1.5,
                0.0,
                0.4779639220132077
            ],
            "scale": [
                0.5,
                2.0,
                0.03
            ]
        }
    ],
    "cylinders": [
        {
            "position": [
                1.1589691965414128,
                0.24349372541034353,
                0.5
            ],
            "radius": 0.04362863476052316,
            "heigth": 0.31943939533127436
        },
        {
            "position": [
                1.049850697572647,
                -0.2240089095876911,
                0.5
            ],
            "radius": 0.047929384101236996,
            "heigth": 0.4393103643947757
        },
        {
            "position": [
                1.0697979816715597,
                -0.18617831141638874,
                0.5
            ],
            "radius": 0.037615982928252065,
            "heigth": 0.20802961001158704
        },
        {
            "position": [
                1.0802892176285825,
                -0.2426420465738215,
                0.5
            ],
            "radius": 0.0460307568031427,
            "heigth": 0.4265676426693875
        }
    ],
    "target": [
        [
            1.0,
            0.0,
            0.0,
            1.1534894704818726
        ],
        [
            0.0,
            -0.9999999999999961,
            -8.742277974564334e-08,
            -0.001123561873100698
        ],
        [
            0.0,
            8.742277974564332e-08,
            -0.9999999999999961,
            0.6583824157714844
        ],
        [
            0.0,
            0.0,
            0.0,
            1.0
        ]
    ],
    "robot_base": [
        [
            1.0,
            0.0,
            0.0,
            0.0
        ],
        [
            0.0,
            1.0,
            0.0,
            -0.41561586285518515
        ],
        [
            0.0,
            0.0,
            1.0,
            0.0
        ],
        [
            0.0,
            0.0,
            0.0,
            1.0
        ]
    ]
}