{
    "cubes": [
        {
            "position": [
                1.5,
                0.0,
                0.5426394203578018
            ],
            "scale": [
                0.5,
                2.0,
                0.03
            ]
        }
    ],
    "cylinders": [
        {
            "position": [
                1.0798281838328334,
                -0.18669810723492464,
                0.5
            ],
            "radius": 0.07579917459452952,
            "heigth": 0.24650574396036895
        },
        {
            "position": [
                1.0161869272408155,
                0.22633380827355065,
                0.5
            ],
            "radius": 0.07056074648762048,
            "heigth": 0.27803231789119587
        },
        {
            "position": [
                1.0789429159159996,
                0.20049537143782498,
                0.5
            ],
            "radius": 0.05811229111543895,
            "heigth": 0.15169291138854962
        },
        {
            "position": [
                1.0299567079747893,
                0.22183086125799156,
                0.5
            ],
            "radius": 0.0529908464152746,
            "heigth": 0.152110499091818
        }
    ],
    "target": [
        [
            1.0,
            0.0,
            0.0,
            1.1534894704818726
        ],
        [
            0.0,
            -0.9999999999999961,
            -8.742277974564334e-08,
            -0.001123561873100698
        ],
        [
            0.0,
            8.742277974564332e-08,
            -0.9999999999999961,
            0.6583824157714844
        ],
        [
            0.0,
            0.0,
            0.0,
            1.0
        ]
    ],
    "robot_base": [
        [
            1.0,
            0.0,
            0.0,
            0.0
        ],
        [
            0.0,
            1.0,
            0.0,
            -0.2206894309605344
        ],
        [
            0.0,
            0.0,
            1.0,
            0.0
        ],
        [
            0.0,
            0.0,
            0.0,
            1.0
        ]
    ]
}