{
    "cubes": [
        {
            "position": [
                1.5,
                0.0,
                0.432511144440756
            ],
            "scale": [
                0.5,
                2.0,
                0.03
            ]
        }
    ],
    "cylinders": [
        {
            "position": [
                1.0357445389658089,
                0.22434176290322783,
                0.5
            ],
            "radius": 0.034411666237202966,
            "heigth": 0.416511669527241
        },
        {
            "position": [
                1.1716307688326832,
                0.20270176266497447,
                0.5
            ],
            "radius": 0.07350425023457098,
            "heigth": 0.4485248011440743
        },
        {
            "position": [
                1.1261242763879153,
                0.2411340634393056,
                0.5
            ],
            "radius": 0.06815149031536256,
            "heigth": 0.2409672083978197
        },
        {
            "position": [
                1.031032014307008,
                -0.12024259853978492,
                0.5
            ],
            "radius": 0.029742281653133563,
            "heigth": 0.35819861999744584
        }
    ],
    "target": [
        [
            1.0,
            0.0,
            0.0,
            1.1534894704818726
        ],
        [
            0.0,
            -0.9999999999999961,
            -8.742277974564334e-08,
            -0.001123561873100698
        ],
        [
            0.0,
            8.742277974564332e-08,
            -0.9999999999999961,
            0.6583824157714844
        ],
        [
            0.0,
            0.0,
            0.0,
            1.0
        ]
    ],
    "robot_base": [
        [
            1.0,
            0.0,
            0.0,
            0.0
        ],
        [
            0.0,
            1.0,
            0.0,
            0.30203910339767803
        ],
        [
            0.0,
            0.0,
            1.0,
            0.0
        ],
        [
            0.0,
            0.0,
            0.0,
            1.0
        ]
    ]
}